current_tariff,arpu_segment,target_tariff,source,n_history,pct_hist_raw,conv_hist_raw,pct_prior,pct_sd,pct_sd_total,conv_prior,conv_sd,conv_expected,base_prior,base_sd,dprice,pct_mock_fallback,p_positive,n_customers,arpu_mean,ratio_push,ratio_sd_push,ev_contact_push,prior_equiv_pilot_n_push,ratio_sms,ratio_sd_sms,ev_contact_sms,prior_equiv_pilot_n_sms,ratio_digital_ads,ratio_sd_digital_ads,ev_contact_digital_ads,prior_equiv_pilot_n_digital_ads,ratio_call,ratio_sd_call,ev_contact_call,prior_equiv_pilot_n_call,best_channel_prior,best_ev_contact_prior
tariff_8,HIGH,tariff_21,history_sparse,1,-0.2095471869755478,0.0011160714285714285,-0.16401667949074242,0.1073858405684939,0.18447687864499981,0.0009486093846131872,0.0010689367942974968,0.0010749152567391073,-0.00017630403114428725,0.0004172634257773801,0.05291005291005291,0.021164021164021163,0.1869771649319072,4726,7826.514594250844,-8.815201557214362e-05,0.00020863171288869006,-0.6899230363880098,14850854.739279315,-0.00011459762024378671,0.0002712212267552971,-4.896899947304413,8787488.011407878,-0.00014985842647264417,0.0003546739119107731,-23.172869161859616,5138704.062034365,-0.0002115648373731447,0.0005007161109328561,-161.65581528733122,2578273.3922359925,push,-0.6899230363880098
tariff_8,HIGH,tariff_11,history,133,0.026516215026024213,0.1484375,-0.017401215655526273,0.0429384251593289,0.1560247043104498,0.15199901101375043,0.012466167676749481,0.1722374441979188,-0.0029971409104446577,0.03059666861884357,0.582010582010582,0.2328042328042328,0.4555985967761764,4726,7826.514594250844,-0.0014985704552223289,0.015298334309421785,-11.728583538310689,2762.0008196944614,-0.0019481415917890275,0.01988783460224832,-19.247158599803896,1634.3200116535277,-0.0025475697738779586,0.026007168326017033,-41.938592015128165,955.7096261918552,-0.0035965690925335893,0.03671600234261228,-188.14860049194564,479.5140311969551,push,-11.728583538310689
tariff_8,HIGH,tariff_12,history,113,0.028348292100101386,0.12611607142857142,-0.10387957579494936,0.04557881640278981,0.15677189960155238,0.1424954723658327,0.012137609115539766,0.16146852408037005,-0.016773281785705405,0.03018746788744304,1.111111111111111,0.4444444444444444,0.2537882462904433,4726,7826.514594250844,-0.008386640892852702,0.01509373394372152,-65.6381673446526,2837.387927783861,-0.010902633160708514,0.019621854126837975,-89.3296175480484,1678.927767919444,-0.014257289517849596,0.025659347704326582,-133.58488448590944,981.7951307210592,-0.020127938142846486,0.03622496146493164,-317.53160162716625,492.6020707958093,push,-65.6381673446526
tariff_8,HIGH,tariff_14,unseen_target,0,,,-0.13557038547867412,0.2597004191905647,0.29990716518241944,0.09221311475409837,0.0,0.12698924056376656,-0.017215980294873912,0.05492257160137011,0.24867724867724855,0.09947089947089943,0.32561966228000827,4726,7826.514594250844,-0.008607990147436956,0.027461285800685055,-67.37056051608282,857.1767078587409,-0.011190387191668044,0.03569967154089057,-91.58172867090767,507.2051525791366,-0.014633583250642825,0.046684185861164594,-136.52995287734078,296.60093697534285,-0.020659176353848695,0.06590708592164413,-321.6893452385988,148.8154006699203,push,-67.37056051608282
tariff_8,HIGH,tariff_19,unseen_target,0,,,-0.14673065186406822,0.2393487056702478,0.28246734838919507,0.09221311475409837,0.0,0.12698924056376656,-0.018633214047644443,0.05245396181312356,0.16402116402116396,0.06560846560846559,0.3017197986755728,4726,7826.514594250844,-0.009316607023822221,0.02622698090656178,-72.91656084084454,939.7568441900336,-0.01211158913096889,0.03409507517853032,-98.7915290930979,556.0691385739843,-0.015838231940497775,0.044585867541155025,-145.9581534294357,325.17537861246836,-0.02235985685717333,0.06294475417574827,-334.9997460180269,163.15222989410307,push,-72.91656084084454
tariff_8,HIGH,tariff_20,unseen_target,0,,,-0.15440333500402667,0.22561723543200618,0.27093013291987533,0.09221311475409837,0.0,0.12698924056376656,-0.019607562252674182,0.05088769587748434,0.10582010582010581,0.042328042328042326,0.2843724466801385,4726,7826.514594250844,-0.009803781126337091,0.02544384793874217,-76.72943606411822,998.4964259023292,-0.01274491546423822,0.03307700232036482,-103.74826688335371,590.8262875161711,-0.016666427914773053,0.043254541495861686,-152.44004130900097,345.5004933918094,-0.023529074703209016,0.061065235052981205,-344.1506465538837,173.35007394137656,push,-76.72943606411822
tariff_8,HIGH,tariff_18,unseen_target,0,,,-0.16137850149489802,0.21335809025132002,0.26080965219042496,0.09221311475409837,0.0,0.12698924056376656,-0.020493333348155767,0.04956630586830286,0.05291005291005291,0.021164021164021163,0.2680373380774731,4726,7826.514594250844,-0.010246666674077884,0.02478315293415143,-80.19568626709432,1052.443969004916,-0.01332066667630125,0.032218098814396856,-108.25439214722262,622.7479106537967,-0.0174193333459324,0.04213135998805743,-158.33266665406032,364.16746332350044,-0.02459200001778692,0.05947956704196343,-352.46964704102635,182.71596684113126,push,-80.19568626709432
tariff_8,HIGH,tariff_5,unseen_target,0,,,-0.16835366798576934,0.20135257540262813,0.25108337185339663,0.09221311475409837,0.0,0.12698924056376656,-0.02137910444363735,0.04835080895192587,0.0,0.0,0.2512666761590585,4726,7826.514594250844,-0.010689552221818674,0.024175404475962933,-83.66193647007039,1106.0241238294327,-0.013896417888364277,0.031428025818751815,-112.76051741109151,654.4521442777706,-0.018172238777091745,0.041098187609136985,-164.22529199911966,382.7073092835407,-0.025654925332364818,0.05802097074231104,-360.78864752816895,192.01807705372093,push,-83.66193647007039
tariff_8,HIGH,tariff_6,unseen_target,0,,,-0.16835366798576934,0.20135257540262813,0.25108337185339663,0.09221311475409837,0.0,0.12698924056376656,-0.02137910444363735,0.04835080895192587,0.0,0.0,0.2512666761590585,4726,7826.514594250844,-0.010689552221818674,0.024175404475962933,-83.66193647007039,1106.0241238294327,-0.013896417888364277,0.031428025818751815,-112.76051741109151,654.4521442777706,-0.018172238777091745,0.041098187609136985,-164.22529199911966,382.7073092835407,-0.025654925332364818,0.05802097074231104,-360.78864752816895,192.01807705372093,push,-83.66193647007039
tariff_8,HIGH,tariff_7,unseen_target,0,,,-0.16835366798576934,0.20135257540262813,0.25108337185339663,0.09221311475409837,0.0,0.12698924056376656,-0.02137910444363735,0.04835080895192587,0.0,0.0,0.2512666761590585,4726,7826.514594250844,-0.010689552221818674,0.024175404475962933,-83.66193647007039,1106.0241238294327,-0.013896417888364277,0.031428025818751815,-112.76051741109151,654.4521442777706,-0.018172238777091745,0.041098187609136985,-164.22529199911966,382.7073092835407,-0.025654925332364818,0.05802097074231104,-360.78864752816895,192.01807705372093,push,-83.66193647007039
tariff_8,HIGH,tariff_10,history,283,0.02036121921279958,0.3158482142857143,-0.057928960614862655,0.030703724736800758,0.15311015221961355,0.33018858215132457,0.016329455459642685,0.37415268108510213,-0.02167427592652415,0.06602319091945652,0.26455026455026454,0.10582010582010581,0.3525859471735585,4726,7826.514594250844,-0.010837137963262074,0.03301159545972826,-84.8170184293805,593.1698504647112,-0.014088279352240697,0.04291507409764674,-114.26212395819465,350.9880771980539,-0.018423134537545526,0.05611971228153804,-166.18893132994685,205.24908320578248,-0.026009131111828978,0.07922782910334782,-363.5608442305132,102.98087681679019,push,-84.8170184293805
tariff_8,HIGH,tariff_3,unseen_target,0,,,-0.17532883447664066,0.18964886438026254,0.24179886633465264,0.09221311475409837,0.0,0.12698924056376656,-0.02226487553911893,0.047249378179461565,-0.05291005291005291,-0.021164021164021163,0.23419473777855127,4726,7826.514594250844,-0.011132437769559465,0.023624689089730783,-87.12818667304647,1158.1902218519479,-0.014472169100427305,0.03071209581665002,-117.26664267496042,685.3196579005607,-0.018925144208251088,0.04016197145254233,-170.11791734417898,400.7578622325079,-0.026717850646942716,0.05669925381535387,-369.1076480153115,201.07469129374095,push,-87.12818667304647
tariff_8,HIGH,tariff_17,unseen_target,0,,,-0.18927916745838333,0.16739861893469177,0.2247716566234323,0.09221311475409837,0.0,0.12698924056376656,-0.024036417730082096,0.04542105956403987,-0.15873015873015872,-0.06349206349206349,0.1998672911863245,4726,7826.514594250844,-0.012018208865041048,0.022710529782019935,-94.06068707899864,1253.3072926896577,-0.015623671524553365,0.029523688716625918,-126.27889320269824,741.6019483370754,-0.02043095507056978,0.03860790062943389,-181.90316803429766,433.6703434912311,-0.028843701276098515,0.05450527147684784,-385.7456489895967,217.58807164751008,push,-94.06068707899864
tariff_8,HIGH,tariff_9,no_history_for_cell,0,,,-0.203229500440126,0.11045316698496423,0.18627909731638811,0.09221311475409837,0.0,0.12698924056376656,-0.025807959921045263,0.040722651822335226,-0.26455026455026454,-0.10582010582010581,0.13763761615770997,4726,7826.514594250844,-0.012903979960522631,0.020361325911167613,-100.99318748495081,1559.1933958106786,-0.016775173948679424,0.026469723684517898,-135.2911437304361,922.5996424915256,-0.021936765932888472,0.03461425404898494,-193.68841872441635,539.5132857476397,-0.030969551905254314,0.04886718218680227,-402.3836499638819,270.6932978837983,push,-100.99318748495081
tariff_8,HIGH,tariff_16,unseen_target,0,,,-0.203229500440126,0.1472701336226976,0.21021059025949954,0.09221311475409837,0.0,0.12698924056376656,-0.025807959921045263,0.044142104822414076,-0.26455026455026454,-0.10582010582010581,0.16682450763869938,4726,7826.514594250844,-0.012903979960522631,0.022071052411207038,-100.99318748495081,1326.9849989696067,-0.016775173948679424,0.02869236813456915,-135.2911437304361,785.1982242423708,-0.021936765932888472,0.03752078909905197,-193.68841872441635,459.1643595050541,-0.030969551905254314,0.05297052578689689,-402.3836499638819,230.37934009889,push,-100.99318748495081
tariff_8,HIGH,tariff_15,unseen_target,0,,,-0.22415499991274,0.12331925301951549,0.19418454666963406,0.09221311475409837,0.0,0.12698924056376656,-0.02846527320749001,0.04335448986249718,-0.4232804232804233,-0.16931216931216933,0.12418039082723675,4726,7826.514594250844,-0.014232636603745005,0.02167724493124859,-111.39193809387905,1375.6372523593434,-0.01850242758486851,0.02818041841062317,-148.8095195220428,813.9865398575995,-0.024195482226366506,0.036851316383122605,-211.36629475959438,475.99904925928826,-0.034158327848988014,0.05202538783499661,-427.3406514253097,238.82591186794156,push,-111.39193809387905
tariff_8,HIGH,tariff_2,unseen_target,0,,,-0.23043264975452418,0.11819487198245548,0.19097127470629985,0.09221311475409837,0.0,0.12698924056376656,-0.029262467193423437,0.04339375523640088,-0.47089947089947093,-0.1883597883597884,0.11378634485184091,4726,7826.514594250844,-0.014631233596711719,0.02169687761820044,-114.51156327655754,1373.1488540749897,-0.019020603675725237,0.028205940903660572,-152.8650322595248,812.514114837272,-0.02487309711440992,0.03688469195094075,-216.6696575701478,475.1380117906539,-0.03511496063210812,0.05207250628368105,-434.82775186373806,238.39389827690803,push,-114.51156327655754
tariff_8,HIGH,tariff_1,history,49,-0.6157046376089554,0.0546875,-0.4902122852416496,0.06348214883130916,0.16288027265522514,0.05620770283628016,0.007997431631156375,0.06369167151937073,-0.031222439846371217,0.021052494030462155,-1.0,-0.4,0.0013077531228015138,4726,7826.514594250844,-0.015611219923185609,0.010526247015231078,-122.18144056287171,5833.980632994853,-0.020294585900141292,0.013684121119800401,-162.83587273173322,3452.0595461508005,-0.026539073869415532,0.01789461992589283,-229.70844895688188,2018.6784197214022,-0.03746692781564546,0.025262992836554584,-453.2354573508921,1012.8438598949399,push,-122.18144056287171
tariff_8,HIGH,tariff_4,history,204,-0.18148596560581176,0.22767857142857142,-0.20023089118129303,0.03500611688416926,0.15403060805991814,0.2021547842887172,0.013944910722248112,0.22907138109681785,-0.04586716678114544,0.04708029343124211,-0.21164021164021163,-0.08465608465608465,0.09681038597612823,4726,7826.514594250844,-0.02293358339057272,0.023540146715621053,-179.49002510478616,1166.5242378501541,-0.02981365840774454,0.03060219073030737,-237.33703263622203,690.2510283137005,-0.03898709176397362,0.04001824941655579,-327.13304267813646,403.64160479244094,-0.05504060013737453,0.056496352117490524,-590.7760602514868,202.52156907120732,push,-179.49002510478616
tariff_8,HIGH,tariff_13,history,113,-0.45619713327476635,0.12611607142857142,-0.44385707025921906,0.04606287016973755,0.15691331367437913,0.11599898425313691,0.011119055008710391,0.13144406956376525,-0.05834237961952183,0.03947380518736355,-0.4761904761904762,-0.1904761904761905,0.002337042844107018,4726,7826.514594250844,-0.029171189809760915,0.019736902593681774,-228.3087427777553,1659.411524632946,-0.0379225467526892,0.025657973371786307,-300.80136561108196,981.9003104336958,-0.04959102267659355,0.033552734409259016,-410.124862722184,574.1908389733377,-0.07001085554342619,0.047368566224836255,-707.9409826666127,288.0922785821088,push,-228.3087427777553
tariff_10,HIGH,tariff_12,history,91,-0.06670828714094874,0.1346153846153846,-0.0690445071241613,0.04793840436016407,0.15747409505248347,0.14666423009911617,0.012464668778301541,0.16619234545705056,-0.011474668579890402,0.0304043747790893,0.8465608465608465,0.3386243386243386,0.3305300766240092,2950,8200.215742682512,-0.005737334289945201,0.01520218738954465,-47.04737896544083,2797.048096912405,-0.007458534576928762,0.019762843606408047,-65.1615926550731,1655.058045510299,-0.009753468292906842,0.025843718562225906,-101.98054424124942,967.8367117343963,-0.013769602295868481,0.03648524973490716,-272.913709517058,485.5986279361815,push,-47.04737896544083
tariff_10,HIGH,tariff_1,history_sparse,17,-0.5760149289791726,0.02514792899408284,-0.44298105919164066,0.08395511436006725,0.17189665856907158,0.02363586824220594,0.005352422063808844,0.02678294753554699,-0.011864338467570748,0.008823862657601255,-1.2645502645502644,-0.5058201058201058,0.0049828149071655115,2950,8200.215742682512,-0.005932169233785374,0.004411931328800627,-48.64506753914368,33208.90909367363,-0.007711820003920986,0.005735510727440816,-67.23858780088679,19650.242067262505,-0.010084687697435134,0.007500283258961066,-104.69661481654424,11490.972004731362,-0.014237206161084898,0.010588635189121506,-276.74816209394487,5765.435606540562,push,-48.64506753914368
tariff_10,HIGH,tariff_13,history,33,-0.34880363061054087,0.04881656804733728,-0.3437363520879604,0.06946396460631288,0.16530348568262887,0.04515948426037126,0.007316419017106557,0.05117239973093538,-0.017589814011098652,0.013877856283894954,-0.7407407407407407,-0.2962962962962963,0.018789110281662857,2950,8200.215742682512,-0.008794907005549326,0.006938928141947477,-72.1201348823343,13425.402576276712,-0.011433379107214125,0.00902060658453172,-97.7561753470346,7944.025193063144,-0.014951341909433855,0.01179617784131071,-144.60422929996832,4645.468019472911,-0.021107776813318383,0.016653427540673945,-333.0883237176023,2330.7990583813735,push,-72.1201348823343
tariff_10,HIGH,tariff_14,unseen_target,0,,,-0.17044621793303075,0.19780730852966524,0.24824933294522702,0.09221311475409837,0.0,0.12698924056376656,-0.021644835772281823,0.04800802983653243,-0.015873015873015994,-0.006349206349206398,0.24616966653930566,2950,8200.215742682512,-0.010822417886140911,0.024004014918266214,-88.7461615238215,1121.8746156966854,-0.014069143251983187,0.03120521939374608,-119.37000998096796,663.8311335483346,-0.018398110406439547,0.04080682536105256,-172.86847459049653,388.19190854556604,-0.025973802926738187,0.05760963580383891,-372.9907876571716,194.76989855845238,push,-88.7461615238215
tariff_10,HIGH,tariff_11,history,134,-0.05780110432062552,0.19822485207100593,-0.08942353560612415,0.04084717520360597,0.15546218743512547,0.21963146608143025,0.01458665861336247,0.24887505603497181,-0.022255287434819446,0.04554233865949949,0.31746031746031744,0.12698412698412698,0.2825743558292588,2950,8200.215742682512,-0.011127643717409723,0.022771169329749746,-91.24907919046537,1246.6410743290614,-0.014465936832632639,0.029602520128674672,-122.62380294760496,737.6574404313974,-0.018916994319596526,0.038710987860574565,-177.1234346237911,431.3636935394677,-0.026706344921783334,0.05465080639139939,-378.99779005711684,216.43074207101765,push,-91.24907919046537
tariff_10,HIGH,tariff_19,unseen_target,0,,,-0.18160648431842488,0.1794224178774501,0.23386407171044962,0.09221311475409837,0.0,0.12698924056376656,-0.023062069525052357,0.04636235404601125,-0.10052910052910058,-0.04021164021164023,0.21871298882784102,2950,8200.215742682512,-0.011531034762526178,0.023181177023005626,-94.55697278908647,1202.9321456044302,-0.014990345191284034,0.030135530129907315,-126.92406462581243,711.7941689967041,-0.0196027590962945,0.039408000939109566,-182.74685374144698,416.23949674893777,-0.02767448343006283,0.055634824855213504,-386.9367346938076,208.842386389658,push,-94.55697278908647
tariff_10,HIGH,tariff_20,unseen_target,0,,,-0.18927916745838333,0.16739861893469177,0.2247716566234323,0.09221311475409837,0.0,0.12698924056376656,-0.024036417730082096,0.04542105956403987,-0.15873015873015872,-0.06349206349206349,0.1998672911863245,2950,8200.215742682512,-0.012018208865041048,0.022710529782019935,-98.55190553395613,1253.3072926896577,-0.015623671524553365,0.029523688716625918,-132.117477194143,741.6019483370754,-0.02043095507056978,0.03860790062943389,-189.5382394077254,433.6703434912311,-0.028843701276098515,0.05450527147684784,-396.5245732814947,217.58807164751008,push,-98.55190553395613
tariff_10,HIGH,tariff_18,unseen_target,0,,,-0.19625433394925465,0.1570161499410456,0.2171498822065278,0.09221311475409837,0.0,0.12698924056376656,-0.024922188825563678,0.044709490641855816,-0.21164021164021163,-0.08465608465608465,0.18305772770860906,2950,8200.215742682512,-0.012461094412781839,0.022354745320927908,-102.18366257474673,1293.5185003720787,-0.016199422736616394,0.02906116891720628,-136.8387613471708,765.3955623503425,-0.021183860501729126,0.038003067045577446,-195.71222637706944,447.5842561841103,-0.029906626590676413,0.05365138877022698,-405.24079017939215,224.5691840923748,push,-102.18366257474673
tariff_10,HIGH,tariff_21,no_history_for_cell,0,,,-0.19625433394925465,0.11045316698496423,0.18627909731638811,0.09221311475409837,0.0,0.12698924056376656,-0.024922188825563678,0.040225001363567374,-0.21164021164021163,-0.08465608465608465,0.14604450667004332,2950,8200.215742682512,-0.012461094412781839,0.020112500681783687,-102.18366257474673,1598.0116967599329,-0.016199422736616394,0.026146250886318795,-136.8387613471708,945.5690513372382,-0.021183860501729126,0.034191251159032265,-195.71222637706944,552.9452237923643,-0.029906626590676413,0.04827000163628085,-405.24079017939215,277.4325862430439,push,-102.18366257474673
tariff_10,HIGH,tariff_5,unseen_target,0,,,-0.203229500440126,0.1472701336226976,0.21021059025949954,0.09221311475409837,0.0,0.12698924056376656,-0.025807959921045263,0.044142104822414076,-0.26455026455026454,-0.10582010582010581,0.16682450763869938,2950,8200.215742682512,-0.012903979960522631,0.022071052411207038,-105.81541961553735,1326.9849989696067,-0.016775173948679424,0.02869236813456915,-141.56004550019858,785.1982242423708,-0.021936765932888472,0.03752078909905197,-201.88621334641348,459.1643595050541,-0.030969551905254314,0.05297052578689689,-413.95700707728963,230.37934009889,push,-105.81541961553735
tariff_10,HIGH,tariff_6,unseen_target,0,,,-0.203229500440126,0.1472701336226976,0.21021059025949954,0.09221311475409837,0.0,0.12698924056376656,-0.025807959921045263,0.044142104822414076,-0.26455026455026454,-0.10582010582010581,0.16682450763869938,2950,8200.215742682512,-0.012903979960522631,0.022071052411207038,-105.81541961553735,1326.9849989696067,-0.016775173948679424,0.02869236813456915,-141.56004550019858,785.1982242423708,-0.021936765932888472,0.03752078909905197,-201.88621334641348,459.1643595050541,-0.030969551905254314,0.05297052578689689,-413.95700707728963,230.37934009889,push,-105.81541961553735
tariff_10,HIGH,tariff_7,unseen_target,0,,,-0.203229500440126,0.1472701336226976,0.21021059025949954,0.09221311475409837,0.0,0.12698924056376656,-0.025807959921045263,0.044142104822414076,-0.26455026455026454,-0.10582010582010581,0.16682450763869938,2950,8200.215742682512,-0.012903979960522631,0.022071052411207038,-105.81541961553735,1326.9849989696067,-0.016775173948679424,0.02869236813456915,-141.56004550019858,785.1982242423708,-0.021936765932888472,0.03752078909905197,-201.88621334641348,459.1643595050541,-0.030969551905254314,0.05297052578689689,-413.95700707728963,230.37934009889,push,-105.81541961553735
tariff_10,HIGH,tariff_3,unseen_target,0,,,-0.21020466693099732,0.1382951928523079,0.2040234309241393,0.09221311475409837,0.0,0.12698924056376656,-0.026693731016526844,0.04372451538915503,-0.31746031746031744,-0.12698412698412698,0.15143537462928913,2950,8200.215742682512,-0.013346865508263422,0.021862257694577517,-109.44717665632794,1352.4526814185053,-0.01735092516074245,0.028420935002950773,-146.28132965322635,800.267858827518,-0.022689671364047818,0.03716583808078178,-208.0602003157575,467.97670637318527,-0.03203247721983221,0.05246941846698604,-422.67322397518706,234.80081274626835,push,-109.44717665632794
tariff_10,HIGH,tariff_17,unseen_target,0,,,-0.22415499991273996,0.12331925301951549,0.19418454666963406,0.09221311475409837,0.0,0.12698924056376656,-0.028465273207490007,0.04335448986249718,-0.42328042328042326,-0.1693121693121693,0.12418039082723681,2950,8200.215742682512,-0.014232636603745004,0.02167724493124859,-116.71069073790915,1375.6372523593434,-0.018502427584868506,0.02818041841062317,-155.7238979592819,813.9865398575995,-0.024195482226366506,0.036851316383122605,-220.40817425444556,475.99904925928826,-0.03415832784898801,0.05202538783499661,-440.10565777098196,238.82591186794156,push,-116.71069073790915
tariff_10,HIGH,tariff_9,no_history_for_cell,0,,,-0.23810533289448263,0.11045316698496423,0.18627909731638811,0.09221311475409837,0.0,0.12698924056376656,-0.030236815398453173,0.043368809815555874,-0.5291005291005291,-0.21164021164021163,0.10058624990997977,2950,8200.215742682512,-0.015118407699226587,0.021684404907777937,-123.97420481949035,1374.7289586457005,-0.019653930008994566,0.02818972638011132,-165.16646626533748,813.4490879560358,-0.025701293088685195,0.03686348834322249,-232.75614819313358,475.68476077705907,-0.03628417847814381,0.05204257177866705,-457.53809156677687,238.66822198710082,push,-123.97420481949035
tariff_10,HIGH,tariff_16,unseen_target,0,,,-0.23810533289448263,0.11357950845117995,0.18814968705796897,0.09221311475409837,0.0,0.12698924056376656,-0.030236815398453173,0.043615068372260306,-0.5291005291005291,-0.21164021164021163,0.10284426162962734,2950,8200.215742682512,-0.015118407699226587,0.021807534186130153,-123.97420481949035,1359.248847927804,-0.019653930008994566,0.0283497944419692,-165.16646626533748,804.2892591288783,-0.025701293088685195,0.03707280811642126,-232.75614819313358,470.32832108228513,-0.03628417847814381,0.052338082046712364,-457.53809156677687,235.9807027652438,push,-123.97420481949035
tariff_10,HIGH,tariff_15,unseen_target,0,,,-0.2590308323670966,0.11162060094860944,0.1869736841272822,0.09221311475409837,0.0,0.12698924056376656,-0.032894128684897925,0.04515722544257203,-0.6878306878306879,-0.2751322751322752,0.08296714649840448,2950,8200.215742682512,-0.016447064342448962,0.022578612721286015,-134.8694759418622,1267.9951390816734,-0.02138118364518365,0.02935219653767182,-179.33031872442083,750.2929817051321,-0.027960009382163233,0.038383641626186224,-251.27810910116568,438.75264328085575,-0.03947295442187751,0.05418867053108643,-483.68674226046926,220.13804497945716,push,-134.8694759418622
tariff_10,HIGH,tariff_2,unseen_target,0,,,-0.2653084822088808,0.11416418232619356,0.18850321091750233,0.09221311475409837,0.0,0.12698924056376656,-0.033691322670831345,0.04587292824958486,-0.7354497354497355,-0.2941798941798942,0.07964728139725952,2950,8200.215742682512,-0.016845661335415672,0.02293646412479243,-138.1380572785737,1228.7376374247667,-0.021899359736040378,0.02981740336223016,-183.57947446214587,727.0636907838857,-0.028637624270206642,0.03899198901214713,-256.8346973735753,425.16873267292976,-0.04042958720499761,0.05504751389950183,-491.5313374685769,213.32250649735533,push,-138.1380572785737
tariff_10,HIGH,tariff_4,history,77,-0.3452035415120567,0.11390532544378698,-0.3350163999354722,0.05143218897915469,0.15857260186800076,0.1055569290391983,0.01082625841725453,0.11961167085125232,-0.04007187135885321,0.030733598958095215,-0.47619047619047616,-0.19047619047619047,0.017313209376447924,2950,8200.215742682512,-0.020035935679426606,0.015366799479047608,-164.2989951778083,2737.4440347460272,-0.02604671638325459,0.01997683932276189,-217.58869373115078,1619.7893696722053,-0.03406109065502523,0.026123559114380933,-301.3082918022741,947.2124687702517,-0.04808624563062386,0.03688031874971426,-554.3175884267399,475.2507004767408,push,-164.2989951778083
tariff_10,HIGH,tariff_8,history,324,-0.1336522200628443,0.47928994082840237,-0.15077491357592762,0.02790249933315104,0.15257309549536083,0.45934394891818003,0.0175585317671489,0.520504885142243,-0.07847907907316982,0.09935147974453466,-0.26455026455026454,-0.10582010582010581,0.16152385501196187,2950,8200.215742682512,-0.03923953953658491,0.04967573987226733,-321.77268984351645,261.953019602475,-0.051011401397560385,0.06457846183394754,-422.3044967965714,155.00178674702667,-0.06670721721219436,0.08444875778285446,-569.0135727339781,90.64118325345162,-0.09417489488780378,0.11922177569344158,-932.2544556244394,45.477954792096384,push,-321.77268984351645
tariff_4,HIGH,tariff_12,history_sparse,19,0.0062754657121450105,0.0389344262295082,-0.02025585394594128,0.08095846655497575,0.17045314108849133,0.0392897162153807,0.008965337996549253,0.044521081150893246,-0.0009018125173078929,0.008836384233274744,1.3227513227513226,0.5291005291005291,0.4527029119317746,2108,7492.467633637685,-0.00045090625865394646,0.004418192116637372,-3.3784005487693562,33114.85857858235,-0.0005861781362501305,0.005743649751628584,-8.391920713400165,19594.590874900798,-0.0007665406397117091,0.007510926598283532,-27.743280932907908,11458.428573903928,-0.0010821750207694715,0.010603661079929693,-168.10816131704647,5749.107392114991,push,-3.3784005487693562
tariff_4,HIGH,tariff_11,history,32,-0.1561757017885994,0.06557377049180328,-0.11898039775194728,0.07181506416514477,0.1663051515769847,0.06287853499241214,0.01120160235385226,0.07125071465776012,-0.008477438370090799,0.014468892922641806,0.7936507936507936,0.31746031746031744,0.23717038436214383,2108,7492.467633637685,-0.004238719185045399,0.007234446461320903,-31.75846630203176,12350.98185045164,-0.005510334940559019,0.009404780399717174,-45.28600619264129,7308.273284290913,-0.00720582261457718,0.012298558984245535,-75.98939271345401,4273.69614202479,-0.010172926044108958,0.017362671507170167,-236.22031912487623,2144.2676823700767,push,-31.75846630203176
tariff_4,HIGH,tariff_14,unseen_target,0,,,-0.10766971951518879,0.3120019524833882,0.3461866813634609,0.09221311475409837,0.0,0.12698924056376656,-0.013672895912947581,0.061909939123612145,0.4603174603174602,0.18412698412698408,0.3778940944586101,2108,7492.467633637685,-0.006836447956473791,0.030954969561806073,-51.22186504292837,674.6077636100729,-0.008887382343415929,0.040241460430347896,-70.58842455580688,399.17619148525023,-0.011621961526005442,0.05262344825507032,-109.07717057297822,233.4282919065996,-0.016407475095537097,0.07429192694833457,-282.9324761030281,117.11940340452652,push,-51.22186504292837
tariff_4,HIGH,tariff_19,unseen_target,0,,,-0.11882998590058291,0.2908810263508717,0.3272793477916633,0.09221311475409837,0.0,0.12698924056376656,-0.015090129665718113,0.05899114879895553,0.3756613756613756,0.15026455026455024,0.3582709641325018,2108,7492.467633637685,-0.007545064832859057,0.029495574399477763,-56.53115405389441,743.0163685968753,-0.009808584282716774,0.038344246719321094,-77.49050027006274,439.65465597448235,-0.012826610215860394,0.0501424764791122,-118.10296189162048,257.0990894798876,-0.018108155598861735,0.07078937855874663,-295.6747697293466,128.9958973258464,push,-56.53115405389441
tariff_4,HIGH,tariff_20,unseen_target,0,,,-0.12650266904054136,0.27650580076349246,0.31457186437420015,0.09221311475409837,0.0,0.12698924056376656,-0.016064477870747853,0.05707646520697217,0.31746031746031744,0.12698412698412698,0.3437896331075176,2108,7492.467633637685,-0.008032238935373926,0.028538232603486084,-60.181290248933564,793.7028700197877,-0.010441910615986105,0.03709970238453191,-82.23567732361363,469.64666865076185,-0.013654806190135673,0.04851499542592634,-124.30819342318703,274.63767128712374,-0.01927737344489742,0.0684917582483666,-304.4350965974405,137.7956371562131,push,-60.181290248933564
tariff_4,HIGH,tariff_18,unseen_target,0,,,-0.13347783553141268,0.2635591144925236,0.30325468971160724,0.09221311475409837,0.0,0.12698924056376656,-0.016950248966229434,0.05540848412991343,0.26455026455026454,0.10582010582010581,0.32991389627505685,2108,7492.467633637685,-0.008475124483114717,0.027704242064956714,-63.49959588078733,842.2083659640715,-0.011017661828049133,0.03601551468444373,-86.54947464502354,498.3481455408707,-0.014407711621295017,0.04709721151042641,-129.94931299733844,291.42157991836393,-0.02034029875947532,0.06649018095589611,-312.3990301138896,146.21673020209576,push,-63.49959588078733
tariff_4,HIGH,tariff_21,no_history_for_cell,0,,,-0.13347783553141268,0.11045316698496423,0.18627909731638811,0.09221311475409837,0.0,0.12698924056376656,-0.016950248966229434,0.03631530439034835,0.26455026455026454,0.10582010582010581,0.2368266509878263,2108,7492.467633637685,-0.008475124483114717,0.018157652195174175,-63.49959588078733,1960.6167626396089,-0.011017661828049133,0.023604947853726427,-86.54947464502354,1160.128261916928,-0.014407711621295017,0.0308680087317961,-129.94931299733844,678.4141047195877,-0.02034029875947532,0.04357836526841802,-312.3990301138896,340.38485462493213,push,-63.49959588078733
tariff_4,HIGH,tariff_13,history,31,-0.46819692422276193,0.06352459016393443,-0.3639056442209648,0.06903675558931564,0.16512441861305344,0.042600202367682465,0.009319304416532996,0.048272353413273135,-0.01756658186691925,0.013859808174920732,-0.2645502645502646,-0.10582010582010584,0.013768258167847713,2108,7492.467633637685,-0.008783290933459625,0.006929904087460366,-65.80852303576957,13460.390202088256,-0.011418278213497512,0.009008875313698476,-89.55107994650044,7964.727930229735,-0.01493159458688136,0.011780836948682621,-133.87448916080825,4657.574464390401,-0.021079898240303097,0.016631769809904877,-317.94045528584695,2336.873298973656,push,-65.80852303576957
tariff_4,HIGH,tariff_5,unseen_target,0,,,-0.14045300202228403,0.2507468903140729,0.29218830059086504,0.09221311475409837,0.0,0.12698924056376656,-0.01783602006171102,0.053816338688094476,0.21164021164021163,0.08465608465608465,0.31536719382131995,2108,7492.467633637685,-0.00891801003085551,0.026908169344047238,-66.81790151264111,892.7786440790967,-0.011593413040112164,0.03498062014726141,-90.86327196643347,528.2713870290513,-0.015160617052454365,0.045743887884880305,-135.59043257148988,308.9199460481303,-0.02140322407405322,0.06457960642571337,-320.36296363033864,154.99629237484316,push,-66.81790151264111
tariff_4,HIGH,tariff_6,unseen_target,0,,,-0.14045300202228403,0.2507468903140729,0.29218830059086504,0.09221311475409837,0.0,0.12698924056376656,-0.01783602006171102,0.053816338688094476,0.21164021164021163,0.08465608465608465,0.31536719382131995,2108,7492.467633637685,-0.00891801003085551,0.026908169344047238,-66.81790151264111,892.7786440790967,-0.011593413040112164,0.03498062014726141,-90.86327196643347,528.2713870290513,-0.015160617052454365,0.045743887884880305,-135.59043257148988,308.9199460481303,-0.02140322407405322,0.06457960642571337,-320.36296363033864,154.99629237484316,push,-66.81790151264111
tariff_4,HIGH,tariff_7,unseen_target,0,,,-0.14045300202228403,0.2507468903140729,0.29218830059086504,0.09221311475409837,0.0,0.12698924056376656,-0.01783602006171102,0.053816338688094476,0.21164021164021163,0.08465608465608465,0.31536719382131995,2108,7492.467633637685,-0.00891801003085551,0.026908169344047238,-66.81790151264111,892.7786440790967,-0.011593413040112164,0.03498062014726141,-90.86327196643347,528.2713870290513,-0.015160617052454365,0.045743887884880305,-135.59043257148988,308.9199460481303,-0.02140322407405322,0.06457960642571337,-320.36296363033864,154.99629237484316,push,-66.81790151264111
tariff_4,HIGH,tariff_3,unseen_target,0,,,-0.14742816851315535,0.23809083637583311,0.28140228564484643,0.09221311475409837,0.0,0.12698924056376656,-0.0187217911571926,0.052306954309854284,0.15873015873015872,0.06349206349206349,0.30017217989019757,2108,7492.467633637685,-0.0093608955785963,0.026153477154927142,-70.13620714449489,945.046597520951,-0.012169164252175192,0.03399952030140529,-95.17706928784337,559.1991701307401,-0.015913522483613707,0.04446091116337614,-141.23155214564127,327.00574308683423,-0.022466149388631118,0.06276834517182514,-328.3268971467877,164.0705898473873,push,-70.13620714449489
tariff_4,HIGH,tariff_17,unseen_target,0,,,-0.16137850149489802,0.21335809025132002,0.26080965219042496,0.09221311475409837,0.0,0.12698924056376656,-0.020493333348155767,0.04956630586830286,0.05291005291005291,0.021164021164021163,0.2680373380774731,2108,7492.467633637685,-0.010246666674077884,0.02478315293415143,-76.77281840820245,1052.443969004916,-0.01332066667630125,0.032218098814396856,-103.8046639306632,622.7479106537967,-0.0174193333459324,0.04213135998805743,-152.51379129394414,364.16746332350044,-0.02459200001778692,0.05947956704196343,-344.2547641796859,182.71596684113126,push,-76.77281840820245
tariff_4,HIGH,tariff_1,history,21,-0.56183698385863,0.0430327868852459,-0.3997835899113261,0.0814290627924441,0.17067715801259348,0.04825049154261424,0.009888791112361957,0.05467496985122731,-0.02185815572541718,0.016672778032620364,-0.7883597883597884,-0.31534391534391537,0.009581676112383253,2108,7492.467633637685,-0.01092907786270859,0.008336389016310182,-81.88576215185023,9301.567715241483,-0.014207801221521167,0.010837305721203236,-110.45149079740531,5503.88622203638,-0.0185794323666046,0.01417186132772731,-161.20579565814538,3218.5355416060493,-0.026229786870500614,0.020007333639144437,-356.52582916444055,1614.8555061183126,push,-81.88576215185023
tariff_4,HIGH,tariff_9,no_history_for_cell,0,,,-0.17532883447664066,0.11045316698496423,0.18627909731638811,0.09221311475409837,0.0,0.12698924056376656,-0.02226487553911893,0.03880258069160036,-0.05291005291005291,-0.021164021164021163,0.17329713402740587,2108,7492.467633637685,-0.011132437769559465,0.01940129034580018,-83.40942967190999,1717.3185749548848,-0.014472169100427305,0.025221677449540233,-112.432258573483,1016.1648372514109,-0.018925144208251088,0.0329821935878603,-163.79603044224697,594.2278806072267,-0.026717850646942716,0.04656309682992043,-360.182631212584,298.1455859296675,push,-83.40942967190999
tariff_4,HIGH,tariff_16,unseen_target,0,,,-0.17532883447664066,0.18964886438026254,0.24179886633465264,0.09221311475409837,0.0,0.12698924056376656,-0.02226487553911893,0.047249378179461565,-0.05291005291005291,-0.021164021164021163,0.23419473777855127,2108,7492.467633637685,-0.011132437769559465,0.023624689089730783,-83.40942967190999,1158.1902218519479,-0.014472169100427305,0.03071209581665002,-112.432258573483,685.3196579005607,-0.018925144208251088,0.04016197145254233,-163.79603044224697,400.7578622325079,-0.026717850646942716,0.05669925381535387,-360.182631212584,201.07469129374095,push,-83.40942967190999
tariff_4,HIGH,tariff_10,history,45,-0.13202370985543807,0.09221311475409837,-0.1720214628463393,0.06531131959608727,0.16360185960857002,0.1156845314842348,0.014759520834815423,0.13108774789512123,-0.022549906154150888,0.027481661814676504,0.47619047619047616,0.19047619047619047,0.14652277159958832,2108,7492.467633637685,-0.011274953077075444,0.013740830907338252,-84.4772210007714,3423.6243528661144,-0.014657439000198077,0.017863080179539727,-113.82038730100281,2025.8132265479971,-0.019167420231028257,0.02335941254247503,-165.61127570131137,1184.6451047979635,-0.027059887384981066,0.032977994177611804,-362.74533040185133,594.3792279281449,push,-84.4772210007714
tariff_4,HIGH,tariff_15,unseen_target,0,,,-0.19625433394925468,0.15701614994104557,0.2171498822065278,0.09221311475409837,0.0,0.12698924056376656,-0.02492218882556368,0.044709490641855816,-0.2116402116402117,-0.08465608465608469,0.18305772770860906,2108,7492.467633637685,-0.01246109441278184,0.022354745320927908,-93.36434656747134,1293.5185003720787,-0.016199422736616394,0.02906116891720628,-125.37365053771275,765.3955623503425,-0.02118386050172913,0.038003067045577446,-180.71938916470128,447.5842561841103,-0.029906626590676416,0.05365138877022698,-384.07443176193124,224.5691840923748,push,-93.36434656747134
tariff_4,HIGH,tariff_2,unseen_target,0,,,-0.20253198379103887,0.1482124523851797,0.2108718355827282,0.09221311475409837,0.0,0.12698924056376656,-0.025719382811497105,0.04419218582895287,-0.2592592592592593,-0.10370370370370373,0.16841423773306552,2108,7492.467633637685,-0.012859691405748552,0.022096092914476433,-96.35082163613973,1323.9790789431481,-0.01671759882747312,0.028724920788819365,-129.2560681269817,783.4195733391408,-0.02186147538977254,0.03756335795460994,-185.79639678143755,458.12424876925536,-0.030863259373796526,0.05303062299474344,-391.24197192673535,229.85747898318547,push,-96.35082163613973
tariff_4,HIGH,tariff_8,history,340,-0.13688780746636575,0.6967213114754098,-0.19482604843284831,0.028203232590779226,0.15262837982685132,0.6912837552544441,0.02131762992520208,0.7833271178967999,-0.15261252701012543,0.15816131871676625,0.21164021164021163,0.08465608465608465,0.10089413341173448,2108,7492.467633637685,-0.07630626350506271,0.07908065935838313,-571.7222095555109,103.36452996060379,-0.09919814255658152,0.10280485716589807,-747.238872422164,61.16244376367087,-0.1297206479586066,0.1344371209092513,-993.9277562443684,35.76627334276948,-0.18313503241215048,0.1897935824601195,-1532.1333029332259,17.94523089593816,push,-571.7222095555109
tariff_8,MID,tariff_10,history,182,0.40923258208581703,0.23636363636363636,0.3982367751534345,0.06617805146410939,0.16394979260610948,0.23347484141634767,0.014759699772572583,0.26456165538095694,0.10535818046816657,0.07506751013312206,0.26455026455026454,0.10582010582010581,0.9924300813700893,1720,4665.401101638306,0.052679090234083285,0.03753375506656103,245.76908561139587,458.84717931130746,0.06848281730430826,0.04879388158652934,315.49981129481455,271.5072066930813,0.08955445339794159,0.06380738361315375,395.80744553937296,158.77065028072926,0.12642981656179988,0.09008101215974647,429.84580546735003,79.66096863043533,call,429.84580546735003
tariff_8,MID,tariff_14,unseen_target,0,,,0.3115398531246103,0.30976162068898044,0.34416894347378846,0.09221311475409837,0.0,0.12698924056376656,0.03956220935364164,0.0708927903116899,0.24867724867724855,0.09947089947089943,0.8173188366141688,1720,4665.401101638306,0.01978110467682082,0.03544639515584495,92.28678755086248,514.4793503012851,0.02571543607986707,0.046080313702598436,115.97282381612125,304.425651065849,0.03362787795059539,0.060258871764936404,134.8875388364662,178.02053643643086,0.04747465122436997,0.08507134837402787,61.48829012206997,89.31933164952866,digital_ads,134.8875388364662
tariff_8,MID,tariff_11,history,99,0.24335962146414417,0.12857142857142856,0.2649648865293773,0.08671060251918734,0.17325913710174276,0.12454775175032669,0.011520688907939634,0.1411310922288338,0.037394783838180026,0.034450539499293935,0.582010582010582,0.2328042328042328,0.9369047321880823,1720,4665.401101638306,0.018697391919090013,0.017225269749646967,87.2308328570857,2178.612715308909,0.024306609494817017,0.022392850674541057,109.40008271421141,1289.1199498869287,0.03178556626245302,0.029282958574399845,126.29241585704568,753.8452302106951,0.04487374060581603,0.04134064739915272,49.35399885700568,378.2313741855745,digital_ads,126.29241585704568
tariff_8,MID,tariff_19,unseen_target,0,,,0.2787029389574315,0.3104646117031008,0.3448017910625714,0.09221311475409837,0.0,0.12698924056376656,0.03539227456109401,0.06898494420724452,0.16402116402116396,0.06560846560846559,0.7905407576669736,1720,4665.401101638306,0.017696137280547006,0.03449247210362226,82.55957836340669,543.3297107023263,0.023004978464711112,0.044840213734708936,103.32745187242872,321.49687023806297,0.03008343337692991,0.05863720257615784,118.35128321779138,188.0033601046112,0.04247072947331282,0.08278193304869343,38.14298807217608,94.32807477470944,digital_ads,118.35128321779138
tariff_8,MID,tariff_20,unseen_target,0,,,0.256127560467496,0.3109489580377246,0.34523796793624334,0.09221311475409837,0.0,0.12698924056376656,0.03252544439121752,0.06777591696867115,0.10582010582010581,0.042328042328042326,0.7709220986804697,1720,4665.401101638306,0.01626272219560876,0.033887958484335574,75.87212204703083,562.887085657573,0.02114153885429139,0.044054346029636246,94.63375866114009,333.06928145418516,0.027646627732534887,0.05760952942337048,106.98260747995238,194.77061787459272,0.03903053326946102,0.08133110036240537,22.093092912874,97.72345237110645,digital_ads,106.98260747995238
tariff_8,MID,tariff_18,unseen_target,0,,,0.2356044891130092,0.31139000440326436,0.3456352627297524,0.09221311475409837,0.0,0.12698924056376656,0.02991923514587525,0.06675382086990296,0.05291005291005291,0.021164021164021163,0.7522718787679279,1720,4665.401101638306,0.014959617572937624,0.03337691043495148,69.79261630487095,580.2562551552189,0.019447502844818915,0.043389983565436926,86.73040119633225,343.3468965415496,0.02543134987399396,0.056740747739417514,96.6474477182806,200.7807111263733,0.0359030821750503,0.08010458504388356,7.502279131690273,100.73893318666995,digital_ads,96.6474477182806
tariff_8,MID,tariff_5,unseen_target,0,,,0.2150814177585224,0.31183174439607664,0.3460332885909968,0.09221311475409837,0.0,0.12698924056376656,0.027313025900532976,0.06580861486583307,0.0,0.0,0.7328853039696931,1720,4665.401101638306,0.013656512950266488,0.03290430743291654,63.71311056271106,597.0443447395868,0.017753466835346437,0.0427755996627915,78.82704373152438,353.2806773607022,0.02321607201545303,0.05593732263595811,86.3122879566088,206.5897386642169,0.03277563108063957,0.07897033783899969,-7.088534649493454,103.65353207284492,digital_ads,86.3122879566088
tariff_8,MID,tariff_6,unseen_target,0,,,0.2150814177585224,0.31183174439607664,0.3460332885909968,0.09221311475409837,0.0,0.12698924056376656,0.027313025900532976,0.06580861486583307,0.0,0.0,0.7328853039696931,1720,4665.401101638306,0.013656512950266488,0.03290430743291654,63.71311056271106,597.0443447395868,0.017753466835346437,0.0427755996627915,78.82704373152438,353.2806773607022,0.02321607201545303,0.05593732263595811,86.3122879566088,206.5897386642169,0.03277563108063957,0.07897033783899969,-7.088534649493454,103.65353207284492,digital_ads,86.3122879566088
tariff_8,MID,tariff_7,unseen_target,0,,,0.2150814177585224,0.31183174439607664,0.3460332885909968,0.09221311475409837,0.0,0.12698924056376656,0.027313025900532976,0.06580861486583307,0.0,0.0,0.7328853039696931,1720,4665.401101638306,0.013656512950266488,0.03290430743291654,63.71311056271106,597.0443447395868,0.017753466835346437,0.0427755996627915,78.82704373152438,353.2806773607022,0.02321607201545303,0.05593732263595811,86.3122879566088,206.5897386642169,0.03277563108063957,0.07897033783899969,-7.088534649493454,103.65353207284492,digital_ads,86.3122879566088
tariff_8,MID,tariff_3,unseen_target,0,,,0.1945583464040356,0.31227417507256633,0.34643204300014135,0.09221311475409837,0.0,0.12698924056376656,0.024706816655190703,0.06494365627549438,-0.05291005291005291,-0.021164021164021163,0.7128077861569224,1720,4665.401101638306,0.012353408327595352,0.03247182813774719,57.63360482055117,613.0538413174914,0.01605943082587396,0.04221337657907135,70.92368626671653,362.7537522588705,0.021000794156912098,0.05520210783417022,75.977128194937,212.12935685726347,0.029648179986228845,0.07793238753059326,-21.67934843067718,106.43295856206446,digital_ads,75.977128194937
tariff_8,MID,tariff_17,unseen_target,0,,,0.15351220369506202,0.3131610967625215,0.3472317274177366,0.09221311475409837,0.0,0.12698924056376656,0.019494398164506165,0.06346730197743004,-0.15873015873015872,-0.06349206349206349,0.6707926791477279,1720,4665.401101638306,0.009747199082253083,0.03173365098871502,45.474593336231415,641.9068578297275,0.012671358806929009,0.04125374628532953,55.11697133710084,379.8265430945132,0.01657023843983024,0.05394720668081553,55.3068086715934,222.11309959506147,0.023393277797407398,0.07616076237291605,-50.86097599304462,111.44216281766101,digital_ads,55.3068086715934
tariff_8,MID,tariff_12,history,55,0.08839526745402093,0.07142857142857142,0.23005747237765417,0.11002920885704287,0.18602802692526402,0.07122641151466404,0.008973662525913518,0.08071009802534274,0.018567961147063047,0.019975058855432586,1.111111111111111,0.4444444444444444,0.8918973781596582,1720,4665.401101638306,0.009283980573531523,0.009987529427716293,43.313493195342595,6480.312563379229,0.012069174745590982,0.012983788256031182,52.30754115394538,3834.504475372324,0.01578276697500359,0.0169788000271177,51.63293843208241,2242.32268629039,0.022281553376475655,0.023970070626519104,-56.047616331177764,1125.0542644755606,sms,52.30754115394538
tariff_8,MID,tariff_16,unseen_target,0,,,0.11246606098608841,0.31405074616537,0.3480342959638111,0.09221311475409837,0.0,0.12698924056376656,0.014281979673821622,0.0623484754450764,-0.26455026455026454,-0.10582010582010581,0.6267078481422339,1720,4665.401101638306,0.007140989836910811,0.0311742377225382,33.315581851911645,665.1512503626248,0.009283286787984056,0.04052650903929966,39.31025640748514,393.5806215163459,0.012139682722748379,0.05299620412831494,34.636489148249794,230.15614199398777,0.017138375608585946,0.07481817053409168,-80.04260355541206,115.4776476324001,sms,39.31025640748514
tariff_8,MID,tariff_15,unseen_target,0,,,0.050896846922628,0.31539028421811166,0.3492435130094491,0.09221311475409837,0.0,0.12698924056376656,0.006463351937794809,0.0613816721072629,-0.4232804232804233,-0.16931216931216933,0.5579345280162364,1720,4665.401101638306,0.0032316759688974044,0.03069083605363145,15.077064625431989,686.2694384652282,0.0042011787595666265,0.039898086869720885,15.60018401306159,406.07659080782724,0.005493849147125587,0.05217442129117346,3.631009863234379,237.46347351738004,0.00775602232535377,0.07365800652871547,-123.81504489896324,119.14399973354661,sms,15.60018401306159
tariff_8,MID,tariff_9,history_sparse,19,0.2713204528352415,0.024675324675324677,0.1813529478802632,0.15470182897282295,0.21548237952913124,0.02332708714743962,0.005266221231786549,0.02643305271567625,0.0047937120314622845,0.007197991728250932,-0.26455026455026454,-0.10582010582010581,0.7999979235686238,1720,4665.401101638306,0.0023968560157311422,0.003598995864125466,11.18229469626047,49905.613904707934,0.003115912820450485,0.004678694623363106,10.536983105138614,29529.9490560402,0.004074655226742942,0.0061182929690132915,-2.990099016357199,17268.37851373977,0.005752454437754741,0.008637590073901118,-133.16249272897488,8664.16908067846,push,11.18229469626047
tariff_8,MID,tariff_2,unseen_target,0,,,0.032426082703589876,0.3157933207167288,0.3496075248179002,0.09221311475409837,0.0,0.12698924056376656,0.004117763616986765,0.0612636924688184,-0.47089947089947093,-0.1883597883597884,0.5369488957429757,1720,4665.401101638306,0.0020588818084933823,0.0306318462344092,9.605509457488093,688.9151745493358,0.0026765463510413975,0.039821400104731966,8.487162294734523,407.6421151179502,0.00350009907443875,0.05207413859849564,-5.670633922270241,238.3789531312581,0.004941316340384118,0.07351643096258208,-136.94677730202858,119.60332891481526,push,9.605509457488093
tariff_8,MID,tariff_21,history_sparse,10,-0.3319918943840962,0.012987012987012988,0.0317049812193915,0.17857557629282858,0.23321500047877675,0.012160816379117948,0.0038240077354306456,0.013780010268027228,0.00043689496675082523,0.003827665401557114,0.05291005291005291,0.021164021164021163,0.5540685822535143,1720,4665.401101638306,0.00021844748337541262,0.001913832700778557,1.0191451295897656,176483.5193592002,0.00028398172838803645,0.0024879825110121242,-2.6751113315333046,104428.11796402374,0.0003713607217382014,0.0032535155913235468,-20.2674532796974,61066.961715986225,0.0005242739601009903,0.004593198481868537,-157.55405168898457,30639.499888750026,push,1.0191451295897656
tariff_8,MID,tariff_4,history,178,-0.10588471469657489,0.23116883116883116,-0.0958490845971722,0.06696207915609054,0.1642678302191471,0.23222189507469548,0.0147320680450574,0.26314188117213805,-0.025221908429527293,0.050919357164065635,-0.21164021164021163,-0.08465608465608465,0.2797808250622953,1720,4665.401101638306,-0.012610954214763647,0.025459678582032817,-58.83515968626855,997.2550962912637,-0.016394240479192742,0.033097582156642665,-80.48570759214913,590.0917729534103,-0.0214386221650982,0.04328145358945579,-122.01977146665654,345.07096757483185,-0.030266290115432755,0.06110322859687876,-301.2043832470446,173.13456532834442,push,-58.83515968626855
tariff_8,MID,tariff_13,history,164,-0.11877669208747303,0.21298701298701297,-0.12062367596732666,0.06947392101817976,0.16530766982097436,0.21871051472403608,0.014422318868574537,0.2478314814289908,-0.029894344310393124,0.04922714928243372,-0.4761904761904762,-0.1904761904761905,0.23278925136222395,1720,4665.401101638306,-0.014947172155196562,0.02461357464121686,-69.73455343923145,1066.9958133133944,-0.01943132380175553,0.03199764703358192,-94.65491947100088,631.3584694162095,-0.025410192663834156,0.04184307689006866,-140.54874084669348,369.20270356864864,-0.035873213172471746,0.05907257913892046,-327.36292825415546,185.24232870024204,push,-69.73455343923145
tariff_8,MID,tariff_1,history,63,-0.49575892437952074,0.08181818181818182,-0.4358037675862889,0.10414186285368547,0.18260757815226572,0.08433068199337256,0.009695191898942654,0.09555918184686057,-0.04164505147632514,0.030301333086919898,-1.0,-0.4,0.008503438043495792,1720,4665.401101638306,-0.02082252573816257,0.015150666543459949,-97.14543451771563,2816.103536561329,-0.027069283459611345,0.019695866506497933,-130.28906487303033,1666.3334535865852,-0.035398293754876374,0.025756133123881912,-187.1472386801166,974.430289467588,-0.049974061771590174,0.036361599704303874,-393.14904284251753,488.90686398634193,push,-97.14543451771563
tariff_11,HIGH,tariff_12,history,107,0.07746405220237242,0.2152917505030181,-0.013616005429938858,0.04684336256389493,0.15714420325386652,0.20983033323935604,0.016427248488445245,0.23776891751667298,-0.0032374628719777036,0.0425045218458954,0.5291005291005291,0.21164021164021163,0.46547622574813413,1633,8680.776486754607,-0.0016187314359888518,0.0212522609229477,-14.051845787902543,1431.2049147405635,-0.002104350866785507,0.02762793919983201,-22.267399524273305,846.8668134559548,-0.0027518434411810478,0.03612884356901109,-45.88813783943432,495.2266140970808,-0.003884955446373244,0.05100542621507448,-193.72442989096612,248.47307547579229,push,-14.051845787902543
tariff_11,HIGH,tariff_1,history_sparse,5,-0.3023383054013879,0.01006036217303823,-0.35332512586974985,0.09949992279753876,0.18000065176747604,0.011741468333656,0.004345772688540102,0.013304826679015424,-0.004700929561038331,0.004305467379527675,-1.5820105820105819,-0.6328042328042328,0.024828301290430455,1633,8680.776486754607,-0.0023504647805191654,0.0021527336897638376,-20.403859399675596,139486.2769321163,-0.003055604214674915,0.002798553796692989,-30.525017219578277,82536.2585397138,-0.003995790126882581,0.003659647272598524,-56.686560979448515,48265.14772737589,-0.005641115473245996,0.00516656085543321,-208.96926255922142,24216.36752293686,push,-20.403859399675596
tariff_11,HIGH,tariff_13,history,20,-0.4978903383600916,0.04024144869215292,-0.4109088673336679,0.07964029434646594,0.16983102332492653,0.0382724441750134,0.007739976525565101,0.043368360912002905,-0.01782044406046883,0.013393223958491747,-1.0582010582010581,-0.42328042328042326,0.007770589878496048,1633,8680.776486754607,-0.008910222030234415,0.0066966119792458735,-77.3476458918218,14414.574486487902,-0.01158328863930474,0.008705595573019635,-104.55193965936834,8529.334015673314,-0.015147377451398505,0.011384240364717985,-153.49099801609705,4987.742036847025,-0.021384532872562596,0.016071868750190097,-345.63435014037236,2502.5302927930384,push,-77.3476458918218
tariff_11,HIGH,tariff_14,unseen_target,0,,,-0.21229721687825873,0.13577627554733163,0.20232448443405193,0.09221311475409837,0.0,0.12698924056376656,-0.026959462345171322,0.04362913226495116,-0.3333333333333334,-0.1333333333333334,0.14702215319230583,1633,8680.776486754607,-0.013479731172585661,0.02181456613247558,-117.01453341075471,1358.3726788242018,-0.01752365052436136,0.028358935972218256,-156.11889343398113,803.7708158723086,-0.02291554299339562,0.03708476242520849,-220.92470679828298,470.0251483820767,-0.032351354814205584,0.05235495871794139,-440.8348801858113,235.82859007364618,push,-117.01453341075471
tariff_11,HIGH,tariff_19,unseen_target,0,,,-0.22345748326365283,0.12395677791840093,0.19459003775093875,0.09221311475409837,0.0,0.12698924056376656,-0.02837669609794185,0.04335803699979603,-0.417989417989418,-0.16719576719576723,0.12541203868914175,1633,8680.776486754607,-0.014188348048970924,0.021679018499898017,-123.1658781293974,1375.4121787653678,-0.018444852463662204,0.028182724049867422,-164.11564156821663,813.8533602161939,-0.02412019168325057,0.036854331449826624,-231.38199281997555,475.92116912296467,-0.03405203531753022,0.052029644399755236,-455.59810751055375,238.78683659120972,push,-123.1658781293974
tariff_11,HIGH,tariff_20,unseen_target,0,,,-0.2311301664036113,0.117697272082728,0.1906637035613116,0.09221311475409837,0.0,0.12698924056376656,-0.029351044302971592,0.04340601926685773,-0.47619047619047616,-0.19047619047619047,0.11271026355737962,1633,8680.776486754607,-0.014675522151485796,0.021703009633428864,-127.39492762346427,1372.3730188060742,-0.01907817879693154,0.028213912523457525,-169.6134059105036,812.0550407136534,-0.024948387657525852,0.03689511637682907,-238.57137695988925,474.8695566803025,-0.03522125316356591,0.05208722312022927,-465.74782629631426,238.25920465383237,push,-127.39492762346427
tariff_11,HIGH,tariff_18,unseen_target,0,,,-0.23810533289448263,0.11357950845117995,0.18814968705796897,0.09221311475409837,0.0,0.12698924056376656,-0.030236815398453173,0.043615068372260306,-0.5291005291005291,-0.21164021164021163,0.10284426162962734,1633,8680.776486754607,-0.015118407699226587,0.021807534186130153,-131.23951807261597,1359.248847927804,-0.019653930008994566,0.0283497944419692,-174.61137349440077,804.2892591288783,-0.025701293088685195,0.03707280811642126,-245.10718072344713,470.32832108228513,-0.03628417847814381,0.052338082046712364,-474.97484337427835,235.9807027652438,push,-131.23951807261597
tariff_11,HIGH,tariff_21,no_history_for_cell,0,,,-0.23810533289448263,0.11045316698496423,0.18627909731638811,0.09221311475409837,0.0,0.12698924056376656,-0.030236815398453173,0.043368809815555874,-0.5291005291005291,-0.21164021164021163,0.10058624990997977,1633,8680.776486754607,-0.015118407699226587,0.021684404907777937,-131.23951807261597,1374.7289586457005,-0.019653930008994566,0.02818972638011132,-174.61137349440077,813.4490879560358,-0.025701293088685195,0.03686348834322249,-245.10718072344713,475.68476077705907,-0.03628417847814381,0.05204257177866705,-474.97484337427835,238.66822198710082,push,-131.23951807261597
tariff_11,HIGH,tariff_4,history,42,-0.2804847658118418,0.08450704225352113,-0.3132448352285057,0.06487732231763792,0.16342908844849707,0.08664718766439983,0.011349246670259903,0.09818412666450566,-0.03075567057907781,0.025015629844664832,-0.7936507936507936,-0.31746031746031744,0.027637910423035705,1633,8680.776486754607,-0.015377835289538904,0.012507814922332416,-133.49155099861454,4131.894315671709,-0.01999118587640058,0.01626015939903214,-177.53901629819893,2444.9078790956864,-0.026142319992216136,0.021263285367965106,-248.9356366976447,1429.7212164954014,-0.036906804694893366,0.030018755813597798,-480.3797223966749,717.3427631374497,push,-133.49155099861454
tariff_11,HIGH,tariff_5,unseen_target,0,,,-0.24508049938535398,0.11113329302319419,0.18668317765181505,0.09221311475409837,0.0,0.12698924056376656,-0.03112258649393476,0.04397939100082813,-0.582010582010582,-0.2328042328042328,0.09462262591724929,1633,8680.776486754607,-0.01556129324696738,0.021989695500414064,-135.08410852176766,1336.8222532318255,-0.020229681221057595,0.028586604150538285,-179.609341078298,791.0190847525596,-0.026454198519844544,0.03738248235070391,-251.64298448700504,462.5682537134344,-0.03734710379272171,0.052775269200993756,-484.2018604522424,232.08719674163638,push,-135.08410852176766
tariff_11,HIGH,tariff_6,unseen_target,0,,,-0.24508049938535398,0.11113329302319419,0.18668317765181505,0.09221311475409837,0.0,0.12698924056376656,-0.03112258649393476,0.04397939100082813,-0.582010582010582,-0.2328042328042328,0.09462262591724929,1633,8680.776486754607,-0.01556129324696738,0.021989695500414064,-135.08410852176766,1336.8222532318255,-0.020229681221057595,0.028586604150538285,-179.609341078298,791.0190847525596,-0.026454198519844544,0.03738248235070391,-251.64298448700504,462.5682537134344,-0.03734710379272171,0.052775269200993756,-484.2018604522424,232.08719674163638,push,-135.08410852176766
tariff_11,HIGH,tariff_7,unseen_target,0,,,-0.24508049938535398,0.11113329302319419,0.18668317765181505,0.09221311475409837,0.0,0.12698924056376656,-0.03112258649393476,0.04397939100082813,-0.582010582010582,-0.2328042328042328,0.09462262591724929,1633,8680.776486754607,-0.01556129324696738,0.021989695500414064,-135.08410852176766,1336.8222532318255,-0.020229681221057595,0.028586604150538285,-179.609341078298,791.0190847525596,-0.026454198519844544,0.03738248235070391,-251.64298448700504,462.5682537134344,-0.03734710379272171,0.052775269200993756,-484.2018604522424,232.08719674163638,push,-135.08410852176766
tariff_11,HIGH,tariff_3,unseen_target,0,,,-0.2520556658762253,0.1104697247675496,0.18628891563970779,0.09221311475409837,0.0,0.12698924056376656,-0.03200835758941634,0.04449517321749818,-0.6349206349206349,-0.25396825396825395,0.0880220163501329,1633,8680.776486754607,-0.01600417879470817,0.02224758660874909,-138.92869897091938,1306.0093472165358,-0.020805432433120625,0.028921862591373818,-184.6073086621952,772.7865959861158,-0.027207103951003887,0.03782089723487345,-258.1787882505629,451.9063485178325,-0.03841002910729961,0.053394207860997814,-493.4288775302065,226.73773389175972,push,-138.92869897091938
tariff_11,HIGH,tariff_17,unseen_target,0,,,-0.26600599885796794,0.11453123685663572,0.18872573808548423,0.09221311475409837,0.0,0.12698924056376656,-0.033779899780379506,0.04595922696099279,-0.7407407407407407,-0.2962962962962963,0.07934597968100537,1633,8680.776486754607,-0.016889949890189753,0.022979613480496396,-146.61787986922275,1224.1275111752282,-0.02195693485724668,0.029873497524645316,-194.6032438299896,724.3358054291289,-0.028712914813322575,0.039065342916843875,-271.25039577767865,423.57353327862563,-0.04053587973645541,0.05515107235319135,-511.8829116861346,212.52213735681045,push,-146.61787986922275
tariff_11,HIGH,tariff_10,history,110,-0.050688828678675135,0.22132796780684105,-0.12090260705324246,0.04421103643026671,0.15637971653075206,0.25498286514739765,0.01758365457351281,0.28893343920032083,-0.03493280606417831,0.05466163575692565,-0.31746031746031744,-0.12698412698412698,0.2197212921439764,1633,8680.776486754607,-0.017466403032089156,0.027330817878462824,-151.6219407491389,865.3799744586996,-0.022706323941715904,0.03553006324200167,-201.10852297388058,512.0591564844377,-0.029692885154551565,0.0464623903933868,-279.75729927353615,299.43943752896183,-0.041919367277013966,0.06559396290831078,-523.8926577979333,150.23957889907976,push,-151.6219407491389
tariff_11,HIGH,tariff_9,no_history_for_cell,0,,,-0.2799563318397106,0.11045316698496423,0.18627909731638811,0.09221311475409837,0.0,0.12698924056376656,-0.03555144197134267,0.04684334806678835,-0.8465608465608465,-0.3386243386243386,0.06643416348058684,1633,8680.776486754607,-0.017775720985671335,0.023421674033394176,-154.30706076752614,1178.3552268214637,-0.023108437281372737,0.03044817624341243,-204.599178997784,697.2516135038247,-0.030218725675641264,0.039816845856770096,-284.3220033047944,407.73537260258274,-0.0426617303656112,0.05621201768014602,-530.3369458420627,204.5755602120597,push,-154.30706076752614
tariff_11,HIGH,tariff_16,unseen_target,0,,,-0.2799563318397106,0.12506733033486223,0.19529935257724113,0.09221311475409837,0.0,0.12698924056376656,-0.03555144197134267,0.047953774603336295,-0.8465608465608465,-0.3386243386243386,0.07586136721493142,1633,8680.776486754607,-0.017775720985671335,0.023976887301668148,-154.30706076752614,1124.4146452309622,-0.023108437281372737,0.031169953492168594,-204.599178997784,665.3341096041196,-0.030218725675641264,0.04076070841283585,-284.3220033047944,389.0708114986029,-0.0426617303656112,0.05754452952400355,-530.3369458420627,195.21087590815318,push,-154.30706076752614
tariff_11,HIGH,tariff_15,unseen_target,0,,,-0.3008818313123246,0.14982770245483365,0.21201023659930707,0.09221311475409837,0.0,0.12698924056376656,-0.03820875525778742,0.05180195610424244,-1.0052910052910051,-0.4021164021164021,0.07792248643068111,1633,8680.776486754607,-0.01910437762889371,0.02590097805212122,-165.84083211498125,963.5622337600531,-0.024835690917561826,0.033671271467757585,-219.59308174947563,570.1551679053568,-0.0324774419691193,0.04403166268860607,-303.9294145954681,333.41253763323647,-0.0458505063093449,0.06216234732509092,-558.017997075955,167.28511002778703,push,-165.84083211498125
tariff_11,HIGH,tariff_2,unseen_target,0,,,-0.3071594811541088,0.15873543158312228,0.21839628485823676,0.09221311475409837,0.0,0.12698924056376656,-0.03900594924372085,0.05312896002967995,-1.0529100529100528,-0.42116402116402113,0.07979797071801586,1633,8680.776486754607,-0.019502974621860424,0.026564480014839974,-169.3009635192178,916.0294978737347,-0.025353867008418553,0.03453382401929197,-224.09125257498314,542.0292886826833,-0.03315505685716271,0.04515961602522796,-309.81163798267016,316.96522417776293,-0.04680713909246501,0.06375475203561594,-566.3223124461226,159.0328989364123,push,-169.3009635192178
tariff_11,HIGH,tariff_8,history,213,-0.16091178588169544,0.42857142857142855,-0.21617911530366193,0.033829605502885156,0.15376749399167836,0.3985158033970703,0.019751741776042275,0.4515775661420737,-0.09762163873957438,0.09456807200219537,-0.582010582010582,-0.2328042328042328,0.07987942585870567,1633,8680.776486754607,-0.04881081936978719,0.047284036001097686,-423.715813084475,289.12325116634474,-0.06345406518072334,0.06146924680142699,-554.8305570098174,171.07884684399102,-0.08297839292863822,0.08038286120186607,-742.3168822436073,100.04264746240304,-0.11714596648748926,0.11348168640263444,-1176.91795140274,50.19500888304597,push,-423.715813084475
tariff_4,MID,tariff_8,history,408,0.3945054725052043,0.608955223880597,0.35917423405324245,0.045487670321392934,0.1567454246581626,0.6091061505080018,0.01833103812320946,0.6902076922016317,0.24790481918417717,0.18046919222498894,0.21164021164021163,0.08465608465608465,0.9890312869509563,1227,4760.014053874534,0.12395240959208859,0.09023459611249447,590.0152116699542,79.39002522362874,0.16113813246971517,0.11730497494624281,763.0197751709405,46.97634628617085,0.21071909630655059,0.1533988133912406,981.0258598389221,27.470596963193337,0.2974857830210126,0.21656303066998672,1256.03650800789,13.782990490213324,call,1256.03650800789
tariff_4,MID,tariff_14,unseen_target,0,,,0.3936321385425575,0.30801206189819463,0.34259514047163203,0.09221311475409837,0.0,0.12698924056376656,0.04998704633501073,0.07635201377759632,0.4603174603174602,0.18412698412698408,0.8747161854571592,1227,4760.014053874534,0.024993523167505364,0.03817600688879816,118.96952153316428,443.5382685519655,0.03249158011775698,0.04962880895543761,150.66037799311357,262.4486796165476,0.04248898938475911,0.06489921171095686,180.24818660637925,153.47344932593964,0.05998445560201287,0.09162241653311558,125.52685167959424,77.00317162360513,digital_ads,180.24818660637925
tariff_4,MID,tariff_19,unseen_target,0,,,0.3607952243753787,0.3087105202121299,0.3432232295309335,0.09221311475409837,0.0,0.12698924056376656,0.0458171115424631,0.07405850628204462,0.3756613756613756,0.15026455026455024,0.8534159363940517,1227,4760.014053874534,0.02290855577123155,0.03702925314102231,109.04504742503075,471.4354018008224,0.02978112250260102,0.048138029083329,137.75856165253998,278.95585905374105,0.038944544811093634,0.06294973033973793,163.37658062255224,163.12643660928111,0.05498053385095572,0.08887020753845354,101.70811382007378,81.84642392375392,digital_ads,163.37658062255224
tariff_4,MID,tariff_20,unseen_target,0,,,0.3382198458854432,0.30919176814371996,0.34365615008004713,0.09221311475409837,0.0,0.12698924056376656,0.0429502813725866,0.07256458710839826,0.31746031746031744,0.12698412698412698,0.8374867315701732,1227,4760.014053874534,0.0214751406862933,0.03628229355419913,102.2219714756889,491.0465135437438,0.02791768289218129,0.047166981620458875,128.88856291839556,290.5600671856471,0.036507739166698604,0.06167989904213852,151.7773515086711,169.9122884234408,0.05154033764710392,0.08707750453007791,85.33273154165337,85.25113082356663,digital_ads,151.7773515086711
tariff_4,MID,tariff_18,unseen_target,0,,,0.3176967745309564,0.3096300103221449,0.34405049526499965,0.09221311475409837,0.0,0.12698924056376656,0.04034407212724433,0.07126922857610388,0.26455026455026454,0.10582010582010581,0.822101018402237,1227,4760.014053874534,0.020172036063622164,0.03563461428805194,96.01917515810543,509.05882748291555,0.026223646882708816,0.04632499857446752,120.82492770553706,301.2182411141511,0.034292461308157676,0.060578844289688294,141.23259776877921,176.14492300446904,0.04841288655269319,0.08552307429132465,70.44602037945302,88.37826866022839,digital_ads,141.23259776877921
tariff_4,MID,tariff_5,unseen_target,0,,,0.29717370317646963,0.3100689580233079,0.34444558166662537,0.09221311475409837,0.0,0.12698924056376656,0.03773786288190206,0.0700370622705945,0.21164021164021163,0.08465608465608465,0.8058651488511415,1227,4760.014053874534,0.01886893144095103,0.03501853113529725,89.81637884052196,527.1281951912845,0.024529610873236345,0.04552409047588643,112.76129249267858,311.910174669399,0.03207718344961675,0.05953150293000532,130.68784402888733,182.39729937414688,0.04528543545828247,0.0840444747247134,55.55930921725269,91.51531166515358,digital_ads,130.68784402888733
tariff_4,MID,tariff_6,unseen_target,0,,,0.29717370317646963,0.3100689580233079,0.34444558166662537,0.09221311475409837,0.0,0.12698924056376656,0.03773786288190206,0.0700370622705945,0.21164021164021163,0.08465608465608465,0.8058651488511415,1227,4760.014053874534,0.01886893144095103,0.03501853113529725,89.81637884052196,527.1281951912845,0.024529610873236345,0.04552409047588643,112.76129249267858,311.910174669399,0.03207718344961675,0.05953150293000532,130.68784402888733,182.39729937414688,0.04528543545828247,0.0840444747247134,55.55930921725269,91.51531166515358,digital_ads,130.68784402888733
tariff_4,MID,tariff_7,unseen_target,0,,,0.29717370317646963,0.3100689580233079,0.34444558166662537,0.09221311475409837,0.0,0.12698924056376656,0.03773786288190206,0.0700370622705945,0.21164021164021163,0.08465608465608465,0.8058651488511415,1227,4760.014053874534,0.01886893144095103,0.03501853113529725,89.81637884052196,527.1281951912845,0.024529610873236345,0.04552409047588643,112.76129249267858,311.910174669399,0.03207718344961675,0.05953150293000532,130.68784402888733,182.39729937414688,0.04528543545828247,0.0840444747247134,55.55930921725269,91.51531166515358,digital_ads,130.68784402888733
tariff_4,MID,tariff_3,unseen_target,0,,,0.2766506318219828,0.3105086082551415,0.3448414067372782,0.09221311475409837,0.0,0.12698924056376656,0.03513165363655979,0.06887147995505023,0.15873015873015872,0.06349206349206349,0.7887971734044505,1227,4760.014053874534,0.017565826818279895,0.034435739977525116,83.61358252293849,545.1214329547037,0.022835574863763863,0.044766461970782656,104.69765727982002,322.55706091994296,0.029861905591075814,0.05854075796179269,120.14309028899538,188.62333320231966,0.04215798436387174,0.08264577594606028,40.67259805505233,94.63913766574719,digital_ads,120.14309028899538
tariff_4,MID,tariff_17,unseen_target,0,,,0.2356044891130092,0.31139000440326436,0.3456352627297524,0.09221311475409837,0.0,0.12698924056376656,0.02991923514587525,0.06675382086990296,0.05291005291005291,0.021164021164021163,0.7522718787679279,1227,4760.014053874534,0.014959617572937624,0.03337691043495148,71.20798988777153,580.2562551552189,0.019447502844818915,0.043389983565436926,88.570386854103,343.3468965415496,0.02543134987399396,0.056740747739417514,99.05358280921159,200.7807111263733,0.0359030821750503,0.08010458504388356,10.899175730651677,100.73893318666995,digital_ads,99.05358280921159
tariff_4,MID,tariff_11,history,41,0.3342910017780346,0.06119402985074627,0.3777630829421393,0.12252415826705172,0.19368058591157128,0.061661738540915854,0.00903646862497284,0.0698719036410499,0.0263950257304791,0.0213844754013647,0.7936507936507936,0.31746031746031744,0.9744383725466101,1227,4760.014053874534,0.01319751286523955,0.01069223770068235,62.82034671473022,5654.248446558631,0.017156766724811416,0.013899909010887054,77.66645072914929,3345.709139975522,0.022435771870907235,0.018176804091159994,84.79458941504137,1956.4873517503913,0.031674030876574916,0.02566137048163764,-9.231167884647476,981.6403553053179,digital_ads,84.79458941504137
tariff_4,MID,tariff_16,unseen_target,0,,,0.1945583464040356,0.31227417507256633,0.34643204300014135,0.09221311475409837,0.0,0.12698924056376656,0.024706816655190703,0.06494365627549438,-0.05291005291005291,-0.021164021164021163,0.7128077861569224,1227,4760.014053874534,0.012353408327595352,0.03247182813774719,58.80239725260457,613.0538413174914,0.01605943082587396,0.04221337657907135,72.44311642838595,362.7537522588705,0.021000794156912098,0.05520210783417022,77.96407532942777,212.12935685726347,0.029648179986228845,0.07793238753059326,-18.874246593749007,106.43295856206446,digital_ads,77.96407532942777
tariff_4,MID,tariff_15,unseen_target,0,,,0.1329891323405752,0.3136055819490578,0.34763265242149965,0.09221311475409837,0.0,0.12698924056376656,0.01688818891916389,0.06286186165147364,-0.2116402116402117,-0.08465608465608469,0.6489756871884937,1227,4760.014053874534,0.008444094459581945,0.03143093082573682,40.19400829985414,654.3311742560891,0.01097732279745653,0.04086021007345787,48.2522107898104,387.1782096189875,0.014354960581289307,0.05343258240375259,46.32981410975205,226.41217102286825,0.02026582670299667,0.07543423398176836,-63.53438008035006,113.59916219723773,sms,48.2522107898104
tariff_4,MID,tariff_10,history,58,0.10921404311696749,0.08656716417910448,0.16422794465106935,0.1082791299352324,0.18499829723413927,0.08411434707152413,0.010427178704583337,0.09531404226482369,0.01565322925753715,0.02190416461530354,0.47619047619047616,0.19047619047619047,0.812656134319945,1227,4760.014053874534,0.007826614628768574,0.01095208230765177,37.25479562719843,5389.130490248584,0.01017459901739915,0.014237706999947301,44.43123431535797,3188.834609614548,0.013305244868906578,0.01861853992300801,41.33315256623734,1864.7510346880915,0.01878387510904458,0.02628499753836425,-70.58849049472376,935.6129323348238,sms,44.43123431535797
tariff_4,MID,tariff_2,unseen_target,0,,,0.11451836812153707,0.3140061992696714,0.3479940993462167,0.09221311475409837,0.0,0.12698924056376656,0.014542600598355847,0.062395603678222354,-0.2592592592592593,-0.10370370370370373,0.6289528999119491,1227,4760.014053874534,0.007271300299177923,0.031197801839111177,34.61149161402901,664.1468345768661,0.009452690388931302,0.040557142390844535,40.99493909823773,392.9862926490331,0.012361210508602468,0.053036263126489,36.83953574384932,229.80859327919245,0.017451120718027017,0.07487472441386682,-76.93242012633036,115.30326989181705,sms,40.99493909823773
tariff_4,MID,tariff_9,history_sparse,11,0.9905193599047654,0.016417910447761194,0.511914354125033,0.17545217083175432,0.2308321126913998,0.015587881624197924,0.004653644190790999,0.017663383949048685,0.009042139785939733,0.0074717599722528135,-0.05291005291005291,-0.021164021164021163,0.9867120540099261,1227,4760.014053874534,0.004521069892969866,0.0037358799861264068,21.520356229085596,46315.4902109396,0.005877390860860827,0.004856643981964329,23.97646309781128,27405.61550943171,0.007685818818048773,0.0063509959764148916,14.584605589445516,16026.121180255916,0.01085056774312768,0.008966111966703376,-108.35114505019456,8040.883717177016,sms,23.97646309781128
tariff_4,MID,tariff_12,history_sparse,13,-0.3779440472667739,0.019402985074626865,0.25942530419179044,0.1696120848263107,0.22642495295158532,0.01904036475014691,0.0051342185345564905,0.0215755598624571,0.005597246180426118,0.006685466080989238,1.3227513227513226,0.5291005291005291,0.8740497032894545,1227,4760.014053874534,0.002798623090213059,0.003342733040494619,13.321485240911937,57850.71212483334,0.003638210017276976,0.004345552952643005,13.317930813185516,34231.19060641026,0.004757659253362199,0.005682646168840852,0.6465249095502905,20017.54744803922,0.006716695416511341,0.008022559297187086,-128.02843542181137,10043.526410561342,push,13.321485240911937
tariff_4,MID,tariff_21,history_sparse,2,0.6445437124936595,0.0029850746268656717,0.35268300123541185,0.2133591888128101,0.2608105508810185,0.002834869182468392,0.0019973823266962007,0.0032123276287608768,0.00113293334906282,0.0015910471392341693,0.26455026455026454,0.10582010582010581,0.9118535088029415,1227,4760.014053874534,0.00056646667453141,0.0007955235696170846,2.6963893318210825,1021423.8510749486,0.000736406676890833,0.00103418064050221,-0.49469386863259235,604392.8112869516,0.0009629933467033969,0.0013523900683490438,-17.41613813590416,353433.8585034424,0.0013595200188753838,0.001909256567081003,-153.5286656036294,177330.52970051192,push,2.6963893318210825
tariff_4,MID,tariff_13,history,100,-0.04877355234032392,0.14925373134328357,-0.05272213304330829,0.08633108577176658,0.17306951311693264,0.15282573243998096,0.01351748108425587,0.17317424230316913,-0.00913011544238179,0.034452007289615984,-0.2645502645502646,-0.10582010582010584,0.38032405636779987,1227,4760.014053874534,-0.004565057721190895,0.017226003644807992,-21.72973890961711,2178.4270844100256,-0.0059345750375481635,0.02239380473825039,-32.24866058250225,1289.010109118358,-0.007760598126024521,0.029284206196173584,-58.94055614634909,753.7809980657528,-0.010956138530858148,0.04134240874753918,-212.15137338308108,378.1991465989627,push,-21.72973890961711
tariff_4,MID,tariff_1,history,37,-0.4786510103471447,0.05522388059701493,-0.3536844913764193,0.12697683528053394,0.19652764868552172,0.05482891588276402,0.00855206892466637,0.062129301215885196,-0.021974170300112703,0.01866330384073041,-0.7883597883597884,-0.31534391534391537,0.03595655008696158,1227,4760.014053874534,-0.010987085150056352,0.009331651920365206,-52.298679725384424,7423.266219263329,-0.014283210695073259,0.012131147496474768,-71.98828364299976,4392.465218499012,-0.018678044755095796,0.01586380826462085,-110.9077555331535,2568.604228118799,-0.026369004360135243,0.022395964608876492,-285.51683134092264,1288.7614963998835,push,-52.298679725384424
tariff_13,MID,tariff_8,history,234,0.4591171122891425,0.5598086124401914,0.4413876213365414,0.05918900364080312,0.16125550580365003,0.5600548244138273,0.02433838564281086,0.6346252579171414,0.28011573303213616,0.1896023276534624,0.4761904761904762,0.1904761904761905,0.9969017141425206,1022,4892.926847495548,0.14005786651606808,0.0948011638267312,685.2928952794173,71.92580968172554,0.1820752264708885,0.12324151297475057,886.8807638632425,42.55965069924588,0.2380983730773157,0.16116197850544303,1142.9979219750091,24.887823419282196,0.33613887963856337,0.2275227931841549,1484.7029486706012,12.487119736410682,call,1484.7029486706012
tariff_13,MID,tariff_14,unseen_target,0,,,0.4962474953149915,0.30584126242716914,0.34064479711723844,0.09221311475409837,0.0,0.12698924056376656,0.06301809256172208,0.08431495624132038,0.7248677248677247,0.2899470899470899,0.9274126436467305,1022,4892.926847495548,0.03150904628086104,0.04215747812066019,154.17145848660473,363.71637240465117,0.040961760165119356,0.05480472155685825,196.42289603258615,215.21678840511905,0.05356537867746376,0.07166771280512232,240.09147942722802,125.85341605697275,0.0756217110740665,0.10117794748958445,210.01150036785134,63.145203542474185,digital_ads,240.09147942722802
tariff_13,MID,tariff_19,unseen_target,0,,,0.4634105811478127,0.3065339455123651,0.34126684537378904,0.09221311475409837,0.0,0.12698924056376656,0.05884815776917445,0.08164812374131221,0.6402116402116402,0.2560846560846561,0.9127543054241711,1022,4892.926847495548,0.029424078884587226,0.040824061870656105,143.96986553722368,387.8641772655761,0.0382513025499634,0.05307128043185294,183.16082519839085,229.50543033466036,0.05002093410379828,0.06940090518011538,222.74877141328025,134.209057877362,0.07061778932300934,0.09797774848957465,185.52767728933685,67.33753077527365,digital_ads,222.74877141328025
tariff_13,MID,tariff_20,unseen_target,0,,,0.44083520265787723,0.3070112456675356,0.3416956320562672,0.09221311475409837,0.0,0.12698924056376656,0.055981327599297956,0.07987649062604524,0.5820105820105821,0.23280423280423285,0.9014989730279468,1022,4892.926847495548,0.027990663799648978,0.03993824531302262,136.95627038452423,405.2603704174035,0.03638786293954368,0.0519197189069294,174.04315149988153,239.79903574994287,0.04758412845940326,0.06789501703213845,210.8256596536912,140.2285018745341,0.06717759311915755,0.09585178875125429,168.69504892285818,70.35770319746588,digital_ads,210.8256596536912
tariff_13,MID,tariff_18,unseen_target,0,,,0.42031213130339046,0.3074459149248859,0.3420862327016394,0.09221311475409837,0.0,0.12698924056376656,0.05337511835395569,0.07831296089502356,0.5291005291005292,0.21164021164021168,0.8904027907736436,1022,4892.926847495548,0.026687559176977845,0.03915648044751178,130.5802747911611,421.6040753358755,0.034693826930071205,0.05090342458176531,165.75435722850943,249.4698670626482,0.045368850600862334,0.06656601676077002,199.98646714497383,145.88376309199845,0.06405014202474682,0.09397555307402826,153.39265949878654,73.19515196803394,digital_ads,199.98646714497383
tariff_13,MID,tariff_5,unseen_target,0,,,0.3997890599489036,0.3078813048481266,0.342477587405344,0.09221311475409837,0.0,0.12698924056376656,0.05076890910861342,0.0767970666340834,0.4761904761904762,0.1904761904761905,0.8784642047386133,1022,4892.926847495548,0.02538445455430671,0.0383985333170417,124.20427919779793,438.4123958182176,0.03299979092059872,0.04991809331215421,157.4655629571373,259.41561882734766,0.0431535727423214,0.06527750663897089,189.14727463625644,151.6997909405597,0.060922690930336094,0.09215647996090007,138.09027007471502,76.11326316288499,digital_ads,189.14727463625644
tariff_13,MID,tariff_6,unseen_target,0,,,0.3997890599489036,0.3078813048481266,0.342477587405344,0.09221311475409837,0.0,0.12698924056376656,0.05076890910861342,0.0767970666340834,0.4761904761904762,0.1904761904761905,0.8784642047386133,1022,4892.926847495548,0.02538445455430671,0.0383985333170417,124.20427919779793,438.4123958182176,0.03299979092059872,0.04991809331215421,157.4655629571373,259.41561882734766,0.0431535727423214,0.06527750663897089,189.14727463625644,151.6997909405597,0.060922690930336094,0.09215647996090007,138.09027007471502,76.11326316288499,digital_ads,189.14727463625644
tariff_13,MID,tariff_7,unseen_target,0,,,0.3997890599489036,0.3078813048481266,0.342477587405344,0.09221311475409837,0.0,0.12698924056376656,0.05076890910861342,0.0767970666340834,0.4761904761904762,0.1904761904761905,0.8784642047386133,1022,4892.926847495548,0.02538445455430671,0.0383985333170417,124.20427919779793,438.4123958182176,0.03299979092059872,0.04991809331215421,157.4655629571373,259.41561882734766,0.0431535727423214,0.06527750663897089,189.14727463625644,151.6997909405597,0.060922690930336094,0.09215647996090007,138.09027007471502,76.11326316288499,digital_ads,189.14727463625644
tariff_13,MID,tariff_3,unseen_target,0,,,0.37926598859441685,0.30831741238419647,0.34286969358531333,0.09221311475409837,0.0,0.12698924056376656,0.048162699863271145,0.07533168359392858,0.4232804232804233,0.16931216931216933,0.8656696271637411,1022,4892.926847495548,0.024081349931635573,0.03766584179696429,117.82828360443477,455.6346476778474,0.03130575491112625,0.04896559433605358,149.1767686857652,269.6063004010931,0.04093829488378047,0.0640319310548393,178.3080821275391,157.65904763939355,0.057795239835925376,0.0903980203127143,122.78788065064344,79.10323744407073,digital_ads,178.3080821275391
tariff_13,MID,tariff_17,unseen_target,0,,,0.33821984588544324,0.30919176814372,0.3436561500800472,0.09221311475409837,0.0,0.12698924056376656,0.04295028137258661,0.07256458710839826,0.3174603174603175,0.126984126984127,0.8374867315701732,1022,4892.926847495548,0.021475140686293304,0.03628229355419913,105.07629241770847,491.0465135437438,0.027917682892181297,0.047166981620458875,132.59918014302102,290.5600671856471,0.03650773916669861,0.06167989904213852,156.6296971101044,169.9122884234408,0.051540337647103925,0.08707750453007791,92.18310180250032,85.25113082356663,digital_ads,156.6296971101044
tariff_13,MID,tariff_10,history,28,0.5306829779510537,0.06698564593301436,0.5296477952744761,0.1395647661077116,0.2048861243195845,0.0684842502168496,0.012384191838679883,0.0776028221926646,0.04110216368142199,0.029765451491921186,0.7407407407407407,0.2962962962962963,0.9951322330076754,1022,4892.926847495548,0.020551081840710996,0.014882725745960593,100.55494008349305,2918.4156120667485,0.026716406392924295,0.019347543469748773,126.72142210854096,1726.8731432347622,0.03493683912920869,0.025300633768133008,148.9433981419382,1009.8323917185982,0.04932259641770639,0.035718541790305425,81.33185620038333,506.66937709492163,digital_ads,148.9433981419382
tariff_13,MID,tariff_4,history,73,0.2074998610972142,0.17464114832535885,0.20906044242102964,0.0988000134316536,0.1796147061186665,0.1719229370590299,0.018500331295552598,0.19481421017514508,0.04072794496911929,0.04567457433324154,0.2645502645502646,0.10582010582010584,0.8777754991440022,1022,4892.926847495548,0.020363972484559643,0.02283728716662077,99.6394276913625,1239.4330471168453,0.02647316422992754,0.029688473316607,125.53125599877126,733.392335572098,0.034618753223751395,0.03882338818325531,147.38702707531624,428.8695664764172,0.04887353396294314,0.05480948919988985,79.13462645926995,215.1793484577857,digital_ads,147.38702707531624
tariff_13,MID,tariff_16,unseen_target,0,,,0.29717370317646963,0.31006895802330786,0.3444455816666253,0.09221311475409837,0.0,0.12698924056376656,0.03773786288190206,0.07003706227059449,0.2116402116402117,0.08465608465608469,0.8058651488511415,1022,4892.926847495548,0.01886893144095103,0.035018531135297244,92.32430123098216,527.1281951912846,0.024529610873236345,0.04552409047588642,116.02159160027682,311.9101746693992,0.03207718344961675,0.059531502930005316,134.95131209266964,182.39729937414694,0.04528543545828247,0.08404447472471338,61.57832295435716,91.5153116651536,digital_ads,134.95131209266964
tariff_13,MID,tariff_15,unseen_target,0,,,0.2356044891130092,0.31139000440326436,0.3456352627297524,0.09221311475409837,0.0,0.12698924056376656,0.02991923514587525,0.06675382086990296,0.05291005291005291,0.021164021164021163,0.7522718787679279,1022,4892.926847495548,0.014959617572937624,0.03337691043495148,73.19631445089269,580.2562551552189,0.019447502844818915,0.043389983565436926,91.15520878616051,343.3468965415496,0.02543134987399396,0.056740747739417514,102.43373456651756,200.7807111263733,0.0359030821750503,0.08010458504388356,15.671154682142458,100.73893318666995,digital_ads,102.43373456651756
tariff_13,MID,tariff_2,unseen_target,0,,,0.2171337248939711,0.3117875392675552,0.34599345317869423,0.09221311475409837,0.0,0.12698924056376656,0.027573646825067202,0.06589957900946582,0.005291005291005306,0.0021164021164021226,0.7348558537981598,1022,4892.926847495548,0.013786823412533601,0.03294978950473291,67.45791841686585,595.3972281619455,0.017922870436293686,0.042834726356152784,83.69529394192561,352.30605216683153,0.02343759980130712,0.05601464215804594,92.67846130867193,206.01980213216112,0.03308837619008064,0.07907949481135898,1.899004200478032,103.3675743336711,digital_ads,92.67846130867193
tariff_13,MID,tariff_9,history,28,0.4255827154080514,0.06698564593301436,0.3780321261211969,0.13916470978494339,0.20461382272350886,0.06218870120526955,0.011841062976281333,0.07046903056898626,0.026639557451693496,0.02261047666125312,0.2116402116402117,0.08465608465608469,0.9676655078459291,1022,4892.926847495548,0.013319778725846748,0.01130523833062656,65.1727029303956,5057.6951956798475,0.017315712343600773,0.014696809829814528,80.72451380951428,2992.7190506981337,0.02264362383393947,0.01921890516206515,88.79359498167251,1750.0675417577322,0.031967468942032194,0.027132571993503742,-3.5855129670505903,878.0720825833066,digital_ads,88.79359498167251
tariff_13,MID,tariff_11,history_sparse,9,0.33150539961217657,0.0215311004784689,0.5331466167178888,0.182155902037606,0.23596773645380828,0.026158020554272392,0.007825712725598863,0.02964092052636401,0.015802956495034794,0.012964105467686105,1.0582010582010581,0.42328042328042326,0.9880708893579038,1022,4892.926847495548,0.007901478247517397,0.006482052733843053,38.66135505217994,15384.62723171461,0.010271921721772617,0.008426668553995969,46.259761567833934,9103.32972290805,0.013432513020779574,0.011019489647533189,43.72430358870591,5323.400426198827,0.018963547794041753,0.015556926561223325,-67.21274787476813,2670.9422277282306,sms,46.259761567833934
tariff_13,MID,tariff_12,history_sparse,3,-0.47648097036384174,0.007177033492822967,0.6374876692946382,0.2080316563025529,0.25647060265064203,0.009762906602668986,0.004820991654648681,0.011062822514250266,0.007052412940429651,0.006523522535140363,1.5873015873015872,0.6349206349206349,0.9935336451614367,1022,4892.926847495548,0.0035262064702148255,0.0032617612675701815,17.25347030792663,60758.59952376542,0.004584068411279273,0.004240289647841236,18.42951140030462,35951.83403773102,0.005994550999365203,0.0055449941548693085,7.330899523475267,21023.7368594344,0.008462895528515582,0.007828227042168436,-118.59167126097609,10548.367972875943,sms,18.42951140030462
tariff_13,MID,tariff_21,history_sparse,2,0.9109967808030623,0.004784688995215311,0.47283581255553275,0.2133591888128101,0.2608105508810185,0.0038830220512190788,0.0030494205079672704,0.004400040430563274,0.002080496692262582,0.002718628887284147,0.5291005291005292,0.21164021164021168,0.9650800334802536,1022,4892.926847495548,0.001040248346131291,0.0013593144436420735,5.089859060848635,349842.23131374177,0.0013523228499706785,0.0017671087767346955,2.6168167791032264,207007.23746375256,0.0017684221884231945,0.002310834554191525,-13.347239596557321,121052.67519506636,0.0024965960307150987,0.0032623546647409765,-147.78433825396328,60736.49849196907,push,5.089859060848635
tariff_13,MID,tariff_1,history,41,-0.5026469914005135,0.09808612440191387,-0.34778252600694337,0.1229561279500942,0.19395414251951396,0.0975453378968633,0.014547660999742924,0.11053334874171152,-0.038441567233398824,0.032637306946734154,-0.5238095238095237,-0.2095238095238095,0.03647708594263627,1022,4892.926847495548,-0.019220783616699412,0.016318653473367077,-94.04588818805112,2427.4117897657466,-0.02498701870170924,0.0212142495153772,-126.25965464446648,1436.338337139495,-0.032675332148389004,0.02774171090472403,-181.87800991968695,839.9348753514693,-0.04612988068007859,0.039164768336080985,-385.71013165132274,421.425657945442,push,-94.04588818805112
tariff_14,HIGH,tariff_12,history_sparse,2,-0.491185159838258,0.028985507246376812,-0.11257932814066875,0.10525315108097442,0.18324362420688592,0.045752623179497354,0.023451544898706555,0.051844514179596846,-0.005836620574118387,0.012942287472708258,0.8624338624338626,0.34497354497354504,0.2694855309205819,963,7901.929898789556,-0.0029183102870591936,0.006471143736354129,-23.060283311258175,15436.54149311253,-0.003793803373176952,0.008412486857260369,-33.97836830463563,9134.048220776642,-0.004961127488000629,0.011000944351802018,-61.202481629138894,5341.363838447243,-0.007003944688942065,0.01553074496724991,-215.3446799470196,2679.955120332036,push,-23.060283311258175
tariff_14,HIGH,tariff_11,history_sparse,4,-0.11611402388397728,0.057971014492753624,-0.11565169095494982,0.10072457351936379,0.18068049067527384,0.08040036194544666,0.03051837242653937,0.09110554576449581,-0.010536510423037507,0.021216154306197558,0.3333333333333334,0.1333333333333334,0.2610571966255658,963,7901.929898789556,-0.005268255211518753,0.010608077153098779,-41.629383370353935,5744.321756791026,-0.006848731774974379,0.013790500299028414,-58.11819838146012,3399.006956681079,-0.00895603385958188,0.018033731160267925,-92.76995172960169,1987.6545871249223,-0.012643812507645008,0.02545938516743707,-259.91052008884947,997.2780827762195,push,-41.629383370353935
tariff_14,HIGH,tariff_1,history_sparse,4,-0.5894525021473119,0.057971014492753624,-0.3813969382287735,0.09996437580866609,0.18025780546432996,0.03721989262913168,0.021246337842938643,0.042175663756013934,-0.016085669024309968,0.016737630156414243,-1.2486772486772486,-0.49947089947089945,0.01717914682179883,963,7901.929898789556,-0.008042834512154984,0.008368815078207121,-63.553914502613985,9229.627090944194,-0.01045568486580148,0.010879459601669259,-86.62008885339819,5461.317805292421,-0.013672818670663472,0.014226985632952105,-130.0416546544438,3193.642592022213,-0.01930280282917196,0.02008515618769709,-312.52939480627356,1602.3658144000337,push,-63.553914502613985
tariff_14,HIGH,tariff_13,history_sparse,4,-0.5219058092350353,0.057971014492753624,-0.30811686680122546,0.10141871096521587,0.18106837088195718,0.05662063756308924,0.025939615489400228,0.06415958786627202,-0.019768651188613658,0.020639292069538673,-0.7248677248677247,-0.2899470899470899,0.04440952891164385,963,7901.929898789556,-0.009884325594306829,0.010319646034769337,-78.10524794302398,6069.913401669344,-0.012849623272598877,0.013415539845200138,-105.53682232593117,3591.664734715588,-0.016803353510321608,0.017543398259107872,-154.77892150314077,2100.316055940949,-0.023722381426336387,0.024767150483446406,-347.45259506325755,1053.8044100120392,push,-78.10524794302398
tariff_14,HIGH,tariff_19,unseen_target,0,,,-0.17951393437116345,0.18279568292892712,0.2364619667038504,0.09221311475409837,0.0,0.12698924056376656,-0.02279633819640788,0.04664666770401615,-0.0846560846560846,-0.03386243386243384,0.223876569090179,963,7901.929898789556,-0.01139816909820394,0.023323333852008073,-90.06753318855691,1188.3129767889077,-0.014817619827665123,0.030320334007610496,-121.08779314512398,703.1437732478742,-0.019376887466946695,0.039649667548413724,-175.11480642054673,411.18096082661157,-0.027355605835689453,0.05597600124481938,-376.1620796525366,206.3043362480742,push,-90.06753318855691
tariff_14,HIGH,tariff_20,unseen_target,0,,,-0.18718661751112192,0.1706202851589666,0.22718116494931326,0.09221311475409837,0.0,0.12698924056376656,-0.023770686401437622,0.045661673964901096,-0.14285714285714274,-0.0571428571428571,0.2049831130784217,963,7901.929898789556,-0.011885343200718811,0.022830836982450548,-93.91714879513513,1240.1334770435,-0.015450946160934455,0.029680088077185713,-126.09229343367568,733.8067911500001,-0.020205083441221974,0.03881242287016593,-181.6591529517297,429.11192977283747,-0.028524823681725143,0.05479400875788131,-385.4011571083243,215.30095087560775,push,-93.91714879513513
tariff_14,HIGH,tariff_18,unseen_target,0,,,-0.19416178400199324,0.16006955135387985,0.2193678674524425,0.09221311475409837,0.0,0.12698924056376656,-0.024656457496919203,0.044908107083929324,-0.19576719576719565,-0.07830687830687827,0.1880522292035573,963,7901.929898789556,-0.012328228748459602,0.022454053541964662,-97.41679934656987,1282.1020355866726,-0.016026697372997483,0.02919026960455406,-130.64183915054085,758.6402577435932,-0.02095798887238132,0.03817189102133992,-187.60855888916876,443.63392234832986,-0.02958774899630304,0.05388972850071519,-393.80031843176766,222.58715895601958,push,-97.41679934656987
tariff_14,HIGH,tariff_21,no_history_for_cell,0,,,-0.19416178400199324,0.11045316698496423,0.18627909731638811,0.09221311475409837,0.0,0.12698924056376656,-0.024656457496919203,0.040077923575221,-0.19576719576719565,-0.07830687830687827,0.1486324734467726,963,7901.929898789556,-0.012328228748459602,0.0200389617876105,-97.41679934656987,1609.7619704695478,-0.016026697372997483,0.02605065032389365,-130.64183915054085,952.5218760174839,-0.02095798887238132,0.034066235038937846,-187.60855888916876,557.0110624462104,-0.02958774899630304,0.048093508290265194,-393.80031843176766,279.47256431762986,push,-97.41679934656987
tariff_14,HIGH,tariff_5,unseen_target,0,,,-0.20113695049286456,0.15011957909416482,0.2122166063893427,0.09221311475409837,0.0,0.12698924056376656,-0.025542228592400785,0.044296824464187756,-0.24867724867724855,-0.09947089947089943,0.17161797848932975,963,7901.929898789556,-0.012771114296200392,0.022148412232093878,-100.91644989800463,1317.7314196279094,-0.016602448585060513,0.028792935901722043,-135.19138486740604,779.7227335076387,-0.021710894303540663,0.03765230079455959,-193.55796482660782,455.96242893699286,-0.03065067431088094,0.053156189357025305,-402.1994797552111,228.77281590762317,push,-100.91644989800463
tariff_14,HIGH,tariff_6,unseen_target,0,,,-0.20113695049286456,0.15011957909416482,0.2122166063893427,0.09221311475409837,0.0,0.12698924056376656,-0.025542228592400785,0.044296824464187756,-0.24867724867724855,-0.09947089947089943,0.17161797848932975,963,7901.929898789556,-0.012771114296200392,0.022148412232093878,-100.91644989800463,1317.7314196279094,-0.016602448585060513,0.028792935901722043,-135.19138486740604,779.7227335076387,-0.021710894303540663,0.03765230079455959,-193.55796482660782,455.96242893699286,-0.03065067431088094,0.053156189357025305,-402.1994797552111,228.77281590762317,push,-100.91644989800463
tariff_14,HIGH,tariff_7,unseen_target,0,,,-0.20113695049286456,0.15011957909416482,0.2122166063893427,0.09221311475409837,0.0,0.12698924056376656,-0.025542228592400785,0.044296824464187756,-0.24867724867724855,-0.09947089947089943,0.17161797848932975,963,7901.929898789556,-0.012771114296200392,0.022148412232093878,-100.91644989800463,1317.7314196279094,-0.016602448585060513,0.028792935901722043,-135.19138486740604,779.7227335076387,-0.021710894303540663,0.03765230079455959,-193.55796482660782,455.96242893699286,-0.03065067431088094,0.053156189357025305,-402.1994797552111,228.77281590762317,push,-100.91644989800463
tariff_14,HIGH,tariff_3,unseen_target,0,,,-0.2081121169837359,0.14089770040017538,0.20579640905044377,0.09221311475409837,0.0,0.12698924056376656,-0.02642799968788237,0.04383377917229048,-0.30158730158730146,-0.1206349206349206,0.15594781583359157,963,7901.929898789556,-0.013213999843941185,0.02191688958614524,-104.41610044943938,1345.7186091040287,-0.017178199797123542,0.02849195646198881,-139.7409305842712,796.2832006532713,-0.022463799734700012,0.0372587122964469,-199.50737076404693,465.64657754464673,-0.03171359962545884,0.05260053500674857,-410.5986410786545,233.63170296944944,push,-104.41610044943938
tariff_14,HIGH,tariff_17,unseen_target,0,,,-0.22206244996547855,0.12527031356617938,0.19542940275447016,0.09221311475409837,0.0,0.12698924056376656,-0.028199541878845533,0.04336987622586954,-0.4074074074074073,-0.16296296296296292,0.127919776034835,963,7901.929898789556,-0.014099770939422766,0.02168493811293477,-111.41540155230886,1374.6613537898088,-0.0183297022212496,0.028190419546815202,-148.84002201800155,813.4090850827271,-0.0239696105970187,0.03686439479198911,-211.40618263892506,475.6613680933596,-0.033839450254614635,0.05204385147104345,-427.39696372554124,238.65648503295296,push,-111.41540155230886
tariff_14,HIGH,tariff_9,no_history_for_cell,0,,,-0.23601278294722122,0.11045316698496423,0.18627909731638811,0.09221311475409837,0.0,0.12698924056376656,-0.0299710840698087,0.04320313362548642,-0.513227513227513,-0.20529100529100522,0.10258036430547463,963,7901.929898789556,-0.01498554203490435,0.02160156681274321,-118.41470265517837,1385.2928481596762,-0.019481204645375658,0.028082036856566173,-157.9391134517319,819.6999101536545,-0.025475421459337393,0.036722663581663456,-223.30499451380322,479.3400858684001,-0.03596530088377044,0.0518437603505837,-444.1952863724281,240.50223058327714,push,-118.41470265517837
tariff_14,HIGH,tariff_16,unseen_target,0,,,-0.23601278294722122,0.11464610642916036,0.1887954706007704,0.09221311475409837,0.0,0.12698924056376656,-0.0299710840698087,0.04353591602146458,-0.513227513227513,-0.20529100529100522,0.10563193054176767,963,7901.929898789556,-0.01498554203490435,0.02176795801073229,-118.41470265517837,1364.195822919438,-0.019481204645375658,0.02829834541395198,-157.9391134517319,807.2164632659396,-0.025475421459337393,0.037005528618244896,-223.30499451380322,472.04007713475363,-0.03596530088377044,0.0522430992257575,-444.1952863724281,236.8395525901802,push,-118.41470265517837
tariff_14,HIGH,tariff_15,unseen_target,0,,,-0.2569382824198352,0.11108645759496985,0.1866553001149419,0.09221311475409837,0.0,0.12698924056376656,-0.03262839735625345,0.0449436084169279,-0.6719576719576719,-0.26878306878306873,0.08432742551201272,963,7901.929898789556,-0.016314198678126723,0.02247180420846395,-128.9136543094826,1280.0773492724086,-0.02120845828156474,0.029213345471003134,-171.5877506023274,757.4422185043837,-0.027734137752815424,0.03820206715438871,-241.15321232612038,442.93333884858424,-0.03915407682750413,0.05393233010031347,-469.39277034275824,222.2356509153487,push,-128.9136543094826
tariff_14,HIGH,tariff_4,history_sparse,9,-0.3053638847426319,0.13043478260869565,-0.22610995590942065,0.09378071309909618,0.17690342605324236,0.12906962345715123,0.03763021602257485,0.14625504415838866,-0.03306972158618363,0.03691311491057429,-0.4603174603174602,-0.18412698412698408,0.10059743214105216,963,7901.929898789556,-0.016534860793091816,0.018456557455287147,-130.65731087325543,1897.6263381340261,-0.02149531903101936,0.02399352469187329,-173.85450413523202,1122.8558213810807,-0.028109263348256086,0.03137614767398815,-244.1174284845342,656.6181100809778,-0.03968366590342035,0.04429573789268915,-473.577546095813,329.4490170371573,push,-130.65731087325543
tariff_14,HIGH,tariff_2,unseen_target,0,,,-0.26321593226161943,0.11316266296236305,0.1878983456253231,0.09221311475409837,0.0,0.12698924056376656,-0.033425591342186874,0.04562207595013601,-0.7195767195767194,-0.28783068783068777,0.08063063277121618,963,7901.929898789556,-0.016712795671093437,0.022811037975068005,-132.0633398057739,1242.2871771557836,-0.02172663437242147,0.029654349367588408,-175.6823417475061,735.0811699146649,-0.02841175264085884,0.03877876455761561,-246.5076776698156,429.8571547251846,-0.04011070961062425,0.05474649114016321,-476.9520155338573,215.67485714510138,push,-132.0633398057739
tariff_14,HIGH,tariff_10,history_sparse,11,-0.31563956750404537,0.15942028985507245,-0.22821109931089528,0.08950627296792199,0.17467504945071052,0.15373640401086908,0.04048313712715253,0.17420616838497294,-0.0397557811938736,0.04313957856201525,0.015873015873015994,0.006349206349206398,0.09569309191735498,963,7901.929898789556,-0.0198778905969368,0.021569789281007626,-157.0736980328027,1389.3775996438142,-0.025841257776017847,0.028040726065309916,-208.19580744264354,822.1169228661622,-0.03379241401479256,0.036668641777712965,-289.0252866557646,480.75349468644094,-0.047706937432648325,0.0517674942744183,-536.9768752787265,241.2113888270512,push,-157.0736980328027
tariff_14,HIGH,tariff_8,history,35,-0.07902045791688786,0.5072463768115942,-0.1269842425923744,0.06931998865878275,0.16524303564039777,0.497132671969665,0.056117179369430316,0.5633251182114039,-0.0715334134693349,0.11315845572379414,-0.24867724867724855,-0.09947089947089943,0.22110413474375612,963,7901.929898789556,-0.03576670673466745,0.05657922786189707,-282.6260093279065,201.92870720444165,-0.04649671875506768,0.0735529962204662,-371.4138121262784,119.48444213280568,-0.06080340144893465,0.09618468736522502,-502.464215857441,69.87152498423586,-0.08584009616320186,0.13579014686855295,-838.3024223869754,35.057067222993346,push,-282.6260093279065
tariff_14,MID,tariff_10,history_sparse,17,0.02607259698889092,0.1440677966101695,0.14726063135769307,0.1601067621051195,0.21939502107337197,0.14280701404278315,0.031024066185336974,0.16182154704967228,0.023829943185813374,0.043480299515276294,0.015873015873015994,0.006349206349206398,0.7489573451988947,755,4882.14572894803,0.011914971592906687,0.021740149757638147,58.17062767284649,1367.6879943549163,0.015489463070778694,0.028262194684929593,71.62181597470044,809.2828368963998,0.020255451707941366,0.03695825458798485,76.89006704383903,473.2484409532582,0.02859593182297605,0.05217635941833155,-20.3904935851684,237.4458323532841,digital_ads,76.89006704383903
tariff_14,MID,tariff_19,unseen_target,0,,,0.18224450359134356,0.31253996378660903,0.3466716443029843,0.09221311475409837,0.0,0.12698924056376656,0.023143091107985347,0.06446455611552386,-0.0846560846560846,-0.03386243386243384,0.7004508865116623,755,4882.14572894803,0.011571545553992674,0.03223227805776193,56.493971703752905,622.2001273448403,0.015043009220190477,0.04190196147509051,69.44216321487878,368.1657558253492,0.019671627441787545,0.05479487269819528,74.03975189637993,215.29416171101738,0.027771709329582416,0.07735746733862862,-24.41446791099304,108.02085544181256,digital_ads,74.03975189637993
tariff_14,MID,tariff_20,unseen_target,0,,,0.1596691251014081,0.31302788404992227,0.34711159040396733,0.09221311475409837,0.0,0.12698924056376656,0.020276260938108852,0.0636665024620796,-0.14285714285714274,-0.0571428571428571,0.6772396083882279,755,4882.14572894803,0.010138130469054426,0.0318332512310398,49.495830369011955,637.8963306431374,0.013179569609770755,0.04138322660035174,60.34457947971555,377.45345008469656,0.01723482179739252,0.05411652709276765,62.142911627320316,220.72537392496108,0.02433151312573062,0.07639980295449551,-41.21000711437132,110.74589073665581,digital_ads,62.142911627320316
tariff_14,MID,tariff_18,unseen_target,0,,,0.1391460537469213,0.31347216496345953,0.3475122993605815,0.09221311475409837,0.0,0.12698924056376656,0.01767005169276658,0.06303394095831415,-0.19576719576719565,-0.07830687830687827,0.6555712937733562,755,4882.14572894803,0.00883502584638329,0.03151697047915707,43.133883701065635,650.7634721106266,0.011485533600298279,0.0409720616229042,52.07404881138534,385.06714326072574,0.015019543938851592,0.05357884981456702,51.32760229181157,225.17767201059746,0.021204062031319894,0.07564072914997698,-56.47867911744248,112.97976946365043,sms,52.07404881138534
tariff_14,MID,tariff_9,history_sparse,7,0.8974573702496068,0.059322033898305086,0.2770154209129362,0.1896616917253783,0.24180892727137357,0.055371423041206264,0.020279536603495213,0.0627440423632517,0.01738106730503527,0.021749835749618942,-0.513227513227513,-0.20529100529100522,0.8740188928336683,755,4882.14572894803,0.008690533652517636,0.010874917874809471,42.428451753918104,5465.880413212758,0.011297693748272926,0.014137393237252313,51.15698728009353,3234.2487652146497,0.01477390720927998,0.0184873603871761,50.12836798166077,1891.308101457702,0.020857280766042326,0.02609980289954273,-58.17171579059655,948.9375717383261,sms,51.15698728009353
tariff_14,MID,tariff_5,unseen_target,0,,,0.11862298239243449,0.3139171257741474,0.34791372760255074,0.09221311475409837,0.0,0.12698924056376656,0.015063842447424309,0.06249268276974549,-0.24867724867724855,-0.09947089947089943,0.6334313326970421,755,4882.14572894803,0.007531921223712154,0.031246341384872745,36.771937033119315,662.0850030342774,0.009791497590825801,0.04062024380033457,43.803518143055115,391.76627398477945,0.01280426608031066,0.05311878035428366,40.51229295630283,229.09515675926556,0.018076610936909168,0.07499121932369458,-71.74735112051366,114.94531302678429,sms,43.803518143055115
tariff_14,MID,tariff_6,unseen_target,0,,,0.11862298239243449,0.3139171257741474,0.34791372760255074,0.09221311475409837,0.0,0.12698924056376656,0.015063842447424309,0.06249268276974549,-0.24867724867724855,-0.09947089947089943,0.6334313326970421,755,4882.14572894803,0.007531921223712154,0.031246341384872745,36.771937033119315,662.0850030342774,0.009791497590825801,0.04062024380033457,43.803518143055115,391.76627398477945,0.01280426608031066,0.05311878035428366,40.51229295630283,229.09515675926556,0.018076610936909168,0.07499121932369458,-71.74735112051366,114.94531302678429,sms,43.803518143055115
tariff_14,MID,tariff_7,unseen_target,0,,,0.11862298239243449,0.3139171257741474,0.34791372760255074,0.09221311475409837,0.0,0.12698924056376656,0.015063842447424309,0.06249268276974549,-0.24867724867724855,-0.09947089947089943,0.6334313326970421,755,4882.14572894803,0.007531921223712154,0.031246341384872745,36.771937033119315,662.0850030342774,0.009791497590825801,0.04062024380033457,43.803518143055115,391.76627398477945,0.01280426608031066,0.05311878035428366,40.51229295630283,229.09515675926556,0.018076610936909168,0.07499121932369458,-71.74735112051366,114.94531302678429,sms,43.803518143055115
tariff_14,MID,tariff_3,unseen_target,0,,,0.0980999110379477,0.3143627635949303,0.34831587264298197,0.09221311475409837,0.0,0.12698924056376656,0.01245763320208204,0.062045117429378946,-0.30158730158730146,-0.1206349206349206,0.6108904688891729,755,4882.14572894803,0.00622881660104102,0.031022558714689473,30.409990365173,671.6714167225399,0.008097461581353327,0.04032932632909632,35.53298747472491,397.43870811984607,0.010588988221769732,0.0527383498149721,29.696983620794093,232.41225492129416,0.014949159842498446,0.07445414091525474,-87.0160231235848,116.60962095877427,sms,35.53298747472491
tariff_14,MID,tariff_12,history_sparse,6,-0.9876771244507488,0.05084745762711865,0.14689359599465274,0.19397197601056496,0.24520425664625642,0.048824389543896896,0.01910879971450089,0.055325281483598894,0.008126929546542217,0.01744285810099296,0.8624338624338626,0.34497354497354504,0.7254356486599595,755,4882.14572894803,0.004063464773271109,0.00872142905049648,19.83842718755632,8498.392657635159,0.005282504205252442,0.011337857765645424,21.78995534382322,5028.634708659858,0.006907890114560885,0.014826429385844015,11.725326218845744,2940.620296759571,0.00975231545585066,0.02093142972119155,-112.38777474986483,1475.415391950549,sms,21.78995534382322
tariff_14,MID,tariff_17,unseen_target,0,,,0.0570537683289741,0.31525605877837215,0.349122303206874,0.09221311475409837,0.0,0.12698924056376656,0.007245214711397498,0.06143882747156621,-0.4074074074074073,-0.16296296296296292,0.5649063488269203,755,4882.14572894803,0.003622607355698749,0.030719413735783106,17.686097029280365,684.993185752712,0.004709389562408375,0.039935237856518035,18.991926138064482,405.3214116879953,0.006158432504687873,0.05222300335083128,8.06636494977662,237.02186358225333,0.008694257653676998,0.07372659296587945,-117.55336712972712,118.92242808206807,sms,18.991926138064482
tariff_14,MID,tariff_11,history_sparse,3,-0.4665757981003326,0.025423728813559324,0.2207830834129156,0.2078690311727313,0.25633870975857304,0.028102493780569046,0.014654375265882104,0.03184429735477192,0.0070306821591042965,0.011837345370481766,0.3333333333333334,0.1333333333333334,0.8054620277323896,755,4882.14572894803,0.0035153410795521482,0.005918672685240883,17.16240743733108,18452.849979841485,0.004569943403417793,0.007694274490813148,18.311129668530405,10918.846141918038,0.005976079835238652,0.0100617435649095,7.176092643462834,6385.069197176985,0.008436818590925156,0.014204814444578119,-118.81022215040541,3203.619788166925,sms,18.311129668530405
tariff_14,MID,tariff_16,unseen_target,0,,,0.01600762562000052,0.3161520276562679,0.3499315712981176,0.09221311475409837,0.0,0.12698924056376656,0.002032796220712959,0.06122643616529215,-0.513227513227513,-0.20529100529100522,0.5182432584508205,755,4882.14572894803,0.0010163981103564796,0.030613218082646075,4.962203693387735,689.753839788427,0.0013213175434634236,0.039797183507439896,2.450864801404057,408.1383667387143,0.001727876787606015,0.05204247074049833,-13.564253721240851,238.66914871571865,0.0024393554648555506,0.07347172339835058,-148.09071113586944,119.74893051882417,push,4.962203693387735
tariff_14,MID,tariff_21,history_sparse,1,-1.0,0.00847457627118644,0.07473045756662769,0.21930867802270476,0.2656996354082301,0.008216525886835293,0.008004554985330814,0.009310543598250946,0.0006957811832913294,0.004005372992285554,-0.19576719576719565,-0.07830687830687827,0.610744185864165,755,4882.14572894803,0.0003478905916456647,0.002002686496142777,1.6984525661440852,161170.72466703592,0.0004522577691393641,0.00260349244498561,-1.7920116640126893,95367.2927023881,0.0005914140057976299,0.003404567043442721,-19.112630637555057,55768.41683980481,0.0008349374199495953,0.004806447590742665,-155.9237138412542,27981.028588027068,push,1.6984525661440852
tariff_14,MID,tariff_13,history_sparse,9,0.1408564748381596,0.07627118644067797,0.0027134585443977623,0.18297318265900778,0.23659920873148882,0.08462163872359786,0.024678893350288306,0.09588887901562476,0.0002601904980776703,0.026779461040835388,-0.7248677248677247,-0.2899470899470899,0.5045752038458879,755,4882.14572894803,0.00013009524903883515,0.013389730520417694,0.6351439644513793,3605.5242790541356,0.0001691238237504857,0.017406649676543002,-3.1743128462132066,2133.446318966944,0.00022116192336601973,0.02276254188471008,-20.920255260432654,1247.5862557280745,0.00031222859769320434,0.03213535324900246,-158.47565448531668,625.9590762246764,push,0.6351439644513793
tariff_14,MID,tariff_4,history,25,-0.03408918148701709,0.211864406779661,-0.01212626116352362,0.14438554956679153,0.20819987253527417,0.20201387838559653,0.03560187876925248,0.22891171379066869,-0.00277584322481542,0.05486016781131351,-0.4603174603174602,-0.18412698412698408,0.4767773895373734,755,4882.14572894803,-0.00138792161240771,0.027430083905656755,-6.776035572130964,859.1279048992611,-0.0018042980961300227,0.035659109077353784,-12.808846243770253,508.3597070409828,-0.0023594667410931068,0.046631142639616485,-33.51926047262264,297.27609166064394,-0.0033310118697785036,0.0658322013735762,-176.26248537311432,149.15415015612174,push,-6.776035572130964
tariff_14,MID,tariff_15,unseen_target,0,,,-0.04556158844345992,0.3175009446176348,0.3511507508650528,0.09221311475409837,0.0,0.12698924056376656,-0.005785831515313858,0.06165325017747982,-0.6719576719576719,-0.26878306878306873,0.44838236082236876,755,4882.14572894803,-0.002892915757656929,0.03082662508873991,-14.123636310451232,680.2368207698432,-0.0037607904849540083,0.04007461261536189,-22.360727203586602,402.5069945383687,-0.00491795678801678,0.05240526265085785,-46.01018172776709,235.3760625501188,-0.00694299781837663,0.07398390021297578,-193.89672714508296,118.09667027254223,push,-14.123636310451232
tariff_14,MID,tariff_2,unseen_target,0,,,-0.06403235266249802,0.31790677151035557,0.3515177312343396,0.09221311475409837,0.0,0.12698924056376656,-0.008131419836121898,0.06195380899632531,-0.7195767195767194,-0.28783068783068777,0.4277287124481489,755,4882.14572894803,-0.004065709918060949,0.030976904498162657,-19.849388311602908,673.652714065425,-0.005285422893479235,0.04026997584761145,-29.804204805083785,398.6110734114942,-0.0069117068607036135,0.05266073764687652,-55.74396012972495,233.09782493613326,-0.009757703803346278,0.07434457079559037,-207.63853194784699,116.95359619191412,push,-19.849388311602908
tariff_14,MID,tariff_8,history,42,-0.08540354020043892,0.3559322033898305,-0.041211813202891225,0.12169466105125208,0.1931569064992995,0.3629132598308021,0.04263687299259783,0.4112345989747126,-0.01694772347551174,0.09110512154000122,-0.24867724867724855,-0.09947089947089943,0.4155233802259795,755,4882.14572894803,-0.00847386173775587,0.04555256077000061,-41.37062789068095,311.52040956241166,-0.011016020259082632,0.0592183290010008,-57.78181625788525,184.33160329136783,-0.014405564954184977,0.07743935330900104,-92.33006741415761,107.79252926035008,-0.020337268170614084,0.10932614584800146,-259.28950693763426,54.083404437918695,push,-41.37062789068095
tariff_14,MID,tariff_1,history_sparse,8,-0.5189085581232451,0.06779661016949153,-0.35066416427512437,0.18565581575273335,0.23867987330902635,0.06712937676471292,0.02218971175117597,0.0760675494362746,-0.02667416365152794,0.027774351586264522,-1.2486772486772486,-0.49947089947089945,0.07089172089262541,755,4882.14572894803,-0.01333708182576397,0.013887175793132261,-65.11357707228396,3351.847346113803,-0.017338206373493162,0.01805332853107194,-88.64765019396916,1983.34162491941,-0.02267303910379875,0.023608198848324845,-132.69308102288275,1159.8087702815928,-0.03200899638183353,0.03332922190351743,-316.2725849734815,581.9179420336463,push,-65.11357707228396
tariff_10,MID,tariff_11,history,86,0.41415618583543296,0.23822714681440443,0.38399607607285896,0.09202533714933825,0.17597915409914144,0.24092875267456365,0.021319044380726602,0.2730080433925018,0.10483401739904949,0.07886047416046801,0.31746031746031744,0.12698412698412698,0.9854472385650579,645,4656.899453139401,0.052417008699524745,0.03943023708023401,244.10073914802,415.770164018355,0.06814211130938218,0.05125930820430421,313.33096089242605,246.01784853157105,0.08910891478919207,0.0670314030363978,392.97125655163404,143.8651086568703,0.12580082087885938,0.09463256899256162,425.84177395524796,72.18232014207554,call,425.84177395524796
tariff_10,MID,tariff_8,history,138,0.2181150257487877,0.38227146814404434,0.19809291435746385,0.07517740647538047,0.16778451193231328,0.3801852225363395,0.02419974146415439,0.43080629679592025,0.08533967485585038,0.09403368913049563,-0.26455026455026454,-0.10582010582010581,0.8811268897188869,645,4656.899453139401,0.04266983742792519,0.047016844565247816,198.70914258365195,292.41869825265496,0.055470788656302755,0.061121897934822166,254.32188535874758,173.0288155341154,0.07253872362747282,0.07992863576092128,315.80554239220834,101.18294057185295,0.10240760982702045,0.11284042695659476,316.90194220076467,50.767135113308164,call,316.90194220076467
tariff_10,MID,tariff_12,history,30,0.30191127470411855,0.08310249307479224,0.3802580256786231,0.13595768766677557,0.2024462714788704,0.08556649414912779,0.013944729090775113,0.0969595404794358,0.03686964343341679,0.03066480672083995,0.8465608465608465,0.3386243386243386,0.9698310102293946,645,4656.899453139401,0.018434821716708395,0.015332403360419975,85.84911117126168,2749.739962804269,0.023965268231720915,0.019932124368545967,107.60384452264019,1627.0650667480877,0.03133919691840427,0.026065085712713956,123.94348899114485,951.4671151571865,0.044243572120100154,0.03679776806500794,46.03786681102807,477.3854102090744,digital_ads,123.94348899114485
tariff_10,MID,tariff_14,unseen_target,0,,,0.20892449635217633,0.31196440121085506,0.34615283853068046,0.09221311475409837,0.0,0.12698924056376656,0.02653116312693029,0.06554055105021765,-0.015873015873015994,-0.006349206349206398,0.7269323631420771,645,4656.899453139401,0.013265581563465145,0.032770275525108826,61.776479528476955,601.9382090794069,0.01724525603250469,0.04260135818264148,76.30942338702005,356.176455076572,0.022551488657890743,0.055709468392685,83.0200151984108,208.2831173285145,0.031837395752316346,0.07864866126026118,-11.73644913165532,104.50316129850813,digital_ads,83.0200151984108
tariff_10,MID,tariff_19,unseen_target,0,,,0.17608758218499748,0.3126729507927959,0.34679154279981245,0.09221311475409837,0.0,0.12698924056376656,0.02236122833438266,0.06423649057504713,-0.10052910052910058,-0.04021164021164023,0.6941898839652845,645,4656.899453139401,0.01118061416719133,0.032118245287523564,52.066996000955946,626.6260949699841,0.014534798417348732,0.04175371887378063,63.687094801242736,370.78467157987217,0.01900704408422526,0.05460101698879006,66.5138932016251,216.82563839791834,0.026833474001259194,0.07708378869005655,-35.03920959770572,108.78925259895558,digital_ads,66.5138932016251
tariff_10,MID,tariff_20,unseen_target,0,,,0.15351220369506202,0.3131610967625215,0.3472317274177366,0.09221311475409837,0.0,0.12698924056376656,0.019494398164506165,0.06346730197743004,-0.15873015873015872,-0.06349206349206349,0.6707926791477279,645,4656.899453139401,0.009747199082253083,0.03173365098871502,45.39172607578525,641.9068578297275,0.012671358806929009,0.04125374628532953,55.009243898520836,379.8265430945132,0.01657023843983024,0.05394720668081553,55.16593432883492,222.11309959506147,0.023393277797407398,0.07616076237291605,-51.0598574181154,111.44216281766101,digital_ads,55.16593432883492
tariff_10,MID,tariff_18,unseen_target,0,,,0.13298913234057522,0.31360558194905774,0.3476326524214996,0.09221311475409837,0.0,0.12698924056376656,0.016888188919163893,0.06286186165147364,-0.21164021164021163,-0.08465608465608465,0.6489756871884937,645,4656.899453139401,0.008444094459581946,0.03143093082573682,39.32329887108461,654.3311742560891,0.010977322797456533,0.04086021007345787,47.12028853241001,387.1782096189875,0.014354960581289308,0.05343258240375259,44.849608080843836,226.41217102286825,0.020265826702996672,0.07543423398176836,-65.62408270939693,113.59916219723773,sms,47.12028853241001
tariff_10,MID,tariff_5,unseen_target,0,,,0.11246606098608841,0.31405074616537,0.3480342959638111,0.09221311475409837,0.0,0.12698924056376656,0.014281979673821622,0.0623484754450764,-0.26455026455026454,-0.10582010582010581,0.6267078481422339,645,4656.899453139401,0.007140989836910811,0.0311742377225382,33.25487166638398,665.1512503626248,0.009283286787984056,0.04052650903929966,39.23133316629918,393.5806215163459,0.012139682722748379,0.05299620412831494,34.53328183285276,230.15614199398777,0.017138375608585946,0.07481817053409168,-80.18830800067846,115.4776476324001,sms,39.23133316629918
tariff_10,MID,tariff_6,unseen_target,0,,,0.11246606098608841,0.31405074616537,0.3480342959638111,0.09221311475409837,0.0,0.12698924056376656,0.014281979673821622,0.0623484754450764,-0.26455026455026454,-0.10582010582010581,0.6267078481422339,645,4656.899453139401,0.007140989836910811,0.0311742377225382,33.25487166638398,665.1512503626248,0.009283286787984056,0.04052650903929966,39.23133316629918,393.5806215163459,0.012139682722748379,0.05299620412831494,34.53328183285276,230.15614199398777,0.017138375608585946,0.07481817053409168,-80.18830800067846,115.4776476324001,sms,39.23133316629918
tariff_10,MID,tariff_7,unseen_target,0,,,0.11246606098608841,0.31405074616537,0.3480342959638111,0.09221311475409837,0.0,0.12698924056376656,0.014281979673821622,0.0623484754450764,-0.26455026455026454,-0.10582010582010581,0.6267078481422339,645,4656.899453139401,0.007140989836910811,0.0311742377225382,33.25487166638398,665.1512503626248,0.009283286787984056,0.04052650903929966,39.23133316629918,393.5806215163459,0.012139682722748379,0.05299620412831494,34.53328183285276,230.15614199398777,0.017138375608585946,0.07481817053409168,-80.18830800067846,115.4776476324001,sms,39.23133316629918
tariff_10,MID,tariff_3,unseen_target,0,,,0.09194298963160161,0.3144965865279953,0.3484366555598892,0.09221311475409837,0.0,0.12698924056376656,0.011675770428479351,0.06192943274730637,-0.31746031746031744,-0.12698412698412698,0.6040610695355878,645,4656.899453139401,0.005837885214239676,0.030964716373653185,27.18644446168334,674.1831357847491,0.0075892507785115795,0.04025413128574914,31.342377800188345,398.92493241701123,0.009924404864207448,0.05264001783521041,24.21695558486168,233.28136186323493,0.01401092451417522,0.07431531929676764,-94.75253329195999,117.04568329596336,sms,31.342377800188345
tariff_10,MID,tariff_17,unseen_target,0,,,0.050896846922628025,0.31539028421811166,0.3492435130094491,0.09221311475409837,0.0,0.12698924056376656,0.006463351937794812,0.0613816721072629,-0.42328042328042326,-0.1693121693121693,0.5579345280162364,645,4656.899453139401,0.003231675968897406,0.03069083605363145,15.049590052282074,686.2694384652282,0.004201178759566628,0.039898086869720885,15.5644670679667,406.07659080782724,0.00549384914712559,0.05217442129117346,3.5843030888795226,237.46347351738004,0.007756022325353775,0.07365800652871547,-123.88098387452303,119.14399973354661,sms,15.5644670679667
tariff_10,MID,tariff_4,history,60,0.006431126255594934,0.16620498614958448,0.020191954518487452,0.10654898701861205,0.1839909960696239,0.15876038187317223,0.018218519138686766,0.17989908112788372,0.0036325140640519125,0.037805704105308036,-0.47619047619047616,-0.19047619047619047,0.5436938984403396,645,4656.899453139401,0.0018162570320259563,0.018902852052654018,8.458126379202268,1809.078561306201,0.002361134141633743,0.024573707668450222,6.995564292962946,1070.4606871634326,0.0030876369544441257,0.03213484848951183,-7.621185155356146,625.9787409364017,0.004359016876862295,0.045366844926369644,-139.70049668991456,314.07613911565977,push,8.458126379202268
tariff_10,MID,tariff_16,unseen_target,0,,,0.009850704213654415,0.3162866521904906,0.3500532050329898,0.09221311475409837,0.0,0.12698924056376656,0.0012509334471102695,0.06122890445802696,-0.5291005291005291,-0.21164021164021163,0.5112249901900197,645,4656.899453139401,0.0006254667235551347,0.03061445222901348,2.9127356428808,689.6982294491506,0.0008131067406216753,0.03979878789771752,-0.21344366425495975,408.1054612125152,0.001063293430043729,0.05204456878932291,-17.04834940710264,238.64990638378916,0.0015011201365323233,0.07347468534963235,-153.0094344570861,119.73927594603312,push,2.9127356428808
tariff_10,MID,tariff_9,history_sparse,3,0.2256381741252158,0.008310249307479225,0.03591830425074396,0.20796937618295455,0.2564200878050065,0.008953798975617532,0.00469605059525135,0.01014598345829234,0.00036442652077795965,0.0033415876648401513,-0.5291005291005291,-0.21164021164021163,0.5557000347892888,645,4656.899453139401,0.00018221326038897983,0.0016707938324200756,0.8485488326601874,231561.50877657515,0.0002368772385056738,0.0021720319821460984,-2.8968865175417564,137018.64424649414,0.0003097625426612657,0.0028403495151141287,-20.55746698447768,80125.0895420675,0.00043731182493355155,0.0040099051978081815,-157.96348280161556,40201.65082926651,push,0.8485488326601874
tariff_10,MID,tariff_21,history_sparse,1,-0.2176759932432192,0.002770083102493075,0.11315997781748369,0.21930867802270476,0.2656996354082301,0.0021129471071219368,0.00228911258866249,0.0023942827458472483,0.0002709369824088585,0.0011229556287951298,-0.21164021164021163,-0.08465608465608465,0.6649075898416128,645,4656.899453139401,0.00013546849120442926,0.0005614778143975649,0.6308631426075264,2050439.2001701351,0.00017610903856575807,0.0007299211587168344,-3.1798779146102154,1213277.633236766,0.00023029643504752974,0.0009545122844758603,-20.927532657567205,709494.5329308425,0.0003251243788906303,0.0013475467545541557,-158.48592845774195,355979.0278073151,push,0.6308631426075264
tariff_10,MID,tariff_15,unseen_target,0,,,-0.05171850984980603,0.3176361614580025,0.35127301499798447,0.09221311475409837,0.0,0.12698924056376656,-0.0065676942889165485,0.06174470562009283,-0.6878306878306879,-0.2751322751322752,0.44147458508518966,645,4656.899453139401,-0.0032838471444582742,0.030872352810046414,-15.29254597122112,678.2231975586304,-0.0042690012877957565,0.04013405865306034,-23.88030976258746,401.31550151398244,-0.005582540145579066,0.052482999777078904,-47.997328151075905,234.67930711371292,-0.007881233146699857,0.0740936467441114,-196.70211033093068,117.74708290948442,push,-15.29254597122112
tariff_10,MID,tariff_2,unseen_target,0,,,-0.07018927406884412,0.31804216457227297,0.3516401832069492,0.09221311475409837,0.0,0.12698924056376656,-0.008913282609724588,0.06207136869386232,-0.7354497354497355,-0.2941798941798942,0.4208946080498968,645,4656.899453139401,-0.004456641304862294,0.03103568434693116,-20.754130455451683,671.1034094154253,-0.005793633696320983,0.040346389651010506,-30.980369592087193,397.1026091215534,-0.0075762902182658996,0.05276066338978297,-57.28202177426786,232.2157126004932,-0.010695939131669505,0.07448564243263478,-209.80991309308405,116.5110085790669,push,-20.754130455451683
tariff_10,MID,tariff_13,history,31,-0.17791055247618343,0.08587257617728532,-0.14105216537901197,0.13487392991300456,0.20172004602958543,0.08940446573091419,0.014224090642027749,0.1013085320402515,-0.014289787815646488,0.02478817090336194,-0.7407407407407407,-0.2962962962962963,0.24219879747904666,645,4656.899453139401,-0.007144893907823244,0.01239408545168097,-33.2730525320811,4208.071644783728,-0.009288362080170217,0.01611231108718526,-47.25496829170543,2489.9832217655194,-0.012146319643299514,0.02106994526785765,-78.56418930453788,1456.080153904404,-0.017147745378775784,0.029745805084034325,-239.85532607699463,730.5679938860637,push,-33.2730525320811
tariff_10,MID,tariff_1,history_sparse,12,-0.7416633204835663,0.0332409972299169,-0.4624145522345296,0.17354968083724506,0.2293893888537777,0.034087936953143175,0.009045889970183092,0.03862669302669369,-0.01786154496023919,0.015078755321648825,-1.2645502645502644,-0.5058201058201058,0.02190784244910965,645,4656.899453139401,-0.008930772480119595,0.0075393776608244124,-41.58970947878135,11372.111276299818,-0.011610004224155474,0.009801190959071737,-58.06662232241576,6729.059926804626,-0.015182313216203312,0.0128169420234015,-92.70250611392831,3934.9866007957853,-0.021433853952287026,0.01809450638597859,-259.8153027490753,1974.3248743576078,push,-41.58970947878135
tariff_12,HIGH,tariff_9,history_sparse,1,-0.1792009668665769,0.0027397260273972603,-0.3403694007314789,0.1073858405684939,0.18447687864499981,0.0016703880040791364,0.0018793879365862258,0.001892797582843657,-0.0006442503789784873,0.0010711105148618995,-1.3756613756613756,-0.5502645502645502,0.03251500041240574,567,9250.082983913298,-0.00032212518948924367,0.0005355552574309498,-2.9796847339843,2253738.4985445077,-0.00041876274633601674,0.0006962218346602347,-7.873590154179589,1333573.076061839,-0.0005476128221317142,0.0009104439376326146,-27.06546404777331,779840.3109150546,-0.0007731004547741849,0.0012853326178342793,-167.1512433615623,391274.0448861994,push,-2.9796847339843
tariff_12,HIGH,tariff_1,history_sparse,5,-0.6880092852211679,0.0136986301369863,-0.4947845731470938,0.09961456033290791,0.1800640459123324,0.013834801550258699,0.00537566355929629,0.015676883975162176,-0.007756680345927132,0.0063662434822132005,-2.111111111111111,-0.8444444444444446,0.0029995966072580704,567,9250.082983913298,-0.003878340172963566,0.0031831217411066003,-35.87496843975764,63797.78485900384,-0.005041842224852636,0.004138058263438581,-50.637458971684936,37750.16855562356,-0.006593178294038062,0.00541130695988122,-82.98744634758799,22075.358082700295,-0.009308016415112558,0.0076394921786558405,-246.09992425541833,11076.004315799279,push,-35.87496843975764
tariff_12,HIGH,tariff_13,history_sparse,9,-0.36254199018546546,0.024657534246575342,-0.3880133779848471,0.09224165874150254,0.1760923723713887,0.027315159604352122,0.00750168323897091,0.030952130850945073,-0.012009840847304196,0.00979578566240821,-1.5873015873015872,-0.6349206349206349,0.013780995873571178,567,9250.082983913298,-0.006004920423652098,0.004897892831204105,-55.54601223057771,26945.952566672517,-0.007806396550747728,0.006367260680565336,-76.20981589975102,15944.35063116717,-0.010208364720208567,0.008326417813046978,-116.42822079198211,9323.859019609868,-0.014411809016765037,0.011754942794889851,-293.3104293533865,4678.116765047313,push,-55.54601223057771
tariff_12,HIGH,tariff_4,history_sparse,15,-0.2628284985630031,0.0410958904109589,-0.3164693149546616,0.08520205871983222,0.17250910355716806,0.0404876297571645,0.009071043353510893,0.04587849502767336,-0.014519135892558635,0.012566939675200006,-1.3227513227513226,-0.5291005291005291,0.03328931738630331,567,9250.082983913298,-0.007259567946279318,0.006283469837600003,-67.15160593044072,16372.425696064534,-0.009437438330163113,0.008168510788880005,-91.29708770957295,9687.825855659485,-0.01234126550867484,0.010681898723920004,-136.15773008174924,5665.199202790497,-0.017422963071070365,0.015080327610240007,-321.1638542330578,2842.43501667787,push,-67.15160593044072
tariff_12,HIGH,tariff_11,history,82,0.05137448861755495,0.22465753424657534,-0.0819141735147251,0.050465989056041764,0.1582618591177436,0.2504161435003742,0.019939398402379672,0.28375866563040947,-0.023243856572756225,0.052572041190373016,-0.5291005291005291,-0.21164021164021163,0.302373463659628,567,9250.082983913298,-0.011621928286378112,0.026286020595186508,-107.50380108208681,935.5401052925532,-0.015108506772291546,0.03417182677374246,-143.75494140671285,553.5740268003273,-0.01975727808684279,0.04468623501181706,-204.75646183954757,323.716299409188,-0.027892627887307467,0.06308644942844761,-418.00912259700834,162.42015716884606,push,-107.50380108208681
tariff_12,HIGH,tariff_14,unseen_target,0,,,-0.282048881786972,0.12711968901060153,0.19661997694576216,0.09221311475409837,0.0,0.12698924056376656,-0.03581717329998715,0.04829487886285378,-0.8624338624338626,-0.34497354497354504,0.07571660945624392,567,9250.082983913298,-0.017908586649993573,0.02414743943142689,-165.6559126370424,1108.587370663612,-0.023281162644991648,0.03139167126085496,-219.35268642815515,655.9688583808355,-0.030444597304989073,0.04105064703342571,-303.6150514829721,383.5942459043641,-0.042980607959984575,0.05795385463542453,-557.5741903289018,192.46308518465491,push,-165.6559126370424
tariff_12,HIGH,tariff_19,unseen_target,0,,,-0.29320914817236615,0.13975641747878126,0.20501672182166847,0.09221311475409837,0.0,0.12698924056376656,-0.03723440705275768,0.05028269011593771,-0.9470899470899471,-0.37883597883597886,0.0763338486199791,567,9250.082983913298,-0.01861720352637884,0.025141345057968854,-172.21067754740756,1022.6689734676885,-0.024202364584292497,0.03268374857535951,-227.87388081162987,605.1295700992241,-0.031649245994844026,0.042740286598547055,-314.75815183059285,353.8646967016223,-0.04468128846330922,0.06033922813912525,-573.3056261137781,177.5466967825848,push,-172.21067754740756
tariff_12,HIGH,tariff_20,unseen_target,0,,,-0.3008818313123246,0.14982770245483365,0.21201023659930707,0.09221311475409837,0.0,0.12698924056376656,-0.03820875525778742,0.05180195610424244,-1.0052910052910051,-0.4021164021164021,0.07792248643068111,567,9250.082983913298,-0.01910437762889371,0.02590097805212122,-176.7170784232836,963.5622337600531,-0.024835690917561826,0.033671271467757585,-233.7322019502687,570.1551679053568,-0.0324774419691193,0.04403166268860607,-322.41903331958207,333.41253763323647,-0.0458505063093449,0.06216234732509092,-584.1209882158806,167.28511002778703,push,-176.7170784232836
tariff_12,HIGH,tariff_18,unseen_target,0,,,-0.3078569978031959,0.15975753267344062,0.21914029580591846,0.09221311475409837,0.0,0.12698924056376656,-0.039094526353269,0.053280803000655075,-1.0582010582010581,-0.42328042328042326,0.08003446836459449,567,9250.082983913298,-0.0195472631766345,0.026640401500327537,-180.81380649226182,910.8158210830483,-0.025411442129624855,0.0346325219504258,-239.0579484399404,538.944272830206,-0.03323034740027865,0.04528868255055681,-329.38347103684504,315.1611837657607,-0.0469134316239228,0.06393696360078609,-593.9531355814283,158.127746715807,push,-180.81380649226182
tariff_12,HIGH,tariff_21,no_history_for_cell,0,,,-0.3078569978031959,0.11045316698496423,0.18627909731638811,0.09221311475409837,0.0,0.12698924056376656,-0.039094526353269,0.04930920603535633,-1.0582010582010581,-0.42328042328042326,0.04919950145109936,567,9250.082983913298,-0.0195472631766345,0.024654603017678165,-180.81380649226182,1063.4475362991225,-0.025411442129624855,0.03205098392298161,-239.0579484399404,629.2588972184159,-0.03323034740027865,0.04191282513005288,-329.38347103684504,367.9749260550598,-0.0469134316239228,0.059171047242427596,-593.9531355814283,184.62630838526434,push,-180.81380649226182
tariff_12,HIGH,tariff_10,history,85,-0.00889730595428646,0.2328767123287671,-0.14755120709821307,0.049987277733442005,0.15810986033514882,0.2382279776186204,0.01960557880095172,0.26994766431577827,-0.0398311037231363,0.0530976557464027,-0.8465608465608465,-0.3386243386243386,0.17535332053180813,567,9250.082983913298,-0.01991555186156815,0.02654882787320135,-184.22050738993437,917.1099259831743,-0.025890217420038598,0.03451347623516175,-243.48665960691469,542.6685952563162,-0.03385643816466585,0.04513300738444229,-335.1748625628884,317.33907473466235,-0.04779732446776356,0.06371718689568323,-602.1292177358425,159.2204732609678,push,-184.22050738993437
tariff_12,HIGH,tariff_5,unseen_target,0,,,-0.31483216429406724,0.17029164766009003,0.22693445146735267,0.09221311475409837,0.0,0.12698924056376656,-0.03998029744875058,0.05484492906119974,-1.111111111111111,-0.4444444444444444,0.08267112239960195,567,9250.082983913298,-0.01999014872437529,0.02742246453059987,-184.91053456124,859.6053913142867,-0.02598719334168788,0.03564920388977983,-244.38369492961203,508.6422433812349,-0.03398325283143799,0.04661818970201978,-336.347908754108,297.4413118734556,-0.0479763569385007,0.06581391487343968,-603.7852829469759,149.23704710317483,push,-184.91053456124
tariff_12,HIGH,tariff_6,unseen_target,0,,,-0.31483216429406724,0.17029164766009003,0.22693445146735267,0.09221311475409837,0.0,0.12698924056376656,-0.03998029744875058,0.05484492906119974,-1.111111111111111,-0.4444444444444444,0.08267112239960195,567,9250.082983913298,-0.01999014872437529,0.02742246453059987,-184.91053456124,859.6053913142867,-0.02598719334168788,0.03564920388977983,-244.38369492961203,508.6422433812349,-0.03398325283143799,0.04661818970201978,-336.347908754108,297.4413118734556,-0.0479763569385007,0.06581391487343968,-603.7852829469759,149.23704710317483,push,-184.91053456124
tariff_12,HIGH,tariff_7,unseen_target,0,,,-0.31483216429406724,0.17029164766009003,0.22693445146735267,0.09221311475409837,0.0,0.12698924056376656,-0.03998029744875058,0.05484492906119974,-1.111111111111111,-0.4444444444444444,0.08267112239960195,567,9250.082983913298,-0.01999014872437529,0.02742246453059987,-184.91053456124,859.6053913142867,-0.02598719334168788,0.03564920388977983,-244.38369492961203,508.6422433812349,-0.03398325283143799,0.04661818970201978,-336.347908754108,297.4413118734556,-0.0479763569385007,0.06581391487343968,-603.7852829469759,149.23704710317483,push,-184.91053456124
tariff_12,HIGH,tariff_3,unseen_target,0,,,-0.3218073307849386,0.18132475968146924,0.23532672707013663,0.09221311475409837,0.0,0.12698924056376656,-0.04086606854423217,0.056487250616631304,-1.164021164021164,-0.4656084656084656,0.08573562870614648,567,9250.082983913298,-0.020433034272116086,0.028243625308315652,-189.00726263021826,810.347347406049,-0.026562944553750915,0.03671671290081035,-249.70944141928376,479.49547183789895,-0.03473615826259734,0.04801416302413661,-343.31234647137103,280.39700602285444,-0.0490392822530786,0.06778470073995756,-613.6174303125238,140.6853033691058,push,-189.00726263021826
tariff_12,HIGH,tariff_17,unseen_target,0,,,-0.33575766376668126,0.2045616202435487,0.25366406224900256,0.09221311475409837,0.0,0.12698924056376656,-0.042637610735195335,0.05998048723306828,-1.2698412698412698,-0.5079365079365079,0.09281278117763803,567,9250.082983913298,-0.021318805367597667,0.02999024361653414,-197.20071876817468,718.7073896466388,-0.02771444697787697,0.038987316701494384,-260.3609343986271,425.2706447613247,-0.036241969124916035,0.05098341414810804,-357.24122190589696,248.68767807842178,-0.0511651328822344,0.07197658467968193,-633.2817250436192,124.77558848031926,push,-197.20071876817468
tariff_12,HIGH,tariff_16,unseen_target,0,,,-0.3497079967484239,0.22896033118266412,0.2737203559388217,0.09221311475409837,0.0,0.12698924056376656,-0.0444091529261585,0.06371335862960825,-1.3756613756613756,-0.5502645502645502,0.10069340084627143,567,9250.082983913298,-0.02220457646307925,0.031856679314804126,-205.3941749061311,636.9584304183405,-0.028865949402003026,0.04141368310924536,-271.0124273779704,376.8984795374796,-0.03774777998723472,0.054156354835167016,-371.17009734042284,220.40084097520432,-0.053290983511390194,0.0764560303555299,-652.9460197747146,110.58306083651742,push,-205.3941749061311
tariff_12,HIGH,tariff_15,unseen_target,0,,,-0.3706334962210379,0.2670369869086037,0.30628214505130036,0.09221311475409837,0.0,0.12698924056376656,-0.04706646621260325,0.06967710614199807,-1.5343915343915342,-0.6137566137566137,0.1131193393088763,567,9250.082983913298,-0.023533233106301624,0.034838553070999034,-217.68435911306574,532.5886153176821,-0.030593203038192116,0.04529011899229875,-286.98966684698553,315.1411924956698,-0.04000649628071276,0.059225540220698356,-392.0634104922118,184.2867181030042,-0.0564797594551239,0.08361252737039768,-682.4424618713579,92.46330127043092,push,-217.68435911306574
tariff_12,HIGH,tariff_2,unseen_target,0,,,-0.37691114606282206,0.27871342619087364,0.3165140975360427,0.09221311475409837,0.0,0.12698924056376656,-0.04786366019853667,0.07153762315323808,-1.5820105820105819,-0.6328042328042328,0.11686223424920844,567,9250.082983913298,-0.023931830099268334,0.03576881157661904,-221.37141437514612,505.2462231120139,-0.031111379129048836,0.04649945504960475,-291.78283868768995,298.96226219645786,-0.040684111168756164,0.06080697968025237,-398.33140443774835,174.82568273772105,-0.057436392238244,0.0858451477838857,-691.2913945003506,87.71635817916906,push,-221.37141437514612
tariff_12,HIGH,tariff_8,history,168,-0.09479833640100437,0.4602739726027397,-0.19223785727171308,0.03821148290828561,0.15479055987381854,0.4280436951066264,0.022771742026772946,0.4850370509550819,-0.09324248337299566,0.09878936739208068,-1.111111111111111,-0.4444444444444444,0.10713260483348985,567,9250.082983913298,-0.04662124168649783,0.04939468369604034,-431.25035441318295,264.94253052676214,-0.06060761419244718,0.06421308880485244,-564.6254607371378,156.7707281223445,-0.07925611086704631,0.08397096228326857,-755.125602502411,91.67561609922569,-0.1118909800475948,0.11854724087049681,-1195.0008505916392,45.99696710534065,push,-431.25035441318295
tariff_13,HIGH,tariff_10,history_sparse,9,0.09381208708571899,0.10465116279069768,-0.05113231924186468,0.09284475403487988,0.17640903704685126,0.1283487082018233,0.03763731166693276,0.14543814015202158,-0.007436589412196225,0.030654848095957712,0.7407407407407407,0.2962962962962963,0.38596515060216774,516,7195.254212762036,-0.0037182947060981123,0.015327424047978856,-26.75407564834322,2751.526830362116,-0.0048337831179275466,0.019925651262372515,-38.78029834284619,1628.122384829654,-0.006321101000366791,0.026056620881564053,-67.48192860218347,952.0854084297982,-0.00892390729463547,0.03678581771514925,-224.20978155602376,477.6956302712008,push,-26.75407564834322
tariff_13,HIGH,tariff_12,history_sparse,9,-0.1343546744483105,0.10465116279069768,-0.04843041925992023,0.09348575375626783,0.17674723804172315,0.13818082133384565,0.03883143298286748,0.1565793839379507,-0.007583205211574972,0.03291304188348481,1.5873015873015872,0.6349206349206349,0.39203866716929076,516,7195.254212762036,-0.003791602605787486,0.016456520941742405,-27.28154462241192,2386.9099999353753,-0.004929083387523732,0.02139347722426513,-39.4660080091355,1412.372781026849,-0.006445724429838726,0.027976085600962087,-68.37862585810026,825.920415202552,-0.009099846253889965,0.03949565026018177,-225.4757070937886,414.3940972110026,push,-27.28154462241192
tariff_13,HIGH,tariff_14,unseen_target,0,,,-0.07279388706083215,0.3791845441175975,0.40777557368933987,0.09221311475409837,0.0,0.12698924056376656,-0.009244040435539667,0.07184707264197662,0.7248677248677247,0.2899470899470899,0.4291594342341493,516,7195.254212762036,-0.0046220202177698335,0.03592353632098831,-33.2566104433797,500.9033465169675,-0.0060086262831007846,0.046700597217284805,-47.233593576393616,296.39251273193344,-0.007857434370208716,0.06107001174568013,-78.53623775374548,173.3229572723071,-0.011092848522647601,0.08621648717037195,-239.81586506411128,86.96238654808464,push,-33.2566104433797
tariff_13,HIGH,tariff_11,history_sparse,6,-0.328548295614903,0.06976744186046512,-0.13159508346895685,0.09559877995035342,0.1778739068216474,0.07003852748812141,0.028717884001099876,0.07936404907824317,-0.010443918662885797,0.018799817138501,1.0582010582010581,0.42328042328042326,0.2297039119373548,516,7195.254212762036,-0.005221959331442898,0.0093999085692505,-37.57332487843654,7315.850782489631,-0.006788547130875768,0.01221988114002565,-52.84532234196751,4328.905788455404,-0.008877330863452928,0.01597984456772585,-85.87465229334214,2531.436256916828,-0.012532702395462957,0.0225597805662012,-250.17597970824772,1270.1129830711166,push,-37.57332487843654
tariff_13,HIGH,tariff_19,unseen_target,0,,,-0.08395415344622624,0.35752803258512206,0.3877193496386118,0.09221311475409837,0.0,0.12698924056376656,-0.010661274188310196,0.06855179951128425,0.6402116402116402,0.2560846560846561,0.41428603236087236,516,7195.254212762036,-0.005330637094155098,0.034275899755642124,-38.355289008425046,550.217462253507,-0.006929828222401628,0.04455866968233476,-53.86187571095257,325.5724628718977,-0.009062083060063666,0.05826902958459161,-87.20399131432258,190.38666513962184,-0.012793529025972234,0.08226215941354109,-252.0526936202201,95.52386497456723,push,-38.355289008425046
tariff_13,HIGH,tariff_20,unseen_target,0,,,-0.0916268365861847,0.34271769852579587,0.37410616258332113,0.09221311475409837,0.0,0.12698924056376656,-0.011635622393339937,0.06634494074706715,0.5820105820105821,0.23280423280423285,0.40325840614805325,516,7195.254212762036,-0.0058178111966699685,0.033172470373533575,-41.86063052189373,587.4304674328685,-0.00756315455567096,0.04312421148559365,-58.41881967846186,347.59199256382743,-0.009890279034338945,0.05639319963500707,-93.16307188721933,203.26313752002372,-0.013962746872007924,0.07961392889648057,-260.46551325254495,101.9844561515397,push,-41.86063052189373
tariff_13,HIGH,tariff_18,unseen_target,0,,,-0.09860200307705604,0.32931767928503874,0.3618703274512621,0.09221311475409837,0.0,0.12698924056376656,-0.01252139348882152,0.06438496392761818,0.5291005291005292,0.21164021164021168,0.39262693382865077,516,7195.254212762036,-0.00626069674441076,0.03219248196380909,-45.04730462504709,623.7393960171656,-0.00813890576773399,0.04185022655295182,-62.56149601256122,369.07656569063045,-0.010643184465498291,0.05472721933847545,-98.58041786258003,215.8267806287771,-0.015025672186585824,0.07726195671314182,-268.113531100113,108.2880895863135,push,-45.04730462504709
tariff_13,HIGH,tariff_21,no_history_for_cell,0,,,-0.09860200307705604,0.11045316698496423,0.18627909731638811,0.09221311475409837,0.0,0.12698924056376656,-0.01252139348882152,0.034666808157932286,0.5291005291005292,0.21164021164021168,0.2982903432576618,516,7195.254212762036,-0.00626069674441076,0.017333404078966143,-45.04730462504709,2151.5149816172184,-0.00813890576773399,0.022533425302655986,-62.56149601256122,1273.0857879391824,-0.010643184465498291,0.029466786934242442,-98.58041786258003,744.4688517706637,-0.015025672186585824,0.04160016978951874,-268.113531100113,373.5269065307671,push,-45.04730462504709
tariff_13,HIGH,tariff_5,unseen_target,0,,,-0.10557716956792737,0.31598654099568935,0.3497820665649119,0.09221311475409837,0.0,0.12698924056376656,-0.013407164584303103,0.062473329992519214,0.4761904761904762,0.1904761904761905,0.3813881618684079,516,7195.254212762036,-0.006703582292151552,0.031236664996259607,-48.23397872820044,662.4952634824555,-0.008714656979797019,0.04060766449513749,-66.70417234666058,392.0090316464233,-0.011396089896657637,0.05310233049364133,-103.99776383794074,229.23711539185305,-0.016088597501163725,0.07496799599102305,-275.76154894768104,115.0165387990374,push,-48.23397872820044
tariff_13,HIGH,tariff_6,unseen_target,0,,,-0.10557716956792737,0.31598654099568935,0.3497820665649119,0.09221311475409837,0.0,0.12698924056376656,-0.013407164584303103,0.062473329992519214,0.4761904761904762,0.1904761904761905,0.3813881618684079,516,7195.254212762036,-0.006703582292151552,0.031236664996259607,-48.23397872820044,662.4952634824555,-0.008714656979797019,0.04060766449513749,-66.70417234666058,392.0090316464233,-0.011396089896657637,0.05310233049364133,-103.99776383794074,229.23711539185305,-0.016088597501163725,0.07496799599102305,-275.76154894768104,115.0165387990374,push,-48.23397872820044
tariff_13,HIGH,tariff_7,unseen_target,0,,,-0.10557716956792737,0.31598654099568935,0.3497820665649119,0.09221311475409837,0.0,0.12698924056376656,-0.013407164584303103,0.062473329992519214,0.4761904761904762,0.1904761904761905,0.3813881618684079,516,7195.254212762036,-0.006703582292151552,0.031236664996259607,-48.23397872820044,662.4952634824555,-0.008714656979797019,0.04060766449513749,-66.70417234666058,392.0090316464233,-0.011396089896657637,0.05310233049364133,-103.99776383794074,229.23711539185305,-0.016088597501163725,0.07496799599102305,-275.76154894768104,115.0165387990374,push,-48.23397872820044
tariff_13,HIGH,tariff_3,unseen_target,0,,,-0.11255233605879869,0.3027333834994562,0.33785722056074047,0.09221311475409837,0.0,0.12698924056376656,-0.014292935679784685,0.06061461295688006,0.4232804232804233,0.16931216931216933,0.36951588773051913,516,7195.254212762036,-0.007146467839892342,0.03030730647844003,-51.420652831353785,703.748392782445,-0.009290408191860047,0.03939949842197204,-70.84684868075993,416.4191673268905,-0.012148995327816981,0.05152242101334805,-109.41510981330143,243.5115545960017,-0.017151522815741622,0.07273753554825607,-283.4095667952491,122.17854041361889,push,-51.420652831353785
tariff_13,HIGH,tariff_17,unseen_target,0,,,-0.12650266904054136,0.2765058007634925,0.3145718643742002,0.09221311475409837,0.0,0.12698924056376656,-0.016064477870747853,0.05707646520697218,0.3174603174603175,0.126984126984127,0.34378963310751764,516,7195.254212762036,-0.008032238935373926,0.02853823260348609,-57.7940010376605,793.7028700197873,-0.010441910615986105,0.03709970238453192,-79.13220134895865,469.64666865076174,-0.013654806190135673,0.048514995425926355,-120.24980176402283,274.6376712871236,-0.01927737344489742,0.06849175824836662,-298.7056024903852,137.79563715621308,push,-57.7940010376605
tariff_13,HIGH,tariff_8,history,33,0.06364769926790322,0.38372093023255816,-0.04038905543323831,0.07069531026310695,0.16582468722478252,0.3694231840462579,0.05431034086357358,0.41861130952903863,-0.016907315385548825,0.08006275467071158,0.4761904761904762,0.1904761904761905,0.4037839495821723,516,7195.254212762036,-0.008453657692774412,0.04003137733535579,-60.82621612718329,403.3769071632328,-0.010989755000606736,0.05204079053596253,-83.07408096533827,238.68456045161702,-0.0143712180777165,0.06805334147010485,-125.40456741621158,139.57678448554768,-0.02028877846265859,0.0960753056048539,-305.98291870523985,70.03071304917235,push,-60.82621612718329
tariff_13,HIGH,tariff_9,no_history_for_cell,0,,,-0.140453002022284,0.11045316698496423,0.18627909731638811,0.09221311475409837,0.0,0.12698924056376656,-0.017836020061711016,0.0366936548181754,0.2116402116402117,0.08465608465608469,0.22542692751652998,516,7195.254212762036,-0.008918010030855508,0.0183468274090877,-64.1673492439672,1920.3931424001184,-0.01159341304011216,0.02385087563181401,-87.41755401715734,1136.327303195336,-0.015160617052454362,0.03118960659544909,-131.0844937147442,664.4958970242626,-0.021403224074053217,0.04403238578181048,-314.00163818552124,333.40158722224277,push,-64.1673492439672
tariff_13,HIGH,tariff_16,unseen_target,0,,,-0.140453002022284,0.2507468903140729,0.29218830059086504,0.09221311475409837,0.0,0.12698924056376656,-0.017836020061711016,0.053816338688094476,0.2116402116402117,0.08465608465608469,0.31536719382131995,516,7195.254212762036,-0.008918010030855508,0.026908169344047238,-64.1673492439672,892.7786440790967,-0.01159341304011216,0.03498062014726141,-87.41755401715734,528.2713870290513,-0.015160617052454362,0.045743887884880305,-131.0844937147442,308.9199460481303,-0.021403224074053217,0.06457960642571337,-314.00163818552124,154.99629237484316,push,-64.1673492439672
tariff_13,HIGH,tariff_15,unseen_target,0,,,-0.16137850149489802,0.21335809025132002,0.26080965219042496,0.09221311475409837,0.0,0.12698924056376656,-0.020493333348155767,0.04956630586830286,0.05291005291005291,0.021164021164021163,0.2680373380774731,516,7195.254212762036,-0.010246666674077884,0.02478315293415143,-73.72737155342726,1052.443969004916,-0.01332066667630125,0.032218098814396856,-99.84558301945543,622.7479106537967,-0.0174193333459324,0.04213135998805743,-147.3365316408263,364.16746332350044,-0.02459200001778692,0.05947956704196343,-336.94569172822537,182.71596684113126,push,-73.72737155342726
tariff_13,HIGH,tariff_2,unseen_target,0,,,-0.1676561513366822,0.20254042066458924,0.2520369457103239,0.09221311475409837,0.0,0.12698924056376656,-0.02129052733408919,0.04846736095637637,0.005291005291005306,0.0021164021164021226,0.25295979946298636,516,7195.254212762036,-0.010645263667044595,0.024233680478188184,-76.59537824626527,1100.711091365888,-0.013838842767157975,0.03150378462164464,-103.57399172014486,651.3083380863243,-0.01809694823397581,0.041197256812919913,-152.21214301865092,380.8688897459821,-0.025548632800907026,0.058160833147651636,-343.8289077910366,191.0956755843556,push,-76.59537824626527
tariff_13,HIGH,tariff_1,history_sparse,7,-0.27846711534699825,0.08139534883720931,-0.3078566201650398,0.09804197494322414,0.17919885281655068,0.08882939114426204,0.03201324138229979,0.10065688716198858,-0.030987889078023585,0.030081560201953083,-0.5238095238095237,-0.2095238095238095,0.04290187484705349,516,7195.254212762036,-0.015493944539011793,0.015040780100976541,-111.48286971662594,2857.4021937460902,-0.020142127900715335,0.019553014131269506,-148.92773063161377,1690.77052884384,-0.02633970571632005,0.02556932617166012,-211.52087851826414,988.7204822650833,-0.037185466893628304,0.0360978722423437,-427.5588873199023,496.0767697475852,push,-111.48286971662594
tariff_13,HIGH,tariff_4,history,22,-0.1309911981193927,0.2558139534883721,-0.13834006597999618,0.07717358400814801,0.16868835783379563,0.20510664393959577,0.04543554618408631,0.23241627629388129,-0.032152482997320556,0.049287841780653735,0.2645502645502646,0.10582010582010584,0.20608167371362146,516,7195.254212762036,-0.016076241498660278,0.024643920890326868,-115.67264436861524,1064.3696577493447,-0.020899113948258365,0.03203709715742493,-154.37443767919984,629.80453121263,-0.027329610547722472,0.041894665513555675,-218.6434954266459,368.2939992212264,-0.03858297959678467,0.05914541013678448,-437.61434648467656,184.78639891481674,push,-115.67264436861524
tariff_11,MID,tariff_8,history,103,0.23461677594404895,0.4087301587301587,0.179023262234467,0.08578312500753384,0.17279683022572542,0.40751522122240624,0.029602371172248884,0.46177524252935515,0.08266851033671734,0.10102399846340092,-0.582010582010582,-0.2328042328042328,0.8499066854647848,464,4437.50935470702,0.04133425516835867,0.05051199923170046,183.42114397943857,253.35120929949525,0.05373453171886627,0.0656655990012106,234.44748717327016,149.91195816538178,0.07026823378620974,0.08587039869389078,289.8159447650456,87.66477830432363,0.09920221240406081,0.12122879815608109,280.21074555065263,43.98458494782905,digital_ads,289.8159447650456
tariff_11,MID,tariff_12,history,62,0.10456091208912639,0.24603174603174602,0.17620368770842845,0.10538393818768206,0.18331877816510012,0.2385133831600986,0.025674588837497663,0.27027107116360094,0.04762275941993358,0.06218053062440606,0.5291005291005291,0.21164021164021163,0.8317710081966437,464,4437.50935470702,0.02381137970996679,0.03109026531220303,105.66322021145857,668.7491471525683,0.03095479362295683,0.04041734490586394,133.36218627489615,395.70955452814684,0.04047934550694354,0.05285345103074515,157.62747435947955,231.40108898012744,0.0571473113039203,0.07461663674928727,93.59172850750056,116.10228249176534,digital_ads,157.62747435947955
tariff_11,MID,tariff_10,history,29,0.24602805434040526,0.11507936507936507,0.1844670916226658,0.13802369825306196,0.2038394988206464,0.11677888172514732,0.019347856693378036,0.13232780917772455,0.024410126099813953,0.033913283498787326,-0.31746031746031744,-0.12698412698412698,0.8172573588914118,464,4437.50935470702,0.012205063049906976,0.016956641749393663,54.1600814587512,2248.1868748995767,0.01586658196487907,0.022043634274211764,66.40810589637657,1330.2880916565543,0.020748607184841856,0.028826290973969226,70.07213847987703,777.9193338752862,0.029292151319776742,0.04069594019854479,-30.015804498997113,390.3102213367321,digital_ads,70.07213847987703
tariff_11,MID,tariff_4,history,42,0.21633905010854618,0.16666666666666666,0.10665266596366492,0.12167013917765239,0.19314145792011952,0.16516501587980315,0.02237048167538566,0.18715648224495673,0.019960737783805953,0.04279142263784704,-0.7936507936507936,-0.31746031746031744,0.7095942492808361,464,4437.50935470702,0.009980368891902977,0.02139571131892352,44.287980321246394,1412.0778425038925,0.01297447955947387,0.027814424714600577,53.57437441762032,835.5490192330724,0.01696662711623506,0.03637270924216998,53.28956654611888,488.60825000134696,0.023952885340567148,0.051349707165416446,-53.70884722900864,245.15240321248132,sms,53.57437441762032
tariff_11,MID,tariff_14,unseen_target,0,,,0.08578606822525553,0.31463047005571176,0.3485575026985908,0.09221311475409837,0.0,0.12698924056376656,0.010893907654876665,0.061822415027921726,-0.3333333333333334,-0.1333333333333334,0.5972043251053823,464,4437.50935470702,0.005446953827438332,0.030911207513960863,24.170908563914807,676.5192460403879,0.007081039975669833,0.040184569768149124,27.422181133089254,400.30724617774433,0.009259821506645165,0.052549052773733465,19.090544558655168,234.08970451224496,0.013072689185851999,0.07418689803350607,-101.98981944660446,117.4512579931229,sms,27.422181133089254
tariff_11,MID,tariff_19,unseen_target,0,,,0.05294915405807668,0.3153455357254089,0.3492031026522318,0.09221311475409837,0.0,0.12698924056376656,0.006723972862329036,0.06139973603946166,-0.417989417989418,-0.16719576719576723,0.5602600361042857,464,4437.50935470702,0.003361986431164518,0.03069986801973083,14.918846238690618,685.8656940247879,0.004370582360513874,0.03990982842565008,15.394500110297809,405.8376887720638,0.00571537693297968,0.05218977563354241,3.362038605774046,237.32376955875014,0.008068767434794843,0.073679683247354,-124.19476902714251,119.07390521263679,sms,15.394500110297809
tariff_11,MID,tariff_20,unseen_target,0,,,0.03037377556814122,0.31583813583838555,0.3496480059286289,0.09221311475409837,0.0,0.12698924056376656,0.003857142692452541,0.06125555036799589,-0.47619047619047616,-0.19047619047619047,0.5346124103003304,464,4437.50935470702,0.0019285713462262705,0.030627775183997945,8.558053390098987,689.0983282248734,0.0025071427500941517,0.03981610773919733,7.1254694071286835,407.7504900738895,0.0032785712885846593,0.0520672178127965,-7.451309236831726,238.44232810549258,0.004628571230943049,0.07350666044159507,-139.46067186376243,119.63512642792942,push,8.558053390098987
tariff_11,MID,tariff_18,unseen_target,0,,,0.009850704213654415,0.3162866521904906,0.3500532050329898,0.09221311475409837,0.0,0.12698924056376656,0.0012509334471102695,0.06122890445802696,-0.5291005291005291,-0.21164021164021163,0.5112249901900197,464,4437.50935470702,0.0006254667235551347,0.03061445222901348,2.77551443683386,689.6982294491506,0.0008131067406216753,0.03979878789771752,-0.39183123211598136,408.1054612125152,0.001063293430043729,0.05204456878932291,-17.28162545738244,238.64990638378916,0.0015011201365323233,0.07347468534963235,-153.33876535159874,119.73927594603312,push,2.77551443683386
tariff_11,MID,tariff_21,no_history_for_cell,0,,,0.009850704213654415,0.22578534174760773,0.27107013953603226,0.09221311475409837,0.0,0.12698924056376656,0.0012509334471102695,0.04741965096681137,-0.5291005291005291,-0.21164021164021163,0.5144943947646404,464,4437.50935470702,0.0006254667235551347,0.023709825483405684,2.77551443683386,1149.8875789970728,0.0008131067406216753,0.03082277312842739,-0.39183123211598136,680.4068514775577,0.001063293430043729,0.040306703321789664,-17.28162545738244,397.884975431513,0.0015011201365323233,0.05690358116017364,-153.33876535159874,199.63326024254735,push,2.77551443683386
tariff_11,MID,tariff_9,history_sparse,3,0.7078545466743575,0.011904761904761904,0.015849197625645916,0.2081130924757847,0.2565366626036803,0.011889641561698097,0.00652984828002939,0.013472728943157243,0.00021353194357685878,0.004471647721654592,-0.8465608465608465,-0.3386243386243386,0.524631547449507,464,4437.50935470702,0.00010676597178842939,0.002235823860827296,0.47377499857554123,129311.4329105466,0.00013879576332495822,0.002906571019075485,-3.3840925018517964,76515.64077547137,0.00018150215204032998,0.0038009005634064025,-21.19458250242158,44744.440453476345,0.0002562383322922305,0.00536597726598551,-158.86294000341871,22449.901546969897,push,0.47377499857554123
tariff_11,MID,tariff_5,unseen_target,0,,,-0.01067236714083239,0.31673583045053016,0.3504591078730684,0.09221311475409837,0.0,0.12698924056376656,-0.001355275798232002,0.06130186409413559,-0.582010582010582,-0.2328042328042328,0.4878530749551387,464,4437.50935470702,-0.000677637899116001,0.030650932047067796,-3.007024516431266,688.0574902046174,-0.0008809292688508013,0.03984621166118814,-7.909131871360646,407.1346095885309,-0.0011519844284972015,0.052106584480015254,-27.111941677933153,238.08217654139008,-0.001626330957878402,0.07356223691296271,-167.21685883943505,119.45442538274608,push,-3.007024516431266
tariff_11,MID,tariff_6,unseen_target,0,,,-0.01067236714083239,0.31673583045053016,0.3504591078730684,0.09221311475409837,0.0,0.12698924056376656,-0.001355275798232002,0.06130186409413559,-0.582010582010582,-0.2328042328042328,0.4878530749551387,464,4437.50935470702,-0.000677637899116001,0.030650932047067796,-3.007024516431266,688.0574902046174,-0.0008809292688508013,0.03984621166118814,-7.909131871360646,407.1346095885309,-0.0011519844284972015,0.052106584480015254,-27.111941677933153,238.08217654139008,-0.001626330957878402,0.07356223691296271,-167.21685883943505,119.45442538274608,push,-3.007024516431266
tariff_11,MID,tariff_7,unseen_target,0,,,-0.01067236714083239,0.31673583045053016,0.3504591078730684,0.09221311475409837,0.0,0.12698924056376656,-0.001355275798232002,0.06130186409413559,-0.582010582010582,-0.2328042328042328,0.4878530749551387,464,4437.50935470702,-0.000677637899116001,0.030650932047067796,-3.007024516431266,688.0574902046174,-0.0008809292688508013,0.03984621166118814,-7.909131871360646,407.1346095885309,-0.0011519844284972015,0.052106584480015254,-27.111941677933153,238.08217654139008,-0.001626330957878402,0.07356223691296271,-167.21685883943505,119.45442538274608,push,-3.007024516431266
tariff_11,MID,tariff_3,unseen_target,0,,,-0.031195438495319194,0.3171856678064478,0.3508657120064915,0.09221311475409837,0.0,0.12698924056376656,-0.003961485043574273,0.06147407463104356,-0.6349206349206349,-0.25396825396825395,0.46457675428418643,464,4437.50935470702,-0.0019807425217871367,0.03073703731552178,-8.789563469696393,684.2079069987564,-0.002574965278323278,0.039958148510178315,-15.426432510605311,404.8567497034061,-0.0033672622870381318,0.05225296343638702,-36.94225789848387,236.75014083001952,-0.004753782052289128,0.07376888955725228,-181.09495232727133,118.78609496506186,push,-8.789563469696393
tariff_11,MID,tariff_13,history_sparse,7,-0.16974567912714364,0.027777777777777776,-0.20154072325583494,0.19019037430725272,0.24222381897561787,0.03528109529052182,0.011114435444467769,0.039978718550958095,-0.00805733985160156,0.012612382873132254,-1.0582010582010581,-0.42328042328042326,0.2026922316511754,464,4437.50935470702,-0.00402866992580078,0.006306191436566127,-17.8772604827678,16254.656512838877,-0.005237270903541014,0.008198048867535966,-27.240438627598138,9618.139948425367,-0.006848738873861326,0.010720525442162416,-52.39134282070526,5624.448620359473,-0.009668807821921872,0.015134859447758704,-202.90542515864271,2821.9889779234163,push,-17.8772604827678
tariff_11,MID,tariff_17,unseen_target,0,,,-0.0722415812042928,0.3180873086167426,0.35168101441937816,0.09221311475409837,0.0,0.12698924056376656,-0.009173903534258817,0.06211247058781592,-0.7407407407407407,-0.2962962962962963,0.41862281175463145,464,4437.50935470702,-0.004586951767129408,0.03105623529390796,-20.354641376226645,670.2155202555334,-0.005963037297268231,0.040373105882080346,-30.46103378909464,396.577230920434,-0.007797818004119993,0.052795599999643526,-56.602890339585294,231.90848451748565,-0.011008684241110579,0.0745349647053791,-208.85113930294395,116.35686115547456,push,-20.354641376226645
tariff_11,MID,tariff_1,history_sparse,6,-0.25737366566092235,0.023809523809523808,-0.3814206787764799,0.19460182732707862,0.24570281072677644,0.024545735031113923,0.009321964836389272,0.02781396167989495,-0.010608820143408533,0.011019394554239842,-1.5820105820105819,-0.6328042328042328,0.06028734219084941,464,4437.50935470702,-0.0053044100717042665,0.005509697277119921,-23.53836931438982,21293.9692181719,-0.006895733093215547,0.007162606460255897,-34.59988010870676,12599.981785900532,-0.009017497121897252,0.009366485371103865,-62.015227834462685,7368.1554388138065,-0.012730584172090241,0.01322327346508781,-216.49208635453556,3696.8696559326218,push,-23.53836931438982
tariff_11,MID,tariff_16,unseen_target,0,,,-0.11328772391326636,0.3189915523607643,0.3524990928747622,0.09221311475409837,0.0,0.12698924056376656,-0.014386322024943351,0.06313216449218058,-0.8465608465608465,-0.3386243386243386,0.3739595362666218,464,4437.50935470702,-0.007193161012471676,0.03156608224609029,-31.91971928275688,648.7400799588825,-0.00935110931621318,0.041035906919917375,-45.495635067583954,383.8698697981554,-0.012228373721201847,0.05366233981835349,-76.26352278068669,224.47753631795243,-0.01726358642993202,0.07575859739061669,-236.6073262786165,112.62848610397266,push,-31.91971928275688
tariff_11,MID,tariff_15,unseen_target,0,,,-0.17485693797672675,0.3203527502443773,0.3537313734871935,0.09221311475409837,0.0,0.12698924056376656,-0.022204949760970163,0.06533577354862849,-1.0052910052910051,-0.4021164021164021,0.3105396567244937,464,4437.50935470702,-0.011102474880485082,0.032667886774314245,-49.26733614255225,605.7173507024121,-0.014433217344630607,0.04246825280660852,-68.04753698531793,358.41263355172316,-0.018874207296824635,0.05553540751633421,-105.75447144233881,209.590778789762,-0.026645939713164195,0.07840292825835418,-278.2416067421254,105.15926227472436,push,-49.26733614255225
tariff_11,MID,tariff_2,unseen_target,0,,,-0.1933277021957649,0.32076223092672396,0.35410225753176017,0.09221311475409837,0.0,0.12698924056376656,-0.02455053808177821,0.06614460218974474,-1.0529100529100528,-0.42116402116402113,0.2925447426600054,464,4437.50935470702,-0.012275269040889105,0.03307230109487237,-54.47162120049087,590.9942712929807,-0.01595784975315584,0.042993991423334085,-74.81310756063814,349.7007522443672,-0.020867957369511476,0.05622291186128303,-114.60175604083447,204.49628764463,-0.02946064569813385,0.07937352262769369,-290.73189088117806,102.60317209947584,push,-54.47162120049087
tariff_8,LOW,tariff_9,history,26,2.4151548834236602,0.2,2.1161440797466957,0.283956833058278,0.3211409083883378,0.2035163524810654,0.04255306981323084,0.2306142399877222,0.48801295865530203,0.2972576639196539,-0.26455026455026454,-0.10582010582010581,0.9999999999779281,457,2871.4620672999463,0.24400647932765102,0.14862883195982696,700.6553495647584,29.26213219324283,0.3172084231259464,0.19321748154777504,906.851954434186,17.314871120262033,0.4148110148570067,0.2526690143317058,1169.1140942600894,10.125305257177454,0.5856155503863625,0.3567091967035847,1521.5728389554204,5.080231283549103,call,1521.5728389554204
tariff_8,LOW,tariff_13,history_sparse,15,1.2793244285597563,0.11538461538461539,1.1319304725590627,0.34952278857875674,0.38035007524104725,0.12204270050353226,0.03459675852025549,0.13829249728367557,0.15653749180168378,0.11543933759688904,-0.4761904761904762,-0.1904761904761905,0.9985399339526654,457,2871.4620672999463,0.07826874590084189,0.05771966879844452,224.74573490940566,194.02801322867697,0.10174936967109445,0.07503556943797787,288.16945538222734,114.80947528324083,0.1330568680314312,0.09812343695735569,360.0677493459896,67.13772084037264,0.18784499016202053,0.13852720511626684,379.3897637825735,33.685418963311974,call,379.3897637825735
tariff_8,LOW,tariff_10,history,30,0.44277427146138815,0.23076923076923078,0.5846277293960319,0.2680231694088849,0.3071423437756243,0.22066576631179724,0.0438300702864277,0.25004707174101887,0.14618445179407855,0.12257422712405139,0.26455026455026454,0.10582010582010581,0.9715085720606282,457,2871.4620672999463,0.07309222589703927,0.061287113562025694,209.88155407786707,172.09718307089514,0.09501989366615107,0.07967324763063341,268.8460203012272,101.83265270467167,0.12425678402496676,0.10418809305544367,334.798641932374,59.549198294427406,0.17542134215289426,0.14708907254886167,343.71572978688096,29.87798317203041,call,343.71572978688096
tariff_8,LOW,tariff_4,history,20,0.7832782351865587,0.15384615384615385,0.8280499851784983,0.31443514654850646,0.3483812012508435,0.15046878262270072,0.0377881546125453,0.17050346826376186,0.14118539436869057,0.1099640605230975,-0.21164021164021163,-0.08465608465608465,0.9912694150498174,457,2871.4620672999463,0.07059269718434528,0.05498203026154875,202.7042521932392,213.8309436118258,0.09177050633964887,0.07147663934001337,259.51552785121095,126.52718556912771,0.12000758521338697,0.09346945144463287,322.59722872850665,73.98994588644493,0.16942247324242868,0.131956872627717,326.4902052637741,37.12342771038643,call,326.4902052637741
tariff_8,LOW,tariff_14,unseen_target,0,,,1.090130679182031,1.1753315528510349,1.1848646585695874,0.09221311475409837,0.0,0.12698924056376656,0.13843486706458918,0.24518600078665292,0.24867724867724855,0.09947089947089943,0.8212257913484228,457,2871.4620672999463,0.06921743353229459,0.12259300039332646,198.75523478383926,43.01111973249866,0.08998266359198298,0.1593709005113244,254.38180521899108,25.450366705620503,0.1176696370049008,0.20840810066865498,315.8838991325267,14.88274039186805,0.166121840477507,0.2942232009439835,317.01256348121416,7.46720828689213,call,317.01256348121416
tariff_8,LOW,tariff_19,unseen_target,0,,,1.0640717634704004,1.1819164171663104,1.1913968344624926,0.09221311475409837,0.0,0.12698924056376656,0.135125665148454,0.244498132907292,0.16402116402116396,0.06560846560846559,0.8141061100849152,457,2871.4620672999463,0.067562832574227,0.122249066453646,194.00411089623003,43.253474025810974,0.0878316823464951,0.1589237863897398,248.20534416509904,25.593771612905897,0.11485681537618589,0.2078234129711982,307.806988523591,14.966600008931133,0.1621507981781448,0.2933977594887504,305.609866150952,7.509283685036626,digital_ads,307.806988523591
tariff_8,LOW,tariff_20,unseen_target,0,,,1.0461562589186542,1.1864520843310131,1.1958965458656554,0.09221311475409837,0.0,0.12698924056376656,0.13285058883111103,0.24405186127103443,0.10582010582010581,0.042328042328042326,0.8091554369816812,457,2871.4620672999463,0.06642529441555552,0.12202593063551721,190.73771322349862,43.411804693828174,0.08635288274022218,0.1586337098261724,243.95902719054823,25.687458398714885,0.11292300050644437,0.20744408208037926,302.25411247994765,15.021385707206978,0.15942070659733323,0.2928622335252413,297.77051173639666,7.536771648234057,digital_ads,302.25411247994765
tariff_8,LOW,tariff_18,unseen_target,0,,,1.0298694365988847,1.1905814021382737,1.1999933646139622,0.09221311475409837,0.0,0.12698924056376656,0.1307823376335265,0.2436651112012208,0.05291005291005291,0.021164021164021163,0.8046170633863767,457,2871.4620672999463,0.06539116881676325,0.1218325556006104,187.7682607937428,43.549722204797796,0.08500851946179225,0.15838232228079352,240.09873903186568,25.769066393371478,0.11116498698849753,0.2071153445210377,297.20604334936274,15.069108029341796,0.15693880516023181,0.292398133441465,290.64382590498275,7.560715660555172,digital_ads,297.20604334936274
tariff_8,LOW,tariff_5,unseen_target,0,,,1.0135826142791156,1.194716357952298,1.2040959994779499,0.09221311475409837,0.0,0.12698924056376656,0.128714086435942,0.24329649914678317,0.0,0.0,0.8000441396068578,457,2871.4620672999463,0.064357043217971,0.12164824957339158,184.798808363987,43.68178422237029,0.08366415618336233,0.15814272444540906,236.23845087318318,25.84720959903568,0.10940697347055071,0.20680202427476568,292.15797421877795,15.114804229193874,0.15445690372313042,0.29195579897613977,283.51714007356884,7.583643094161512,digital_ads,292.15797421877795
tariff_8,LOW,tariff_6,unseen_target,0,,,1.0135826142791156,1.194716357952298,1.2040959994779499,0.09221311475409837,0.0,0.12698924056376656,0.128714086435942,0.24329649914678317,0.0,0.0,0.8000441396068578,457,2871.4620672999463,0.064357043217971,0.12164824957339158,184.798808363987,43.68178422237029,0.08366415618336233,0.15814272444540906,236.23845087318318,25.84720959903568,0.10940697347055071,0.20680202427476568,292.15797421877795,15.114804229193874,0.15445690372313042,0.29195579897613977,283.51714007356884,7.583643094161512,digital_ads,292.15797421877795
tariff_8,LOW,tariff_7,unseen_target,0,,,1.0135826142791156,1.194716357952298,1.2040959994779499,0.09221311475409837,0.0,0.12698924056376656,0.128714086435942,0.24329649914678317,0.0,0.0,0.8000441396068578,457,2871.4620672999463,0.064357043217971,0.12164824957339158,184.798808363987,43.68178422237029,0.08366415618336233,0.15814272444540906,236.23845087318318,25.84720959903568,0.10940697347055071,0.20680202427476568,292.15797421877795,15.114804229193874,0.15445690372313042,0.29195579897613977,283.51714007356884,7.583643094161512,digital_ads,292.15797421877795
tariff_8,LOW,tariff_3,unseen_target,0,,,0.9972957919593463,1.1988568934352428,1.208204391209203,0.09221311475409837,0.0,0.12698924056376656,0.1266458352383575,0.24294610766791105,-0.05291005291005291,-0.021164021164021163,0.795438040299286,457,2871.4620672999463,0.06332291761917876,0.12147305383395553,181.82935593423122,43.80787607491104,0.0823197929049324,0.1579149699841422,232.37816271450063,25.921820162669256,0.10764895995260387,0.2065041915177244,287.10990508819305,15.1584346279969,0.151975002286029,0.2915353292014933,276.39045424215493,7.605534040783167,digital_ads,287.10990508819305
tariff_8,LOW,tariff_17,unseen_target,0,,,0.9647221473198077,1.207154473671616,1.2164382118732526,0.09221311475409837,0.0,0.12698924056376656,0.1225093328431885,0.24230029851280455,-0.15873015873015872,-0.06349206349206349,0.786131837742307,457,2871.4620672999463,0.06125466642159425,0.12115014925640227,175.89045107471964,44.04171177939054,0.07963106634807253,0.15749519403332296,224.65758639713553,26.06018448484647,0.10413293291671022,0.20595525373588386,277.01376682702335,15.239346636467316,0.1470111994118262,0.29076035821536544,262.1370825793271,7.646130517255302,digital_ads,277.01376682702335
tariff_8,LOW,tariff_16,unseen_target,0,,,0.9321485026802692,1.215473690468914,1.2246943668614312,0.09221311475409837,0.0,0.12698924056376656,0.11837283044801951,0.24172827038209888,-0.26455026455026454,-0.10582010582010581,0.7767095273973128,457,2871.4620672999463,0.059186415224009754,0.12086413519104944,169.95154621520805,44.25039987878865,0.07694233979121269,0.15712337574836427,216.93701007977052,26.183668567330564,0.10061690588081657,0.20546902982478404,266.91762856585365,15.311557051483963,0.1420473965376234,0.29007392445851865,247.88371091649935,7.682361090067473,digital_ads,266.91762856585365
tariff_8,LOW,tariff_15,unseen_target,0,,,0.8832880357209613,1.227992121972167,1.237119497714633,0.09221311475409837,0.0,0.12698924056376656,0.11216807685526599,0.2410096982845053,-0.4232804232804233,-0.16931216931216933,0.7623825900967199,457,2871.4620672999463,0.056084038427632994,0.12050484914225265,161.04318892594065,44.51465898975954,0.07290924995592289,0.15665630388492846,205.35614560372287,26.34003490518315,0.09534286532697608,0.2048582435418295,251.7734211740991,15.402996190228214,0.13460169222631918,0.28921163794140636,226.50365342225757,7.728239407944365,digital_ads,251.7734211740991
tariff_8,LOW,tariff_2,unseen_target,0,,,0.8686298956331688,1.2317567341230362,1.2408564187920568,0.09221311475409837,0.0,0.12698924056376656,0.11030665077743992,0.24082695825782044,-0.47089947089947093,-0.1883597883597884,0.7580439983092642,457,2871.4620672999463,0.05515332538871996,0.12041347912891022,158.37068173916043,44.5822402631395,0.07169932300533596,0.1565375228675833,201.8818862609086,26.380023824342896,0.09376065316082392,0.20470291451914738,247.23015895657272,15.426380713889099,0.1323679809329279,0.2889923499093845,220.089636173985,7.7399722679061655,digital_ads,247.23015895657272
tariff_8,LOW,tariff_11,history_sparse,16,0.6718658829158561,0.12307692307692308,0.7995326378580891,0.340930851627204,0.37246992575408094,0.11802044521282544,0.03409971050846148,0.13373468492317128,0.10692524540974356,0.08902103035773895,0.582010582010582,0.2328042328042328,0.9840862208245819,457,2871.4620672999463,0.05346262270487178,0.044510515178869475,153.51589311540818,326.27729681386336,0.06950140951633332,0.05786366973253032,195.57066105003065,193.06348923897235,0.09088645859828202,0.0756678758040781,238.97701829619388,112.89871862071398,0.12831029449169226,0.10682523642928674,208.43814347697958,56.64536403018461,digital_ads,238.97701829619388
tariff_8,LOW,tariff_21,history_sparse,6,1.178385721493739,0.046153846153846156,1.0974659452265814,0.45662552455630506,0.4806317401881827,0.04592488881926367,0.022123719773552458,0.052039716722814613,0.05711181690252727,0.05374083500975665,0.05291005291005291,0.021164021164021163,0.9887960666586362,457,2871.4620672999463,0.028555908451263635,0.026870417504878324,81.99720791509348,895.2890414092067,0.03712268098664273,0.034931542756341825,102.59637028962155,529.7568292362168,0.048545044367148175,0.04567970975829315,117.39525345565892,309.7885956433242,0.06853418028303272,0.06448900201170797,36.793298996224365,155.43212524465395,digital_ads,117.39525345565892
tariff_8,LOW,tariff_12,history_sparse,10,-0.2340538768202582,0.07692307692307693,0.42825005287770873,0.3981518356373895,0.4254701919305544,0.07755605789883725,0.02826966509057023,0.08788252703402864,0.037635696849349434,0.05174642882938019,1.111111111111111,0.4444444444444444,0.8429205264455439,457,2871.4620672999463,0.018817848424674717,0.025873214414690093,54.0347379396535,965.6312728352215,0.024463202952077132,0.033635178739097125,66.24515932154955,571.3794513817877,0.031990342321947016,0.043984464504973154,69.85905449741094,334.12846810907325,0.045162836219219314,0.06209571459525622,-30.31662894483162,167.64431820055927,digital_ads,69.85905449741094
tariff_8,LOW,tariff_1,history_sparse,7,0.14277565849067558,0.05384615384615385,0.4141497345977042,0.44023036550425576,0.4650836212037687,0.06180500614997802,0.025450785541102885,0.07003424711063327,0.029004664853618804,0.04489282538786077,-1.0,-0.4,0.8133970939343191,457,2871.4620672999463,0.014502332426809402,0.022446412693930384,41.64289745095717,1282.9750494004738,0.018853032154852224,0.0291803365021095,50.135766686244324,759.1568339647773,0.024653965125575984,0.03815890157968165,48.7929256666272,443.9360032527592,0.03480559782434257,0.05387139046543292,-60.05704611770278,222.73872385424897,sms,50.135766686244324
tariff_11,LOW,tariff_8,history_sparse,16,1.2216609392800275,0.2318840579710145,1.108361252948918,0.34133751645845245,0.3728421920089306,0.22542305038028485,0.057820680130032324,0.255437780824025,0.28311733880460743,0.2048175880861878,-0.582010582010582,-0.2328042328042328,0.9985242070050382,387,2758.7539952296897,0.14155866940230372,0.1024087940430939,390.5255447730042,61.636446643697695,0.18402627022299486,0.1331314322560221,503.68320820490555,36.471270203371404,0.24064973798391634,0.17409494987325963,641.8934261141072,21.327490188130692,0.3397408065655289,0.24578110570342535,777.26130745521,10.700771986753074,call,777.26130745521
tariff_11,LOW,tariff_9,history_sparse,4,2.0895756457564576,0.057971014492753624,1.2727811941722118,0.4980736204285653,0.5201704829830491,0.08977849226618845,0.03955591643760589,0.10173235963010346,0.12948303417596,0.11504211540690196,-0.8465608465608465,-0.3386243386243386,0.9927945386595193,387,2758.7539952296897,0.06474151708798,0.05752105770345098,178.60591892369604,195.3702224041863,0.08416397221437401,0.07477737501448628,228.1876946008049,115.60368189596821,0.110060579049566,0.09778579809586666,281.6300621702833,67.60215308103332,0.15537964101115198,0.13805053848828233,268.65420541687047,33.91844138961569,digital_ads,281.6300621702833
tariff_11,LOW,tariff_14,unseen_target,0,,,0.910975633664569,1.2208925745298573,1.2300726314092771,0.09221311475409837,0.0,0.12698924056376656,0.11568410389115964,0.24139626842887604,-0.3333333333333334,-0.1333333333333334,0.7705280126833769,387,2758.7539952296897,0.05784205194557982,0.12069813421443802,159.57199189715158,44.372202274470396,0.07519466752925377,0.15690757447876943,203.44358946629706,26.25574099081089,0.09833148830748568,0.20518682816454464,249.27238622515767,15.353703209159306,0.13882092466939155,0.28967552211465125,222.97278055316377,7.703507339317777,digital_ads,249.27238622515767
tariff_11,LOW,tariff_19,unseen_target,0,,,0.8849167179529381,1.2275740879456938,1.2367045489508406,0.09221311475409837,0.0,0.12698924056376656,0.11237490197502442,0.24103094060082303,-0.417989417989418,-0.16719576719576723,0.7628635681268076,387,2758.7539952296897,0.05618745098751221,0.12051547030041151,155.0073548935717,44.50681308585566,0.07304368628376588,0.15667011139053497,197.50956136164322,26.335392358494477,0.09551866667877075,0.20487629951069958,241.51250331907187,15.400281344586734,0.13484988237002932,0.2892371287209876,212.0176517445721,7.726877271849943,digital_ads,241.51250331907187
tariff_11,LOW,tariff_20,unseen_target,0,,,0.867001213401192,1.2321752796177845,1.2412718959604159,0.09221311475409837,0.0,0.12698924056376656,0.11009982565768148,0.24080759254919232,-0.47619047619047616,-0.19047619047619047,0.7575608699182528,387,2758.7539952296897,0.05504991282884074,0.12040379627459616,151.86916695361055,44.58941114493513,0.07156488667749297,0.15652493515697502,193.42991703969375,26.38426694966575,0.09358485180902924,0.20468645366681346,236.1775838211379,15.428861987866831,0.13211979078921776,0.2889691110590308,204.48600068866529,7.741217212662349,digital_ads,236.1775838211379
tariff_11,LOW,tariff_18,unseen_target,0,,,0.8507143910814227,1.236363523367524,1.2454295491571405,0.09221311475409837,0.0,0.12698924056376656,0.10803157446009697,0.24062427817038248,-0.5291005291005291,-0.21164021164021163,0.7527183973770217,387,2758.7539952296897,0.05401578723004848,0.12031213908519124,149.0162688263731,44.65737597221054,0.07022052339906304,0.15640578081074863,189.72114947428508,26.424482823793216,0.09182683829108242,0.2045306364448251,231.32765700483426,15.452379229138595,0.12963788935211637,0.288749133804459,197.63904518329548,7.753016661842108,digital_ads,231.32765700483426
tariff_11,LOW,tariff_5,unseen_target,0,,,0.8344275687616534,1.2405568017077993,1.2495924048518716,0.09221311475409837,0.0,0.12698924056376656,0.10596332326251247,0.24045979812481677,-0.582010582010582,-0.2328042328042328,0.7478565330107256,387,2758.7539952296897,0.052981661631256234,0.12022989906240839,146.1633706991357,44.71849021626529,0.0688761601206331,0.15629886878113092,186.01238190887642,26.46064509838182,0.09006882477313559,0.20439082840609424,226.47773018853067,15.473526026389377,0.12715598791501495,0.2885517577497801,190.79208967792562,7.76362677365717,digital_ads,226.47773018853067
tariff_11,LOW,tariff_6,unseen_target,0,,,0.8344275687616534,1.2405568017077993,1.2495924048518716,0.09221311475409837,0.0,0.12698924056376656,0.10596332326251247,0.24045979812481677,-0.582010582010582,-0.2328042328042328,0.7478565330107256,387,2758.7539952296897,0.052981661631256234,0.12022989906240839,146.1633706991357,44.71849021626529,0.0688761601206331,0.15629886878113092,186.01238190887642,26.46064509838182,0.09006882477313559,0.20439082840609424,226.47773018853067,15.473526026389377,0.12715598791501495,0.2885517577497801,190.79208967792562,7.76362677365717,digital_ads,226.47773018853067
tariff_11,LOW,tariff_7,unseen_target,0,,,0.8344275687616534,1.2405568017077993,1.2495924048518716,0.09221311475409837,0.0,0.12698924056376656,0.10596332326251247,0.24045979812481677,-0.582010582010582,-0.2328042328042328,0.7478565330107256,387,2758.7539952296897,0.052981661631256234,0.12022989906240839,146.1633706991357,44.71849021626529,0.0688761601206331,0.15629886878113092,186.01238190887642,26.46064509838182,0.09006882477313559,0.20439082840609424,226.47773018853067,15.473526026389377,0.12715598791501495,0.2885517577497801,190.79208967792562,7.76362677365717,digital_ads,226.47773018853067
tariff_11,LOW,tariff_12,history,20,0.12989001572240216,0.2898550724637681,0.36825901870267574,0.3146234679653693,0.34855118217351627,0.2493234226572582,0.059863171682842976,0.2825204506973987,0.10404070393726172,0.13055475343871573,0.5291005291005291,0.21164021164021163,0.8546397049507499,387,2758.7539952296897,0.05202035196863086,0.06527737671935786,143.51135382671504,151.70039478828576,0.06762645755922012,0.08486058973516522,182.56475997472955,89.76354721200343,0.08843459834667246,0.11097154042290837,221.96930150541556,52.49148608591203,0.12484884472471405,0.15666570412645886,184.42724918411608,26.336874095188506,digital_ads,221.96930150541556
tariff_11,LOW,tariff_3,unseen_target,0,,,0.8181407464418841,1.2447550637576623,1.25376041122311,0.09221311475409837,0.0,0.12698924056376656,0.10389507206492796,0.2403141910852705,-0.6349206349206349,-0.25396825396825395,0.7429766288034687,387,2758.7539952296897,0.05194753603246398,0.12015709554263525,143.31047257189826,44.77269674946713,0.06753179684220319,0.15620422420542582,182.30361434346779,26.492719970098896,0.08831081125518876,0.2042670624224799,221.62780337222705,15.492282612272366,0.12467408647791355,0.28837702930232456,183.9451341725558,7.773037630115823,digital_ads,221.62780337222705
tariff_11,LOW,tariff_17,unseen_target,0,,,0.7855671018023456,1.2531663385741965,1.2621116718165066,0.09221311475409837,0.0,0.12698924056376656,0.09975856966975896,0.24007972892986865,-0.7407407407407407,-0.2962962962962963,0.7331680594392727,387,2758.7539952296897,0.04987928483487948,0.12003986446493432,137.60467631742344,44.86018959167369,0.06484307028534333,0.15605182380441462,174.88607921265051,26.544490882647153,0.08479478421929511,0.20406776959038833,211.92794973961983,15.522556952136227,0.11971028360371075,0.28809567471584235,170.25122316181626,7.788227359665572,digital_ads,211.92794973961983
tariff_11,LOW,tariff_16,unseen_target,0,,,0.752993457162807,1.2615969530991675,1.2704829286807058,0.09221311475409837,0.0,0.12698924056376656,0.09562206727458995,0.23992111341695518,-0.8465608465608465,-0.3386243386243386,0.7233032932313449,387,2758.7539952296897,0.047811033637294977,0.11996055670847759,131.8988800629486,44.9195247120409,0.062154343728483476,0.15594872372102087,167.4685440818332,26.57960042132597,0.08127875718340145,0.2039329464044119,202.22809610701262,15.543088135654292,0.11474648072950794,0.2879053361003462,156.55731215107664,7.798528595840435,digital_ads,202.22809610701262
tariff_11,LOW,tariff_15,unseen_target,0,,,0.7041329902034992,1.2742782969187179,1.2830764505663987,0.09221311475409837,0.0,0.12698924056376656,0.08941731368183645,0.23982571212235917,-1.0052910052910051,-0.4021164021164021,0.7084234652566455,387,2758.7539952296897,0.04470865684091822,0.11991285606117959,123.34018568123635,44.95526927939529,0.0581212538931937,0.15588671287953346,156.34224138560728,26.60075105289662,0.07600471662956097,0.2038518553040053,187.67831565810178,15.555456498060655,0.10730077641820372,0.287790854546831,136.01644563496717,7.804734249895015,digital_ads,187.67831565810178
tariff_11,LOW,tariff_2,unseen_target,0,,,0.6894748501157067,1.2780908271274876,1.2868629151496382,0.09221311475409837,0.0,0.12698924056376656,0.08755588760401038,0.23983047225378146,-1.0529100529100528,-0.42116402116402113,0.7039445458243346,387,2758.7539952296897,0.04377794380200519,0.11991523612689073,120.77257736672266,44.95348476165468,0.056911326942606755,0.15588980696495794,153.00435057673945,26.599695125239453,0.07442250446340881,0.20385590141571425,183.3133815234285,15.55483901787359,0.10506706512481245,0.28779656670453774,129.85418568013438,7.8044244377872705,digital_ads,183.3133815234285
tariff_11,LOW,tariff_1,no_history_for_cell,0,,,0.5266066269180139,0.6324535239762026,0.6499980461431535,0.09221311475409837,0.0,0.12698924056376656,0.06687337562816532,0.13011691737837364,-1.5820105820105819,-0.6328042328042328,0.791077749133893,387,2758.7539952296897,0.03343668781408266,0.06505845868918682,92.24359609434842,152.72303894792137,0.04346769415830747,0.08457599629594287,115.91667492265299,90.36866209936173,0.05684236928394053,0.11059937977161759,134.81411336039233,52.845342196512576,0.0802480507537984,0.15614030085404837,61.38463062643626,26.514416484014113,digital_ads,134.81411336039233
tariff_11,LOW,tariff_4,history_sparse,10,0.07765068641937267,0.14492753623188406,0.35189906681712,0.39818266115224793,0.42549903835647607,0.13996701009070134,0.0480089434475229,0.1586034009646671,0.05581238879348786,0.0888322231374416,-0.7936507936507936,-0.31746031746031744,0.7958890367495154,387,2758.7539952296897,0.02790619439674393,0.0444161115687208,76.98632528367371,327.665733902189,0.03627805271576712,0.05774094503933704,96.08222286877583,193.88504964626566,0.047440530474464684,0.07550738966682535,108.8767529822453,113.37914667895815,0.06697486655218544,0.10659866776492992,24.76718068081692,56.88641213579669,digital_ads,108.8767529822453
tariff_11,LOW,tariff_13,history_sparse,4,0.11279707033754516,0.057971014492753624,0.43293171082377,0.49877935540720975,0.5208462780710175,0.07167258729297842,0.03569265703487549,0.08121568141833556,0.03516084390215828,0.06010165533303061,-1.0582010582010581,-0.42328042328042326,0.7970719957123337,387,2758.7539952296897,0.01758042195107914,0.030050827666515303,48.50005929536332,715.8124069718749,0.022854548536402886,0.039066075966469896,59.05007708397232,423.5576372614644,0.029886717316834538,0.051086407033076014,60.45010080211763,247.68595396950684,0.04219301268258994,0.07212198639963673,-43.59985769112804,124.27298732150605,digital_ads,60.45010080211763
tariff_11,LOW,tariff_21,history_sparse,1,3.0,0.014492753623188406,1.1369927317637907,0.5888285051415884,0.6076339428202456,0.019773277668642335,0.019264349632040555,0.022406059002282885,0.02547552623306629,0.0379373502038497,-0.5291005291005291,-0.21164021164021163,0.9693399606075712,387,2758.7539952296897,0.012737763116533145,0.01896867510192485,35.1403548880252,1796.5450070149598,0.01655909205149309,0.024659277632502308,41.68246135443276,1063.0443828490884,0.021654197298106345,0.03224674767327225,37.73860330964283,621.6418709394325,0.030570631479679547,0.045524820244619645,-75.66314826873953,311.9001748289861,sms,41.68246135443276
tariff_11,LOW,tariff_10,history_sparse,14,-0.5083402624052928,0.2028985507246377,-0.052122130592480866,0.35747410240422534,0.3876696195082954,0.18628809893896897,0.0538740518152386,0.21109207113745257,-0.011002568498863564,0.09677506517182453,-0.31746031746031744,-0.12698412698412698,0.44652342385102334,387,2758.7539952296897,-0.005501284249431782,0.04838753258591227,-15.176689902014093,276.086482679656,-0.007151669524261317,0.06290379236168595,-23.729696872618323,163.36478265068408,-0.00935218322403403,0.08225880539605085,-47.80037283342396,95.53165490645539,-0.013203082198636275,0.11613007820618944,-196.42405576483384,47.931681020773624,push,-15.176689902014093
tariff_10,LOW,tariff_9,history_sparse,8,1.9405619610452443,0.13333333333333333,1.5080113051327266,0.42491437750355127,0.4506131691475855,0.16406566626919347,0.05450678142220552,0.18591075593431478,0.28035552169471784,0.20849327282971117,-0.5291005291005291,-0.21164021164021163,0.999590919046386,370,2627.658292502123,0.14017776084735892,0.10424663641485558,368.3392557149421,59.48233318805188,0.1822310891015666,0.13552062733931228,474.84103242942473,35.19664685683543,0.23830219344051015,0.1772192819052545,604.1767347154015,20.582122210398577,0.33642662603366136,0.2501919273956534,724.0142137158609,10.326793956259008,call,724.0142137158609
tariff_10,LOW,tariff_14,unseen_target,0,,,1.0086965675831847,1.1959579353672618,1.20532791520313,0.09221311475409837,0.0,0.12698924056376656,0.12809361107666667,0.2431894648800237,-0.015873015873015994,-0.006349206349206398,0.7986657305502183,370,2627.658292502123,0.06404680553833333,0.12159473244001184,168.29311968107248,43.72024375549895,0.08326084719983334,0.1580731521720154,214.78105558539426,25.869966719230145,0.10887956941516665,0.20671104514802013,264.0983034578232,15.128112026124205,0.153712333292,0.2918273578560284,243.9034872345739,7.590320096440791,digital_ads,264.0983034578232
tariff_10,LOW,tariff_8,history_sparse,19,0.1790834992325074,0.31666666666666665,0.3646829952462433,0.32059292134651357,0.3539488963360274,0.30408702300878165,0.06770675726275736,0.34457573972009736,0.12566091285031503,0.15980173736822012,-0.26455026455026454,-0.10582010582010581,0.8485716632521914,370,2627.658292502123,0.06283045642515751,0.07990086868411006,165.09696984725844,101.25327879760759,0.08167959335270478,0.10387112928934308,210.62606080143598,59.91318272047784,0.10681177592276779,0.1358314767629871,258.6648487403394,35.03573660816872,0.15079309542037805,0.19176208484186413,236.23272763342032,17.578694235695757,digital_ads,258.6648487403394
tariff_10,LOW,tariff_19,unseen_target,0,,,0.9826376518715539,1.202588098354964,1.2119068175008376,0.09221311475409837,0.0,0.12698924056376656,0.12478440916053146,0.24264639925264392,-0.10052910052910058,-0.04021164021164023,0.7912653261479408,370,2627.658292502123,0.06239220458026573,0.12132319962632196,163.9453937528242,43.91616284744596,0.08110986595434547,0.15772015951421856,209.1290118786715,25.98589517600352,0.10606674778645174,0.20624943936474732,256.7071693798011,15.195904099462272,0.14974129099263775,0.2911756791031727,233.46894500677803,7.62433382768159,digital_ads,256.7071693798011
tariff_10,LOW,tariff_20,unseen_target,0,,,0.9647221473198077,1.207154473671616,1.2164382118732526,0.09221311475409837,0.0,0.12698924056376656,0.1225093328431885,0.24230029851280455,-0.15873015873015872,-0.06349206349206349,0.786131837742307,370,2627.658292502123,0.06125466642159425,0.12115014925640227,160.95633217715348,44.04171177939054,0.07963106634807253,0.15749519403332296,205.24323183029952,26.06018448484647,0.10413293291671022,0.20595525373588386,251.6257647011609,15.239346636467316,0.1470111994118262,0.29076035821536544,226.29519722516835,7.646130517255302,digital_ads,251.6257647011609
tariff_10,LOW,tariff_18,unseen_target,0,,,0.9484353250000384,1.2113114053352227,1.2205635258745005,0.09221311475409837,0.0,0.12698924056376656,0.12044108164560399,0.24200502753846356,-0.21164021164021163,-0.08465608465608465,0.7814345031653904,370,2627.658292502123,0.060220540822801996,0.12100251376923178,158.23900347199827,44.149248160220246,0.07828670306964261,0.15730326790000132,201.71070451359782,26.123815479420262,0.10237491939876339,0.205704273407694,247.00630590239706,15.276556456823617,0.1445292979747248,0.29040603304615625,219.7736083327959,7.664800027816016,digital_ads,247.00630590239706
tariff_10,LOW,tariff_5,unseen_target,0,,,0.9321485026802692,1.215473690468914,1.2246943668614312,0.09221311475409837,0.0,0.12698924056376656,0.11837283044801951,0.24172827038209888,-0.26455026455026454,-0.10582010582010581,0.7767095273973128,370,2627.658292502123,0.059186415224009754,0.12086413519104944,155.52167476684312,44.25039987878865,0.07694233979121269,0.15712337574836427,198.1781771968961,26.183668567330564,0.10061690588081657,0.20546902982478404,242.38684710363327,15.311557051483963,0.1420473965376234,0.29007392445851865,213.2520194404235,7.682361090067473,digital_ads,242.38684710363327
tariff_10,LOW,tariff_6,unseen_target,0,,,0.9321485026802692,1.215473690468914,1.2246943668614312,0.09221311475409837,0.0,0.12698924056376656,0.11837283044801951,0.24172827038209888,-0.26455026455026454,-0.10582010582010581,0.7767095273973128,370,2627.658292502123,0.059186415224009754,0.12086413519104944,155.52167476684312,44.25039987878865,0.07694233979121269,0.15712337574836427,198.1781771968961,26.183668567330564,0.10061690588081657,0.20546902982478404,242.38684710363327,15.311557051483963,0.1420473965376234,0.29007392445851865,213.2520194404235,7.682361090067473,digital_ads,242.38684710363327
tariff_10,LOW,tariff_7,unseen_target,0,,,0.9321485026802692,1.215473690468914,1.2246943668614312,0.09221311475409837,0.0,0.12698924056376656,0.11837283044801951,0.24172827038209888,-0.26455026455026454,-0.10582010582010581,0.7767095273973128,370,2627.658292502123,0.059186415224009754,0.12086413519104944,155.52167476684312,44.25039987878865,0.07694233979121269,0.15712337574836427,198.1781771968961,26.183668567330564,0.10061690588081657,0.20546902982478404,242.38684710363327,15.311557051483963,0.1420473965376234,0.29007392445851865,213.2520194404235,7.682361090067473,digital_ads,242.38684710363327
tariff_10,LOW,tariff_3,unseen_target,0,,,0.9158616803604999,1.2196412742631269,1.2288306790954495,0.09221311475409837,0.0,0.12698924056376656,0.116304579250435,0.24147009070168485,-0.31746031746031744,-0.12698412698412698,0.7719582954331117,370,2627.658292502123,0.0581522896252175,0.12073504535084242,152.80434606168794,44.34507546887087,0.07559797651278276,0.15695555895609514,194.64564988019433,26.239689626550817,0.09885889236286974,0.20524957709643213,237.76738830486948,15.344316771235594,0.139565495100522,0.2897641088420218,206.730430548051,7.698797824456749,digital_ads,237.76738830486948
tariff_10,LOW,tariff_4,history_sparse,13,0.42446610821914493,0.21666666666666667,0.529704881610201,0.3664773665186077,0.39598694444440197,0.19074882300072674,0.057826673033411685,0.21614673370759135,0.11449397998901133,0.12466470042690093,-0.47619047619047616,-0.19047619047619047,0.9095000521948631,370,2627.658292502123,0.05724698999450566,0.06233235021345047,150.42552797984888,166.373860247295,0.07442108699285736,0.08103205527748561,191.55318637380353,98.44607115224555,0.09731988299065962,0.10596499536286579,233.72339756574306,57.56880977415052,0.13739277598681357,0.1495976405122811,201.02126715163723,28.884350737377613,digital_ads,233.72339756574306
tariff_10,LOW,tariff_17,unseen_target,0,,,0.8832880357209613,1.227992121972167,1.237119497714633,0.09221311475409837,0.0,0.12698924056376656,0.11216807685526599,0.2410096982845053,-0.42328042328042326,-0.1693121693121693,0.7623825900967199,370,2627.658292502123,0.056084038427632994,0.12050484914225265,147.36968865137757,44.51465898975954,0.07290924995592289,0.15665630388492846,187.58059524679084,26.34003490518315,0.09534286532697608,0.2048582435418295,228.52847070734185,15.402996190228214,0.13460169222631918,0.28921163794140636,193.68725276330616,7.728239407944365,digital_ads,228.52847070734185
tariff_10,LOW,tariff_16,unseen_target,0,,,0.8507143910814227,1.236363523367524,1.2454295491571405,0.09221311475409837,0.0,0.12698924056376656,0.10803157446009697,0.24062427817038248,-0.5291005291005291,-0.21164021164021163,0.7527183973770217,370,2627.658292502123,0.05401578723004848,0.12031213908519124,141.93503124106718,44.65737597221054,0.07022052339906304,0.15640578081074863,180.51554061338737,26.424482823793216,0.09182683829108242,0.2045306364448251,219.2895531098142,15.452379229138595,0.12963788935211637,0.288749133804459,180.64407497856126,7.753016661842108,digital_ads,219.2895531098142
tariff_10,LOW,tariff_15,unseen_target,0,,,0.8018539241221148,1.2489582592602257,1.2579335170724775,0.09221311475409837,0.0,0.12698924056376656,0.10182682086734345,0.24018749137546364,-0.6878306878306879,-0.2751322751322752,0.7380800270783762,370,2627.658292502123,0.05091341043367172,0.12009374568773182,133.7830451256016,44.81994470425324,0.06618743356377325,0.15612186939405137,169.91795866328212,26.520677339794815,0.08655279773724192,0.20415936766914408,205.43117671352272,15.508631385554756,0.12219218504081214,0.2882249896505564,161.07930830144386,7.781240400043964,digital_ads,205.43117671352272
tariff_10,LOW,tariff_2,unseen_target,0,,,0.7871957840343224,1.2527453122734782,1.2616936305708983,0.09221311475409837,0.0,0.12698924056376656,0.09996539478951741,0.24008965223568107,-0.7354497354497355,-0.2941798941798942,0.7336599099565024,370,2627.658292502123,0.049982697394758704,0.12004482611784054,131.33744929096196,44.85648137537745,0.06497750661318633,0.1560582739531927,166.73868407825057,26.542296671820974,0.08497058557108979,0.20407620440032892,201.27366379463533,15.521273832310534,0.11995847374742089,0.2881075826828173,155.2098782983087,7.78758357211414,digital_ads,201.27366379463533
tariff_10,LOW,tariff_13,history_sparse,2,1.9904472849666335,0.03333333333333333,1.0945390286644459,0.5541225619451358,0.5740660359720307,0.05806369165880669,0.03442062044982419,0.065794782382526,0.07201495720015859,0.07930141293949558,-0.7407407407407407,-0.2962962962962963,0.9717165880664724,370,2627.658292502123,0.036007478600079294,0.03965070646974779,94.6153497355911,411.159413716162,0.04680972218010309,0.05154591841067213,118.99995465626844,243.28959391488877,0.0612127136201348,0.06740620099857124,138.84609455050486,142.26969332739174,0.08641794864019031,0.09516169552739469,67.07683936541864,71.38184265905592,digital_ads,138.84609455050486
tariff_10,LOW,tariff_11,history_sparse,11,-0.012058119724218259,0.18333333333333332,0.4154071650024006,0.38680338915966517,0.41486969263300416,0.15276136413851288,0.052949912086877535,0.17310130346193403,0.07190752172934226,0.09840743983767716,0.31746031746031744,0.12698412698412698,0.8416580211475487,370,2627.658292502123,0.03595376086467113,0.04920371991883858,94.47419788269139,267.0030498154412,0.04673988912407246,0.06396483589449016,118.81645724749879,157.98997030499473,0.06112139346994091,0.08364632386202558,138.60613640057534,92.38859855205577,0.08628902607521069,0.11808892780521259,66.73807491845929,46.3546961485141,digital_ads,138.60613640057534
tariff_10,LOW,tariff_12,history_sparse,4,-0.6067943379547781,0.06666666666666667,0.5932124853136169,0.4989458346603085,0.5210057062306246,0.06039587798798128,0.03506159828066226,0.06843749571369377,0.04059797692096029,0.05800005597676923,0.8465608465608465,0.3386243386243386,0.8725631389447032,370,2627.658292502123,0.020298988460480144,0.029000027988384615,53.33880535758556,768.6263403900581,0.02638868499862419,0.0377000363849,65.34044696486123,454.80848543790415,0.034508280382816246,0.049300047580253845,68.67596910789544,265.96067141524503,0.04871757230515235,0.06960006717212307,-31.986867141794676,133.44207298438513,digital_ads,68.67596910789544
tariff_10,LOW,tariff_21,history_sparse,2,1.0,0.03333333333333333,0.9287069392795435,0.5534398874088373,0.573407105794048,0.03660862773185901,0.027640678814287035,0.04148300988325535,0.03852555914078113,0.05146510330369034,-0.21164021164021163,-0.08465608465608465,0.9473440322653424,370,2627.658292502123,0.019262779570390565,0.02573255165184517,50.616002474777254,976.2170558757587,0.025041613441507737,0.03345231714739872,61.80080321721043,577.6432283288514,0.03274672526966396,0.04374533780813679,64.04720420712133,337.79136881514137,0.046230670968937355,0.06175812396442841,-38.521594060534596,169.4821277562081,digital_ads,64.04720420712133
tariff_10,LOW,tariff_1,history_sparse,1,-0.8635379061371841,0.016666666666666666,0.426148382007914,0.5888285051415884,0.6076339428202456,0.03326892620413823,0.026395374873737228,0.03769863226341364,0.016065211142965066,0.03714556826654443,-1.2645502645502644,-0.5058201058201058,0.7584496392269763,370,2627.658292502123,0.008032605571482533,0.018572784133272215,21.106942640304833,1873.9503293576618,0.010442387242927295,0.02414461937325388,23.43902543239629,1108.8463487323443,0.013655429471520307,0.031573733026562766,13.881802488518218,648.4257195009211,0.01927825337155808,0.044574681919853316,-109.34333766326839,325.33859884681624,sms,23.43902543239629
tariff_12,LOW,tariff_8,history_sparse,6,1.65490624099632,0.17647058823529413,1.1130301800049234,0.457799608460569,0.4817473212241561,0.1814994748205041,0.06863937148237245,0.20566584912529562,0.2289122970727932,0.1972654684732615,-1.111111111111111,-0.4444444444444444,0.9895670575628236,363,2803.0359624000153,0.1144561485363966,0.09863273423663076,320.82470046531756,66.44616991348512,0.14879299309731558,0.12822255450762,413.07211060491284,39.31726030383734,0.1945754525118742,0.1676756482022723,523.4019907910398,22.991754295323563,0.2746947564873518,0.23671856216791382,609.979281116762,11.535793387757831,call,609.979281116762
tariff_12,LOW,tariff_11,history_sparse,6,1.1257629277201076,0.17647058823529413,1.0432344683456096,0.45670077265913966,0.48070323043168245,0.12805363115839025,0.05950685066241333,0.14510377405671987,0.1513772585830036,0.14303391151242928,-0.5291005291005291,-0.21164021164021163,0.9850051210981794,363,2803.0359624000153,0.0756886292915018,0.07151695575621464,212.15794984884275,126.38457086226526,0.09839521807895235,0.09297204248307904,271.8053348034956,74.78376974098535,0.12867066979555308,0.12157882478556488,338.6685147430327,43.73168541946895,0.18165271029960434,0.17164069381491512,349.1790796372226,21.941765774698833,call,349.1790796372226
tariff_12,LOW,tariff_14,unseen_target,0,,,0.7481074104668761,1.262863189397989,1.2717403174927107,0.09221311475409837,0.0,0.12698924056376656,0.09500159191531458,0.23990387310697642,-0.8624338624338626,-0.34497354497354504,0.72181937715821,363,2803.0359624000153,0.04750079595765729,0.11995193655348821,133.14643931193865,44.92598108430842,0.06175103474495449,0.15593751751953466,169.0903711055203,26.583420759945813,0.08075135312801739,0.20391829214092996,204.3489468302957,15.545322174501182,0.1140019102983775,0.2878846477283717,159.55145434865278,7.799649493803546,digital_ads,204.3489468302957
tariff_12,LOW,tariff_19,unseen_target,0,,,0.7220484947552452,1.2696235994121028,1.2784537864874677,0.09221311475409837,0.0,0.12698924056376656,0.09169238999917938,0.23984081951107417,-0.9470899470899471,-0.37883597883597886,0.7138891892230318,363,2803.0359624000153,0.04584619499958969,0.11992040975553708,128.50853332305365,44.949606062104785,0.0596000534994666,0.15589653268219822,163.06109331996976,26.597400036748397,0.07793853149930247,0.20386469658441303,196.46450664919118,15.553496907302696,0.11003086799901525,0.287808983413289,148.42047997532876,7.8037510524487494,digital_ads,196.46450664919118
tariff_12,LOW,tariff_20,unseen_target,0,,,0.7041329902034992,1.2742782969187179,1.2830764505663987,0.09221311475409837,0.0,0.12698924056376656,0.08941731368183645,0.23982571212235917,-1.0052910052910051,-0.4021164021164021,0.7084234652566455,363,2803.0359624000153,0.04470865684091822,0.11991285606117959,125.31997295569523,44.95526927939529,0.0581212538931937,0.15588671287953346,158.91596484240384,26.60075105289662,0.07600471662956097,0.2038518553040053,191.04395402468188,15.555456498060655,0.10730077641820372,0.287790854546831,140.76793509366854,7.804734249895015,digital_ads,191.04395402468188
tariff_12,LOW,tariff_18,unseen_target,0,,,0.6878461678837298,1.2785146700691346,1.287283869852329,0.09221311475409837,0.0,0.12698924056376656,0.08734906248425192,0.23983195230406418,-1.0582010582010581,-0.42328042328042326,0.7034465445167382,363,2803.0359624000153,0.04367453124212596,0.11991597615203209,122.42128171264207,44.95292992972427,0.05677689061476376,0.15589076899764173,155.14766622643472,26.59936682232205,0.07424670311161413,0.20385715945845453,186.11617891149152,15.554647034506667,0.1048188749811023,0.287798342764877,133.811076110341,7.804328112799352,digital_ads,186.11617891149152
tariff_12,LOW,tariff_21,no_history_for_cell,0,,,0.6878461678837298,0.6324535239762026,0.6499980461431535,0.09221311475409837,0.0,0.12698924056376656,0.08734906248425192,0.1405749934603422,-1.0582010582010581,-0.42328042328042326,0.8550242580185914,363,2803.0359624000153,0.04367453124212596,0.0702874967301711,122.42128171264207,130.8446424808602,0.05677689061476376,0.09137374574922243,155.14766622643472,77.42286537329005,0.07424670311161413,0.11948874444129086,186.11617891149152,45.274962796145395,0.1048188749811023,0.16868999215241062,133.811076110341,22.716083764038224,digital_ads,186.11617891149152
tariff_12,LOW,tariff_5,unseen_target,0,,,0.6715593455639606,1.282755596091103,1.2914960004982752,0.09221311475409837,0.0,0.12698924056376656,0.08528081128666742,0.2398572140889062,-1.111111111111111,-0.4444444444444444,0.6984632003071294,363,2803.0359624000153,0.04264040564333371,0.1199286070444531,119.52259046958895,44.94346153455485,0.05543252733633384,0.15590718915778903,151.37936761046566,26.59376422163009,0.0724886895936673,0.20387863197557027,181.1884037983012,15.551370773202374,0.10233697354400091,0.2878286569066874,126.8542171270135,7.802684294193554,digital_ads,181.1884037983012
tariff_12,LOW,tariff_6,unseen_target,0,,,0.6715593455639606,1.282755596091103,1.2914960004982752,0.09221311475409837,0.0,0.12698924056376656,0.08528081128666742,0.2398572140889062,-1.111111111111111,-0.4444444444444444,0.6984632003071294,363,2803.0359624000153,0.04264040564333371,0.1199286070444531,119.52259046958895,44.94346153455485,0.05543252733633384,0.15590718915778903,151.37936761046566,26.59376422163009,0.0724886895936673,0.20387863197557027,181.1884037983012,15.551370773202374,0.10233697354400091,0.2878286569066874,126.8542171270135,7.802684294193554,digital_ads,181.1884037983012
tariff_12,LOW,tariff_7,unseen_target,0,,,0.6715593455639606,1.282755596091103,1.2914960004982752,0.09221311475409837,0.0,0.12698924056376656,0.08528081128666742,0.2398572140889062,-1.111111111111111,-0.4444444444444444,0.6984632003071294,363,2803.0359624000153,0.04264040564333371,0.1199286070444531,119.52259046958895,44.94346153455485,0.05543252733633384,0.15590718915778903,151.37936761046566,26.59376422163009,0.0724886895936673,0.20387863197557027,181.1884037983012,15.551370773202374,0.10233697354400091,0.2878286569066874,126.8542171270135,7.802684294193554,digital_ads,181.1884037983012
tariff_12,LOW,tariff_3,unseen_target,0,,,0.6552725232441912,1.2870010299767543,1.2957127965568707,0.09221311475409837,0.0,0.12698924056376656,0.08321256008908291,0.23990149146792333,-1.164021164021164,-0.4656084656084656,0.693474646217963,363,2803.0359624000153,0.041606280044541456,0.11995074573396167,116.62389922653581,44.92687310045643,0.0540881640579039,0.15593596945415017,147.61106899449658,26.583948580151734,0.07073067607572046,0.20391626774773483,176.26062868511085,15.545630830607763,0.09985507210689949,0.28788178976150797,119.89735814368595,7.799804357718133,digital_ads,176.26062868511085
tariff_12,LOW,tariff_17,unseen_target,0,,,0.6226988786046526,1.295505244022191,1.304160203843453,0.09221311475409837,0.0,0.12698924056376656,0.07907605769391389,0.24004704639968028,-1.2698412698412698,-0.5079365079365079,0.6834866718261922,363,2803.0359624000153,0.039538028846956945,0.12002352319984014,110.82651674042953,44.872405899524544,0.05139943750104404,0.15603058015979218,140.0744717625584,26.551719467174284,0.06721464903982681,0.20403998943972823,166.4050784587302,15.526784048278392,0.09489126923269667,0.2880564556796163,105.98364017703085,7.790348246445235,digital_ads,166.4050784587302
tariff_12,LOW,tariff_16,unseen_target,0,,,0.5901252339651141,1.304026962898121,1.3126257349165822,0.09221311475409837,0.0,0.12698924056376656,0.0749395552987449,0.2402684789480455,-1.3756613756613756,-0.5502645502645502,0.6734919584464212,363,2803.0359624000153,0.03746977764937245,0.12013423947402276,105.02913425432328,44.78973477592267,0.048710710944184187,0.1561745113162296,132.5378745306203,26.50280164255779,0.06369862200393316,0.20422820710583867,156.54952823234956,15.498178123156636,0.08992746635849387,0.2883221747376546,92.06992221037586,7.775995620819911,digital_ads,156.54952823234956
tariff_12,LOW,tariff_15,unseen_target,0,,,0.5412647670058062,1.316841619181382,1.325357253727554,0.09221311475409837,0.0,0.12698924056376656,0.06873480170599137,0.2407424206775364,-1.5343915343915342,-0.6137566137566137,0.6585068996311572,363,2803.0359624000153,0.03436740085299569,0.1203712103387682,96.33306052516387,44.61355619351802,0.0446776211088944,0.15648257344039868,121.23297868271305,26.398553960661552,0.05842458145009267,0.20463105757590594,141.76620289277858,15.437216675957796,0.08248176204718966,0.2888909048130437,71.1993452603933,7.745409061374658,digital_ads,141.76620289277858
tariff_12,LOW,tariff_2,unseen_target,0,,,0.5266066269180139,1.3206933791125766,1.3291843369645144,0.09221311475409837,0.0,0.12698924056376656,0.06687337562816532,0.24091765859298742,-1.5820105820105819,-0.6328042328042328,0.6540167570406883,363,2803.0359624000153,0.03343668781408266,0.12045882929649371,93.72423840641606,44.54867806608793,0.04346769415830747,0.15659647808544183,117.84150992834091,26.36016453614671,0.05684236928394053,0.2047800098040393,137.3312052909073,15.414767496916244,0.0802480507537984,0.2891011903115849,64.93817217539856,7.734145497584712,digital_ads,137.3312052909073
tariff_12,LOW,tariff_13,history_sparse,3,0.4379096843663772,0.08823529411764706,0.49473022276283835,0.5240767744691166,0.5451205972424389,0.10257120269541184,0.05403048365462693,0.11622839966350981,0.05750170205689641,0.09328378880516158,-1.5873015873015872,-0.6349206349206349,0.8179449101404288,363,2803.0359624000153,0.028750851028448206,0.04664189440258079,80.58966938234579,297.13905290100956,0.03737610633698267,0.06063446272335503,100.76657019704953,175.82192479349678,0.04887644674836195,0.07929122048438735,115.00243794998784,102.81628128062614,0.0690020424682757,0.1119405465661939,33.41520651762988,51.5866411286475,digital_ads,115.00243794998784
tariff_12,LOW,tariff_1,no_history_for_cell,0,,,0.36373840372032096,0.6324535239762026,0.6499980461431535,0.09221311475409837,0.0,0.12698924056376656,0.04619086365232028,0.12179505018643026,-2.111111111111111,-0.8444444444444446,0.7121235836339939,363,2803.0359624000153,0.02309543182616014,0.06089752509321513,64.73732597588473,174.30619051016447,0.030024061374008187,0.07916678262117967,80.15852376865016,103.13975769832219,0.039262234104472236,0.10352579265846572,88.05345415900403,60.313560730160724,0.05542903638278433,0.1461540602237163,-4.630417657876649,30.261491408014674,digital_ads,88.05345415900403
tariff_12,LOW,tariff_9,history_sparse,1,-1.0,0.029411764705882353,0.37832536354875745,0.5888285051415884,0.6076339428202456,0.10031593663452897,0.05350028685268905,0.11367284841536626,0.04300532170236624,0.09523150131477888,-1.3756613756613756,-0.5502645502645502,0.7332330394434752,363,2803.0359624000153,0.02150266085118312,0.04761575065738944,60.27273165315721,285.1089343487354,0.027953459106538053,0.06190047585460627,74.35455114910437,168.70351144895585,0.0365545234470113,0.08094677611756204,80.46364381036724,98.65361050129255,0.051606386042839486,0.11427780157773465,-15.345444032422705,49.49807887998879,digital_ads,80.46364381036724
tariff_12,LOW,tariff_10,history_sparse,8,-0.7691216604424016,0.23529411764705882,-0.08917532119335275,0.4243568298098103,0.45008745706388253,0.2029677431089283,0.07162713676644242,0.2299925841263471,-0.020509662561556206,0.12513811749016712,-0.8465608465608465,-0.3386243386243386,0.4214721171035898,363,2803.0359624000153,-0.010254831280778103,0.06256905874508356,-28.74466086836563,165.11740478493465,-0.013331280665011535,0.08133977636860863,-41.36805912887532,97.70260638161812,-0.017433213177322774,0.10636739986664205,-70.86592347622157,57.134050098593306,-0.024611595073867447,0.15016574098820054,-228.9871860840775,28.666216108495604,push,-28.74466086836563
tariff_12,LOW,tariff_4,history_sparse,10,-0.7503864038581785,0.29411764705882354,-0.1979325098499877,0.39855752451846854,0.42584985658127167,0.2392936174516204,0.07598016251581544,0.27115519244406855,-0.05367042779931091,0.1415551042846455,-1.3227513227513226,-0.5291005291005291,0.32103944906180704,363,2803.0359624000153,-0.026835213899655454,0.07077755214232274,-75.22006961943099,129.0390094880367,-0.03488577806955209,0.09201081778501957,-101.78609050526029,76.35444348404538,-0.04561986362941427,0.12032183864194866,-149.87411835303266,44.650176293438314,-0.06440451335917309,0.1698661251415746,-340.5281670866344,22.40260581389526,push,-75.22006961943099
tariff_12,MID,tariff_8,history,78,0.5124144699153099,0.5416666666666666,0.3478531280714787,0.09587556003268696,0.17802281598598918,0.5312305586699203,0.03857737543582891,0.6019630857786461,0.20939474237166192,0.16605347416532357,-1.111111111111111,-0.4444444444444444,0.974648243998642,342,4394.912006229608,0.10469737118583096,0.08302673708266178,460.1357336452863,93.77264285362736,0.13610658254158026,0.10793475820746032,594.1764537388722,55.48677091930613,0.17798553101591263,0.14114545304052503,760.2307471969867,32.44728126423092,0.2512736908459943,0.19926416899838828,944.3257607486871,16.27997271764364,call,944.3257607486871
tariff_12,MID,tariff_10,history,22,0.2617972876504672,0.1527777777777778,0.14066181075287834,0.1494167600742347,0.21172002312271132,0.15339436729603775,0.027858439752004558,0.17381859001066977,0.02444963761341298,0.04462534319923061,-0.8465608465608465,-0.3386243386243386,0.7467753193952648,342,4394.912006229608,0.01222481880670649,0.022312671599615305,53.72700294757586,1298.4013265225421,0.015892264448718437,0.029006473079499898,65.84510383184862,768.2848085932199,0.02078219197140103,0.03793154171934602,69.33590501087896,449.2738154057238,0.029339565136095577,0.05355041183907673,-31.05519292581792,225.4168969657191,digital_ads,69.33590501087896
tariff_12,MID,tariff_9,history_sparse,1,1.3624518944998114,0.006944444444444444,-0.22346415909032,0.21930867802270476,0.2656996354082301,0.009215120788948542,0.007386721200582511,0.010442099866820993,-0.0023334350658762958,0.004719491209126627,-1.3756613756613756,-0.5502645502645502,0.20016261787451567,342,4394.912006229608,-0.0011667175329381479,0.0023597456045633134,-5.127620893388454,116086.5022522252,-0.0015167327928195923,0.0030676692859323076,-10.665907161404991,68690.23801906814,-0.0019834198059948513,0.0040115675277576325,-30.716955518760372,40168.3398796627,-0.0028001220790515547,0.005663389450951952,-172.30629014413228,20153.90664101132,push,-5.127620893388454
tariff_12,MID,tariff_1,history_sparse,2,-0.6071872311956418,0.013888888888888888,-0.6007095796975096,0.21343611861213543,0.2608734879749446,0.01673995352129868,0.009917970831032016,0.01896885243707017,-0.011394771374816502,0.011742227869524753,-2.111111111111111,-0.8444444444444446,0.010648274291055637,342,4394.912006229608,-0.005697385687408251,0.005871113934762377,-25.03950876171125,18753.01412556647,-0.007406601393630727,0.00763244811519109,-36.55136139022463,11096.458062465364,-0.009685555668594028,0.00998089368909604,-64.56716489490913,6488.932223379403,-0.013673725649779802,0.014090673443429704,-220.094821028107,3255.7316190219567,push,-25.03950876171125
tariff_12,MID,tariff_4,history_sparse,10,0.1144399049490489,0.06944444444444445,-0.1503848239794128,0.17898031750478446,0.23352506086952093,0.07132510627192944,0.01989594504098862,0.08082193383686383,-0.012154392293732514,0.023445962040852433,-1.3227513227513226,-0.5291005291005291,0.2597950967571725,342,4394.912006229608,-0.006077196146866257,0.011722981020426217,-26.708742310074825,4703.6605650638585,-0.007900354990926135,0.015239875326554082,-38.721365003097276,2783.2311035880807,-0.010331233449672636,0.019929067734724568,-67.4048619271272,1627.5642093646568,-0.014585270752479017,0.02813515444902292,-224.10098154417958,816.6077369902532,push,-26.708742310074825
tariff_12,MID,tariff_14,unseen_target,0,,,-0.11944464531961246,0.31912741205856576,0.3526220428833082,0.09221311475409837,0.0,0.12698924056376656,-0.015168184798546041,0.06331695731061232,-0.8624338624338626,-0.34497354497354504,0.36740552159074036,342,4394.912006229608,-0.007584092399273021,0.03165847865530616,-33.33141874191971,644.9588632932922,-0.009859320119054929,0.04115602225189801,-47.33084436449563,381.6324634871552,-0.012892957078764134,0.05381941371402047,-78.66341186126351,223.16915684889005,-0.01820182175825525,0.07598034877273478,-239.9954049806073,111.97202487730769,push,-33.33141874191971
tariff_12,MID,tariff_11,history,22,-0.24723962662178325,0.1527777777777778,-0.09833020721663782,0.1490431088783786,0.2114564926979832,0.14776616583539845,0.027433321602717022,0.16744100223199787,-0.016464508446033865,0.04188258676898142,-0.5291005291005291,-0.21164021164021163,0.32096075317971295,342,4394.912006229608,-0.008232254223016933,0.02094129338449071,-36.18003292307151,1474.0258337179544,-0.010701930489922013,0.027223681399837923,-51.03404279999296,872.2046353360676,-0.013994832179128785,0.0356001987536342,-83.50605596922156,510.04354107887696,-0.01975741013524064,0.050259104122777704,-246.83207901537162,255.90726279825597,push,-36.18003292307151
tariff_12,MID,tariff_19,unseen_target,0,,,-0.15228155948679134,0.31985297477861846,0.35327882115226145,0.09221311475409837,0.0,0.12698924056376656,-0.019338119591093675,0.06443764295479718,-0.9470899470899471,-0.37883597883597886,0.33321526292012993,342,4394.912006229608,-0.009669059795546837,0.03221882147739859,-42.494666984400794,622.7199746954547,-0.012569777734210889,0.04188446792061817,-59.24306707972103,368.4733578079614,-0.01643740165242962,0.054771996511577596,-94.24093387348134,215.4740396870086,-0.02320574350931241,0.0773251715457566,-261.9872007625619,108.11110671796092,push,-42.494666984400794
tariff_12,MID,tariff_20,unseen_target,0,,,-0.17485693797672675,0.3203527502443773,0.3537313734871935,0.09221311475409837,0.0,0.12698924056376656,-0.022204949760970163,0.06533577354862849,-1.0052910052910051,-0.4021164021164021,0.3105396567244937,342,4394.912006229608,-0.011102474880485082,0.032667886774314245,-48.794400151106515,605.7173507024121,-0.014433217344630607,0.04246825280660852,-67.43272019643848,358.41263355172316,-0.018874207296824635,0.05553540751633421,-104.95048025688106,209.590778789762,-0.026645939713164195,0.07840292825835418,-277.1065603626556,105.15926227472436,push,-48.794400151106515
tariff_12,MID,tariff_13,history_sparse,9,-0.07471115698300435,0.0625,-0.28222639531863275,0.18271062802484217,0.2363962216136972,0.06983136933351092,0.019702331873134613,0.07912930813580611,-0.02233237939922592,0.026032461878793035,-1.5873015873015872,-0.6349206349206349,0.11626438051617799,342,4394.912006229608,-0.01116618969961296,0.013016230939396517,-49.07442117466638,3815.4134526446505,-0.014516046609496848,0.016921100221215474,-67.79674752706629,2257.6410962394375,-0.01898252248934203,0.02212759259697408,-105.42651599693284,1320.21226735109,-0.026798855279071103,0.03123895425455164,-277.7786108191993,662.3981688619186,push,-49.07442117466638
tariff_12,MID,tariff_18,unseen_target,0,,,-0.19538000933121358,0.3208077605456345,0.35414350089519525,0.09221311475409837,0.0,0.12698924056376656,-0.024811159006312436,0.06623846839909142,-1.0582010582010581,-0.42328042328042326,0.29057788386506417,342,4394.912006229608,-0.012405579503156218,0.03311923419954571,-54.521430302657194,589.3204679250287,-0.016127253354103085,0.04305500445940943,-74.87785939345436,348.71033605031266,-0.02108948515536557,0.056302698139227704,-114.68643151451722,203.9171169290757,-0.029773390807574924,0.0794861620789097,-290.8514327263773,102.31258123698414,push,-54.521430302657194
tariff_12,MID,tariff_21,no_history_for_cell,0,,,-0.19538000933121358,0.22578534174760773,0.27107013953603226,0.09221311475409837,0.0,0.12698924056376656,-0.024811159006312436,0.05290641128928785,-1.0582010582010581,-0.42328042328042326,0.23552462717012246,342,4394.912006229608,-0.012405579503156218,0.026453205644643926,-54.521430302657194,923.7521905690969,-0.016127253354103085,0.034389167338037104,-74.87785939345436,546.5989293308265,-0.02108948515536557,0.04497044959589467,-114.68643151451722,319.6374361830786,-0.029773390807574924,0.06348769354714542,-290.8514327263773,160.37364419602372,push,-54.521430302657194
tariff_12,MID,tariff_5,unseen_target,0,,,-0.21590308068570035,0.32126340516278945,0.3545563079354119,0.09221311475409837,0.0,0.12698924056376656,-0.027417368251654705,0.06721986013492419,-1.111111111111111,-0.4444444444444444,0.27128251374203605,342,4394.912006229608,-0.013708684125827353,0.033609930067462095,-60.248460454207866,572.2382446568672,-0.01782128936357556,0.043692909087700724,-82.32299859047023,338.60251163128237,-0.023304763013906497,0.05713688111468556,-124.42238277215337,198.00631303005787,-0.032900841901985646,0.08066383216190902,-304.5963050900989,99.3469174751506,push,-60.248460454207866
tariff_12,MID,tariff_6,unseen_target,0,,,-0.21590308068570035,0.32126340516278945,0.3545563079354119,0.09221311475409837,0.0,0.12698924056376656,-0.027417368251654705,0.06721986013492419,-1.111111111111111,-0.4444444444444444,0.27128251374203605,342,4394.912006229608,-0.013708684125827353,0.033609930067462095,-60.248460454207866,572.2382446568672,-0.01782128936357556,0.043692909087700724,-82.32299859047023,338.60251163128237,-0.023304763013906497,0.05713688111468556,-124.42238277215337,198.00631303005787,-0.032900841901985646,0.08066383216190902,-304.5963050900989,99.3469174751506,push,-60.248460454207866
tariff_12,MID,tariff_7,unseen_target,0,,,-0.21590308068570035,0.32126340516278945,0.3545563079354119,0.09221311475409837,0.0,0.12698924056376656,-0.027417368251654705,0.06721986013492419,-1.111111111111111,-0.4444444444444444,0.27128251374203605,342,4394.912006229608,-0.013708684125827353,0.033609930067462095,-60.248460454207866,572.2382446568672,-0.01782128936357556,0.043692909087700724,-82.32299859047023,338.60251163128237,-0.023304763013906497,0.05713688111468556,-124.42238277215337,198.00631303005787,-0.032900841901985646,0.08066383216190902,-304.5963050900989,99.3469174751506,push,-60.248460454207866
tariff_12,MID,tariff_3,unseen_target,0,,,-0.2364261520401872,0.32171968140073853,0.3549697922367377,0.09221311475409837,0.0,0.12698924056376656,-0.03002357749699698,0.06827655532685925,-1.164021164021164,-0.4656084656084656,0.2526909016861516,342,4394.912006229608,-0.01501178874849849,0.034138277663429625,-65.97549060575855,554.6626020338631,-0.01951532537304804,0.04437976096245851,-89.76813778748614,328.2027230969605,-0.02552004087244743,0.05803507202783036,-134.15833402978953,191.92477579026408,-0.03602829299639637,0.0819318663922311,-318.3411774538205,96.29559063087902,push,-65.97549060575855
tariff_12,MID,tariff_17,unseen_target,0,,,-0.2774722947491608,0.32263411801628633,0.3557987831740673,0.09221311475409837,0.0,0.12698924056376656,-0.035235995987681526,0.07060209174601115,-1.2698412698412698,-0.5079365079365079,0.21773742371695565,342,4394.912006229608,-0.017617997993840763,0.035301045873005574,-77.42955090885991,518.7247289578474,-0.022903397391992993,0.045891359634907244,-104.6584161815179,306.9377094425133,-0.029950596589529293,0.06001177798410948,-153.63023654506185,179.4895255909507,-0.04228319518521782,0.08472251009521338,-345.83092218126376,90.05637655518184,push,-77.42955090885991
tariff_12,MID,tariff_16,unseen_target,0,,,-0.31851843745813435,0.3235510490617641,0.3566304548814754,0.09221311475409837,0.0,0.12698924056376656,-0.04044841447836606,0.07318768168680397,-1.3756613756613756,-0.5502645502645502,0.18589296927006488,342,4394.912006229608,-0.02022420723918303,0.03659384084340198,-88.88361121196124,482.7209057714412,-0.02629146941093794,0.04757199309642258,-119.54869457554963,285.63367205410714,-0.034381152306611144,0.06220952943378337,-173.10213906033408,167.0314552842357,-0.04853809737403927,0.08782521802416475,-373.320666908707,83.80571280754187,push,-88.88361121196124
tariff_12,MID,tariff_15,unseen_target,0,,,-0.38008765152159474,0.3249310764763425,0.357882947987292,0.09221311475409837,0.0,0.12698924056376656,-0.04826704221439287,0.07749603321245438,-1.5343915343915342,-0.6137566137566137,0.14410771971645508,342,4394.912006229608,-0.024133521107196434,0.03874801660622719,-106.06470166661326,430.5396397775376,-0.03137357743935537,0.05037242158809535,-141.88411216659728,254.75718330031805,-0.041026985882233934,0.06587162823058622,-202.30999283324255,148.97565390226214,-0.057920450657271444,0.09299523985494525,-414.55528399987185,74.74646523915585,push,-106.06470166661326
tariff_12,MID,tariff_2,unseen_target,0,,,-0.3985584157406329,0.32534615928250565,0.3582598545188639,0.09221311475409837,0.0,0.12698924056376656,-0.05061263053520092,0.07887846250835429,-1.5820105820105819,-0.6328042328042328,0.1329650170429127,342,4394.912006229608,-0.02530631526760046,0.03943923125417714,-111.21902880300888,415.58055166251575,-0.0328982098478806,0.05127100063043029,-148.58473744391156,245.90565187131102,-0.04302073595492077,0.06704669313210114,-211.07234896511508,143.79949884516114,-0.0607351566422411,0.09465415501002514,-426.92566912722134,72.14940133029786,push,-111.21902880300888
tariff_4,LOW,tariff_9,history_sparse,17,2.2635622813812333,0.18478260869565216,1.893665060502057,0.33342636408668436,0.36561337539546634,0.19372392577025122,0.04874928750560598,0.21951796680859287,0.41569350389788257,0.2681885536522894,-0.05291005291005291,-0.021164021164021163,0.9999998887113064,299,2868.1042776811673,0.20784675194894128,0.1340942768261447,596.126158366895,35.94939720420054,0.27020077753362365,0.17432255987398812,770.9640058769635,21.271832665207413,0.35333947831320023,0.22796027060444596,991.4144692237217,12.439237786920602,0.4988322046774591,0.32182626438274725,1270.702780080548,6.241214792395927,call,1270.702780080548
tariff_4,LOW,tariff_10,history_sparse,17,1.0019041212329611,0.18478260869565216,1.0356218824163854,0.33388014964509966,0.36602725899451005,0.17234472329206318,0.04658632963831396,0.19529215659263163,0.20224883083161668,0.14998665820942123,0.47619047619047616,0.19047619047619047,0.9976679199619956,299,2868.1042776811673,0.10112441541580834,0.07499332910471061,290.0353684320873,114.93884562412457,0.13146174004055083,0.0974913278361238,373.04597896171344,68.01115125687845,0.17191150620687418,0.12748865947800803,471.0601263345484,39.77122685955868,0.24269859699794002,0.17998398985130545,536.0848842370095,19.95466069863274,call,536.0848842370095
tariff_4,LOW,tariff_14,unseen_target,0,,,1.1552779684611083,1.1589355868050024,1.1686024535157606,0.09221311475409837,0.0,0.12698924056376656,0.1467078718549272,0.24710416036115865,0.4603174603174602,0.18412698412698408,0.8385700507056006,299,2868.1042776811673,0.0733539359274636,0.12355208018057932,210.38673741830863,42.34595912073832,0.0953601167057027,0.16061770423475313,269.50275864380126,25.05678054481557,0.12470169107668812,0.21003853630698485,335.65745361112465,14.652581010636094,0.17604944622591265,0.29652499243339037,344.9281698039407,7.351729014017069,call,344.9281698039407
tariff_4,LOW,tariff_19,unseen_target,0,,,1.1292190527494774,1.1654824657305782,1.1750954760892531,0.09221311475409837,0.0,0.12698924056376656,0.143398669938792,0.24630312685509878,0.3756613756613756,0.15026455026455024,0.8317137108786427,299,2868.1042776811673,0.071699334969396,0.12315156342754939,205.64116933261957,42.621844296529744,0.09320913546021481,0.16009703245581422,263.33352013240545,25.220026210964345,0.12188886944797318,0.20935765782683396,327.5899878654532,14.748043009179844,0.17207840392655038,0.2955637522261185,333.5388063982869,7.399625745925305,call,333.5388063982869
tariff_4,LOW,tariff_20,unseen_target,0,,,1.1113035481977314,1.1699923858590713,1.1795686427538679,0.09221311475409837,0.0,0.12698924056376656,0.14112359362144905,0.24577846898735903,0.31746031746031744,0.12698412698412698,0.8269362063980841,299,2868.1042776811673,0.07056179681072453,0.12288923449367951,202.37859127370837,42.80400633661348,0.0917303358539419,0.15975600484178337,259.0921686558209,25.327814400363003,0.11995505457823169,0.20891169863925516,322.0436051653042,14.811074856959687,0.16934831234573886,0.2949341627848308,325.70861905690003,7.4312511001065085,call,325.70861905690003
tariff_4,LOW,tariff_13,history_sparse,8,1.4188297606701123,0.08695652173913043,1.2459994816099587,0.4247262816669085,0.4504358049029829,0.09932335754281099,0.03689307900226575,0.11254810895303957,0.14023488541166845,0.11324694392515375,-0.2645502645502646,-0.10582010582010584,0.9971643893944706,299,2868.1042776811673,0.07011744270583423,0.056623471962576874,201.1041373646673,201.61326686548142,0.09115267551758449,0.07361051355134994,257.4353785740675,119.29779104466353,0.11919965259991819,0.09625990233638068,319.87703351993446,69.76237607802123,0.16828186249400215,0.1358963327101845,322.6499296752016,35.002303275257184,call,322.6499296752016
tariff_4,LOW,tariff_18,unseen_target,0,,,1.095016725877962,1.174098553411852,1.1836415898082508,0.09221311475409837,0.0,0.12698924056376656,0.13905534242386453,0.24532006161440675,0.26455026455026454,0.10582010582010581,0.8225496208192957,299,2868.1042776811673,0.06952767121193226,0.12266003080720338,199.41261122015268,42.9641237325395,0.09038597257551197,0.1594580400493644,255.23639458619857,25.422558421620998,0.11819704106028485,0.20852205237224575,317.00143907425957,14.866478800186677,0.16686641090863744,0.2943840739372881,318.5902669283664,7.459049259121441,call,318.5902669283664
tariff_4,LOW,tariff_5,unseen_target,0,,,1.0787299035581928,1.178210599772612,1.1877205973698268,0.09221311475409837,0.0,0.12698924056376656,0.13698709122628006,0.24487942767156395,0.21164021164021163,0.08465608465608465,0.8181230702472102,299,2868.1042776811673,0.06849354561314003,0.12243971383578198,196.44663116659706,43.118881394028335,0.08904160929708205,0.15917162798651657,251.38062051657622,25.51413100238363,0.11643902754233802,0.20814751352082936,311.95927298321493,14.920028164023645,0.16438450947153604,0.2938553132058767,311.4719147998329,7.485916908685477,digital_ads,311.95927298321493
tariff_4,LOW,tariff_6,unseen_target,0,,,1.0787299035581928,1.178210599772612,1.1877205973698268,0.09221311475409837,0.0,0.12698924056376656,0.13698709122628006,0.24487942767156395,0.21164021164021163,0.08465608465608465,0.8181230702472102,299,2868.1042776811673,0.06849354561314003,0.12243971383578198,196.44663116659706,43.118881394028335,0.08904160929708205,0.15917162798651657,251.38062051657622,25.51413100238363,0.11643902754233802,0.20814751352082936,311.95927298321493,14.920028164023645,0.16438450947153604,0.2938553132058767,311.4719147998329,7.485916908685477,digital_ads,311.95927298321493
tariff_4,LOW,tariff_7,unseen_target,0,,,1.0787299035581928,1.178210599772612,1.1877205973698268,0.09221311475409837,0.0,0.12698924056376656,0.13698709122628006,0.24487942767156395,0.21164021164021163,0.08465608465608465,0.8181230702472102,299,2868.1042776811673,0.06849354561314003,0.12243971383578198,196.44663116659706,43.118881394028335,0.08904160929708205,0.15917162798651657,251.38062051657622,25.51413100238363,0.11643902754233802,0.20814751352082936,311.95927298321493,14.920028164023645,0.16438450947153604,0.2938553132058767,311.4719147998329,7.485916908685477,digital_ads,311.95927298321493
tariff_4,LOW,tariff_3,unseen_target,0,,,1.0624430812384233,1.182328463603243,1.1918056032115325,0.09221311475409837,0.0,0.12698924056376656,0.13491884002869553,0.2444566632688488,0.15873015873015872,0.06349206349206349,0.8136578924585842,299,2868.1042776811673,0.06745942001434777,0.1222283316344244,193.48065111304138,43.26815031278511,0.0876972460186521,0.15889683112475173,247.5248464469538,25.60245580638172,0.11468101402439118,0.20778816377852147,306.9171068921703,14.971678308922186,0.16190260803443463,0.29334799592261857,304.3535626712993,7.511831651525192,digital_ads,306.9171068921703
tariff_4,LOW,tariff_17,unseen_target,0,,,1.0298694365988847,1.1905814021382737,1.1999933646139622,0.09221311475409837,0.0,0.12698924056376656,0.1307823376335265,0.2436651112012208,0.05291005291005291,0.021164021164021163,0.8046170633863767,299,2868.1042776811673,0.06539116881676325,0.1218325556006104,187.54869100593004,43.549722204797796,0.08500851946179225,0.15838232228079352,239.81329830770912,25.769066393371478,0.11116498698849753,0.2071153445210377,296.8327747100811,15.069108029341796,0.15693880516023181,0.292398133441465,290.1168584142321,7.560715660555172,digital_ads,296.8327747100811
tariff_4,LOW,tariff_16,unseen_target,0,,,0.9972957919593463,1.1988568934352428,1.208204391209203,0.09221311475409837,0.0,0.12698924056376656,0.1266458352383575,0.24294610766791105,-0.05291005291005291,-0.021164021164021163,0.795438040299286,299,2868.1042776811673,0.06332291761917876,0.12147305383395553,181.61673089881876,43.80787607491104,0.0823197929049324,0.1579149699841422,232.1017501684644,25.921820162669256,0.10764895995260387,0.2065041915177244,286.7484425279918,15.1584346279969,0.151975002286029,0.2915353292014933,275.88015415716495,7.605534040783167,digital_ads,286.7484425279918
tariff_4,LOW,tariff_8,history,22,0.21699317315626285,0.2391304347826087,0.45078747448836803,0.30355733982741184,0.33859571551201706,0.23947554233057267,0.052640733358626755,0.2713613403392277,0.12232629328529897,0.12861703943725095,0.21164021164021163,0.08465608465608465,0.9084621253625507,299,2868.1042776811673,0.061163146642649484,0.06430851971862547,175.42228252222353,156.305792112324,0.07951209063544433,0.08360107563421312,224.04896727889056,92.48863438599054,0.10397734929250413,0.1093244835216633,276.21788028777996,54.08504917381454,0.14679155194235874,0.15434044732470112,261.01347805333637,27.136422241722922,digital_ads,276.21788028777996
tariff_4,LOW,tariff_15,unseen_target,0,,,0.9484353250000384,1.2113114053352227,1.2205635258745005,0.09221311475409837,0.0,0.12698924056376656,0.12044108164560399,0.24200502753846356,-0.2116402116402117,-0.08465608465608469,0.7814345031653904,299,2868.1042776811673,0.060220540822801996,0.12100251376923178,172.71879073815177,44.149248160220246,0.07828670306964261,0.15730326790000132,220.53442795959734,26.123815479420262,0.10237491939876339,0.205704273407694,271.621944254858,15.276556456823617,0.1445292979747248,0.29040603304615625,254.52509777156428,7.664800027816016,digital_ads,271.621944254858
tariff_4,LOW,tariff_2,unseen_target,0,,,0.933777184912246,1.2150572226168024,1.2242810356422489,0.09221311475409837,0.0,0.12698924056376656,0.11857965556777794,0.24175511113047718,-0.2592592592592593,-0.10370370370370373,0.7771832293419292,299,2868.1042776811673,0.05928982778388897,0.12087755556523859,170.0494086899517,44.240574664251966,0.07707677611905567,0.15714082223481018,217.0642312969372,26.177854830918317,0.10079270723261124,0.2054918444609056,267.08399477291783,15.308157323270576,0.14229558668133352,0.2901061333565726,248.11858085588403,7.680655323654856,digital_ads,267.08399477291783
tariff_4,LOW,tariff_12,history_sparse,9,0.19784738655142414,0.09782608695652174,0.7069974193490365,0.41069549927830146,0.43723082362460824,0.08561375402405315,0.03451209859216055,0.0970130929335996,0.06858800634712316,0.07073452560251971,1.3227513227513226,0.5291005291005291,0.9470596691297197,299,2868.1042776811673,0.03429400317356158,0.035367262801259854,98.35877720090349,516.7841658037152,0.044582204125630055,0.04597744164163781,123.86641036117454,305.78944722113323,0.05829980539505469,0.06012434676214175,145.20992124153594,178.81805045111255,0.08230560761654779,0.08488143072302365,76.06106528216839,89.71947322981168,digital_ads,145.20992124153594
tariff_4,LOW,tariff_21,history_sparse,3,0.7425128301913814,0.03260869565217391,0.9578463630578742,0.523467042088512,0.5445344288039977,0.038475323521051125,0.023724994098127946,0.04359825332912476,0.04176042838697801,0.048431787554119095,0.26455026455026454,0.10582010582010581,0.960712852516289,299,2868.1042776811673,0.020880214193489004,0.024215893777059547,59.88663164724484,1102.3286413494125,0.027144278451535702,0.03148066191017741,73.85262114141828,652.2654682540901,0.0354963641289313,0.041167019421001226,79.8072738003162,381.4285956226342,0.05011251406437361,0.05811814506494291,-16.272084046612406,191.376500234273,digital_ads,79.8072738003162
tariff_4,LOW,tariff_1,history_sparse,3,0.8492319369924403,0.03260869565217391,0.8256096576665766,0.5240767744691166,0.5451205972424389,0.04332041343788824,0.02511101720888844,0.049088459473358416,0.04052790622117906,0.04902563510482811,-0.7883597883597884,-0.31534391534391537,0.9350561611713577,299,2868.1042776811673,0.02026395311058953,0.024512817552414055,58.119130599212426,1075.785365147356,0.026343139043766388,0.03186666281813827,71.55486977897615,636.5593876611576,0.0344487202880022,0.04167178983910389,76.80252201866112,372.24407098524443,0.04863348746541487,0.05883076212579373,-20.514086561890167,186.7682925603049,digital_ads,76.80252201866112
tariff_4,LOW,tariff_11,history_sparse,13,-0.727847987403692,0.14130434782608695,-0.07340609152479752,0.3667255627044791,0.3962166558095669,0.12772296008130934,0.0411714785655417,0.14472907463725168,-0.010623995699121348,0.06861611017675784,0.7936507936507936,0.31746031746031744,0.4265095919661435,299,2868.1042776811673,-0.005311997849560674,0.03430805508837892,-15.235363755358131,549.1865594879616,-0.006905597204428876,0.0446004716148926,-23.80597288196557,324.9624612354802,-0.009030396344253146,0.05832369365024416,-47.90011838410882,190.02995137991755,-0.012748794838945617,0.0823393322121094,-196.56487301285952,95.34488879999337,push,-15.235363755358131
tariff_13,LOW,tariff_8,history,20,1.2341153498080717,0.46511627906976744,1.2299785186861136,0.3144005745942493,0.3483499982850497,0.4117289677129745,0.08012553040176285,0.46655004284675833,0.5738465305935987,0.3804512827783439,0.4761904761904762,0.1904761904761905,0.9997929022783907,251,3013.6298143269096,0.28692326529679935,0.19022564138917195,864.6805067224641,17.86380557333724,0.37300024488583916,0.24729333380592353,1120.0846587392032,10.57029915582085,0.4877695510045588,0.3233835903615923,1447.9568614281886,6.181247603230877,0.6886158367123183,0.45654153933401265,1915.2332161339132,3.101355134259937,call,1915.2332161339132
tariff_13,LOW,tariff_9,history_sparse,8,1.5364078194189437,0.18604651162790697,1.3479073062809186,0.4241239211974005,0.44986787008171497,0.19519691583110574,0.06452942061304615,0.22118708321743297,0.2981396855237434,0.22764543559080197,0.2116402116402117,0.08465608465608469,0.9986332960885359,251,3013.6298143269096,0.1490698427618717,0.11382271779540098,449.241322564201,49.89467464656961,0.19379079559043325,0.14796953313402128,580.0137193334614,29.523476122230544,0.2534187326951819,0.19349862025218167,741.7102483591417,17.26459330331128,0.3577676226284921,0.27317452270896236,918.1791741540826,8.662269903918336,call,918.1791741540826
tariff_13,LOW,tariff_12,no_history_for_cell,0,,,1.5021872838721941,0.6324535239762026,0.6499980461431535,0.09221311475409837,0.0,0.12698924056376656,0.19076162236347716,0.21341097079334193,1.5873015873015872,0.6349206349206349,0.9895853484233157,251,3013.6298143269096,0.09538081118173858,0.10670548539667096,287.44245629197286,56.77257674353082,0.12399505453626017,0.13871713101567226,369.67519317956476,33.59324067664545,0.16214737900895557,0.18139932517434063,466.6521756963538,19.644490222675028,0.22891394683617258,0.2560931649520103,529.8618951007348,9.856350129085214,call,529.8618951007348
tariff_13,LOW,tariff_14,unseen_target,0,,,1.2367120800599547,1.1385786782182994,1.1484169131867268,0.09221311475409837,0.0,0.12698924056376656,0.15704912784284972,0.24989224603771618,0.7248677248677247,0.2899470899470899,0.8592340086757512,251,3013.6298143269096,0.07852456392142486,0.12494612301885809,236.64396699062513,41.406309859363965,0.10208193309785234,0.16242995992451553,303.63715708781274,24.5007750647124,0.13349175866642224,0.21240840913205875,380.29474388406265,14.327442857911405,0.18845895341141966,0.2998706952452594,407.9455207775003,7.188595461695133,call,407.9455207775003
tariff_13,LOW,tariff_19,unseen_target,0,,,1.210653164348324,1.145075760357646,1.1548586480425391,0.09221311475409837,0.0,0.12698924056376656,0.15373992592671454,0.2489536134149055,0.6402116402116402,0.2560846560846561,0.8527527551481726,251,3013.6298143269096,0.07686996296335727,0.12447680670745274,231.65761221257878,41.71912781653257,0.09993095185236446,0.16181984871968857,297.15489587635244,24.685874447652406,0.13067893703770736,0.21161057140266967,371.81794076138397,14.435684365582203,0.18448791111205745,0.2987443360978866,395.97826931018915,7.242904134814682,call,395.97826931018915
tariff_13,LOW,tariff_20,unseen_target,0,,,1.1927376597965778,1.1495519319487852,1.1592970474590127,0.09221311475409837,0.0,0.12698924056376656,0.15146484960937157,0.24833352886207932,0.5820105820105821,0.23280423280423285,0.8482238812200571,251,3013.6298143269096,0.07573242480468578,0.12416676443103966,228.22949330267187,41.92773182213804,0.09845215224609154,0.16141679376035156,292.69834129347345,24.809308770495885,0.12874512216796583,0.21108349953276742,365.99013861454216,14.507865682400707,0.1817578195312459,0.29800023463449515,387.7507839264125,7.279120108010079,call,387.7507839264125
tariff_13,LOW,tariff_18,unseen_target,0,,,1.1764508374768086,1.1536277578652148,1.1633387312890096,0.09221311475409837,0.0,0.12698924056376656,0.1493965984117871,0.2477878025693922,0.5291005291005292,0.21164021164021168,0.8440566527219169,251,3013.6298143269096,0.07469829920589355,0.1238939012846961,225.11302156639292,42.11261793814414,0.09710778896766162,0.16106207167010494,288.6469280363108,24.918708839138542,0.126987108650019,0.21061963218398336,360.6921366628678,14.571840117004895,0.1792759180941445,0.29734536308327064,380.27125175934293,7.311218392038912,call,380.27125175934293
tariff_13,LOW,tariff_5,unseen_target,0,,,1.1601640151570392,1.157709781130052,1.1673867985051882,0.09221311475409837,0.0,0.12698924056376656,0.14732834721420257,0.24725932399158024,0.4761904761904762,0.1904761904761905,0.8398430084056728,251,3013.6298143269096,0.07366417360710129,0.12362966199579012,221.99654983011388,42.29282873906271,0.09576342568923167,0.16071856059452716,284.59551477914806,25.025342449149537,0.12522909513207217,0.2101704253928432,355.39413471119354,14.634196795523433,0.17679401665704306,0.2967111887898963,372.79171959227324,7.342504989420609,call,372.79171959227324
tariff_13,LOW,tariff_6,unseen_target,0,,,1.1601640151570392,1.157709781130052,1.1673867985051882,0.09221311475409837,0.0,0.12698924056376656,0.14732834721420257,0.24725932399158024,0.4761904761904762,0.1904761904761905,0.8398430084056728,251,3013.6298143269096,0.07366417360710129,0.12362966199579012,221.99654983011388,42.29282873906271,0.09576342568923167,0.16071856059452716,284.59551477914806,25.025342449149537,0.12522909513207217,0.2101704253928432,355.39413471119354,14.634196795523433,0.17679401665704306,0.2967111887898963,372.79171959227324,7.342504989420609,call,372.79171959227324
tariff_13,LOW,tariff_7,unseen_target,0,,,1.1601640151570392,1.157709781130052,1.1673867985051882,0.09221311475409837,0.0,0.12698924056376656,0.14732834721420257,0.24725932399158024,0.4761904761904762,0.1904761904761905,0.8398430084056728,251,3013.6298143269096,0.07366417360710129,0.12362966199579012,221.99654983011388,42.29282873906271,0.09576342568923167,0.16071856059452716,284.59551477914806,25.025342449149537,0.12522909513207217,0.2101704253928432,355.39413471119354,14.634196795523433,0.17679401665704306,0.2967111887898963,372.79171959227324,7.342504989420609,call,372.79171959227324
tariff_13,LOW,tariff_3,unseen_target,0,,,1.14387719283727,1.1617979364194089,1.1714411829316898,0.09221311475409837,0.0,0.12698924056376656,0.14526009601661807,0.24674820395072516,0.4232804232804233,0.16931216931216933,0.8355842006930212,251,3013.6298143269096,0.07263004800830904,0.12337410197536258,218.8800780938349,42.46822293192857,0.09441906241080175,0.16038633256797136,280.5441015219854,25.12912599522401,0.12347108161412534,0.2097359733581164,350.09613275951926,14.694886827656946,0.17431211521994167,0.2960978447408702,365.31218742520366,7.372955370126489,call,365.31218742520366
tariff_13,LOW,tariff_17,unseen_target,0,,,1.1113035481977314,1.1699923858590713,1.1795686427538679,0.09221311475409837,0.0,0.12698924056376656,0.14112359362144905,0.24577846898735903,0.3174603174603175,0.126984126984127,0.8269362063980841,251,3013.6298143269096,0.07056179681072453,0.12288923449367951,212.64713462127688,42.80400633661348,0.0917303358539419,0.15975600484178337,272.44127500766,25.327814400363003,0.11995505457823169,0.20891169863925516,339.50012885617065,14.811074856959687,0.16934831234573886,0.2949341627848308,350.3531230910645,7.4312511001065085,call,350.3531230910645
tariff_13,LOW,tariff_16,unseen_target,0,,,1.0787299035581928,1.178210599772612,1.1877205973698268,0.09221311475409837,0.0,0.12698924056376656,0.13698709122628006,0.24487942767156395,0.2116402116402117,0.08465608465608469,0.8181230702472102,251,3013.6298143269096,0.06849354561314003,0.12243971383578198,206.41419114871888,43.118881394028335,0.08904160929708205,0.15917162798651657,264.33844849333457,25.51413100238363,0.11643902754233802,0.20814751352082936,328.90412495282203,14.920028164023645,0.16438450947153604,0.2938553132058767,335.3940587569253,7.485916908685477,call,335.3940587569253
tariff_13,LOW,tariff_15,unseen_target,0,,,1.0298694365988847,1.1905814021382737,1.1999933646139622,0.09221311475409837,0.0,0.12698924056376656,0.1307823376335265,0.2436651112012208,0.05291005291005291,0.021164021164021163,0.8046170633863767,251,3013.6298143269096,0.06539116881676325,0.1218325556006104,197.06477593988186,43.549722204797796,0.08500851946179225,0.15838232228079352,252.18420872184646,25.769066393371478,0.11116498698849753,0.2071153445210377,313.01011909779913,15.069108029341796,0.15693880516023181,0.292398133441465,312.95546225571644,7.560715660555172,digital_ads,313.01011909779913
tariff_13,LOW,tariff_2,unseen_target,0,,,1.0152112965110924,1.194302610328934,1.203685475960604,0.09221311475409837,0.0,0.12698924056376656,0.12892091155570046,0.24333254176051766,0.005291005291005306,0.0021164021164021226,0.8005029476107246,251,3013.6298143269096,0.06446045577785023,0.12166627088025883,194.25995137723075,43.66884481801897,0.0837985925112053,0.1581661521443365,248.5379367904,25.83955314675679,0.10958277482234538,0.20683266049644,308.24191734129226,15.110326926650165,0.15470509386684056,0.2919990501126212,306.2238833053538,7.581396669794962,digital_ads,308.24191734129226
tariff_13,LOW,tariff_10,history_sparse,2,3.0,0.046511627906976744,1.6549663494277402,0.5531413468264431,0.5731189663315737,0.06662428390616361,0.040599529427777795,0.07549520424495434,0.12494202256857373,0.12318109178107936,0.7407407407407407,0.2962962962962963,0.9980593357167786,251,3013.6298143269096,0.062471011284286865,0.06159054589053968,188.2645021374797,170.40565022485902,0.08121231466957292,0.08006770965770159,240.74385277872358,100.83174569518285,0.10620071918328768,0.10470392801391745,298.0496536337155,58.96389281136991,0.1499304270822885,0.14781731013729524,291.8348051299513,29.584314275149133,digital_ads,298.0496536337155
tariff_13,LOW,tariff_4,history_sparse,7,0.05152107123240165,0.16279069767441862,0.528970695423203,0.44061641776865523,0.4654490601637113,0.15469447512721637,0.05887361851504958,0.17529180518838988,0.09272422809249121,0.11758646680672441,0.2645502645502646,0.10582010582010584,0.8721208526564539,251,3013.6298143269096,0.04636211404624561,0.058793233403362205,139.71824914499015,187.00680342431664,0.060270748260119286,0.07643120342437087,177.6337238884872,110.65491326882639,0.07881559387861753,0.09994849678571574,215.52102354648326,64.70823647900231,0.11126907371098946,0.14110376016806928,175.3237979479764,32.46645892783276,digital_ads,215.52102354648326
tariff_13,LOW,tariff_1,history_sparse,3,1.1088035272034107,0.06976744186046512,0.8857462005574278,0.524268736229906,0.5453051510742428,0.07851135204793358,0.043791285781612094,0.08896501712130095,0.07880042589771882,0.09058867367619304,-0.5238095238095237,-0.2095238095238095,0.9478454790701873,251,3013.6298143269096,0.03940021294885941,0.04529433683809652,118.73765643351189,315.08250281575073,0.05122027683351724,0.058882637889525476,150.3589533635655,186.43935077855076,0.066980362013061,0.07700037262476409,179.8540159369702,109.02508747949854,0.09456051107726259,0.10870640841143164,124.97037544042854,54.70182340551229,digital_ads,179.8540159369702
tariff_13,LOW,tariff_11,history_sparse,1,1.5004813284665677,0.023255813953488372,1.3607853871658115,0.5888285051415884,0.6076339428202456,0.03329541479762762,0.02920892530888264,0.037728647772150056,0.051340592565867746,0.0674354634096346,1.0582010582010581,0.42328042328042326,0.9874377202517362,251,3013.6298143269096,0.025670296282933873,0.0337177317048173,77.36077022085476,568.5849973911454,0.03337138516781404,0.04383305121626249,96.5690012871112,336.44082685866596,0.04363950368098758,0.057320143898189416,109.5133093754531,196.74221363015414,0.0616087110790413,0.08092255609156153,25.66584853005145,98.71267315818497,digital_ads,109.5133093754531
tariff_13,LOW,tariff_21,history_sparse,2,-0.48986143236991714,0.046511627906976744,0.8039108453702015,0.5541225619451358,0.5740660359720307,0.047282921090140026,0.034554976253924216,0.053578568889772984,0.043072392609902976,0.06052039878990471,0.5291005291005292,0.21164021164021168,0.9193002872181599,251,3013.6298143269096,0.021536196304951488,0.030260199394952354,64.90212327179883,705.9411964663609,0.027997055196436936,0.03933825921343806,80.37276025333848,417.71668429962176,0.036611533718417535,0.051442338971419,88.33360956205803,244.27031019597268,0.05168687113188357,0.07262447854788565,-4.234904147682812,122.55923549763212,digital_ads,88.33360956205803
tariff_14,LOW,tariff_9,history,21,1.2237535993304565,0.39622641509433965,1.1568651629833036,0.30899680929276185,0.3434807536865893,0.3592843271183775,0.0737126892370041,0.407122479485345,0.47098581358398034,0.31805650504964283,-0.513227513227513,-0.20529100529100522,0.9996215098984984,231,3125.4904868456388,0.23549290679199017,0.15902825252482142,736.030839897992,25.560157406811822,0.30614077882958723,0.20673672828226786,952.8400918673897,15.124353495154923,0.40033794154638325,0.2703480292921964,1229.2524278265862,8.844345123464297,0.5651829763007763,0.3816678060595714,1606.4740157551805,4.437527327571497,call,1606.4740157551805
tariff_14,LOW,tariff_8,history_sparse,9,1.675925925925926,0.16981132075471697,1.3306756343450623,0.4110188801483645,0.4375345927334382,0.17415518032752075,0.05826501581810107,0.19734367318170432,0.26260041749504903,0.20035291479106082,-0.24867724867724855,-0.09947089947089943,0.9988222199977225,231,3125.4904868456388,0.13130020874752452,0.10017645739553041,410.3775533612344,64.41407264265305,0.1706902713717819,0.13022939461418953,529.4908193696048,38.11483588322665,0.2232103548707917,0.1702999775724017,675.6418407140985,22.288606450744993,0.31512050099405886,0.24042349774927296,824.9061280669627,11.18299872268282,call,824.9061280669627
tariff_14,LOW,tariff_4,history_sparse,6,1.273755067473787,0.11320754716981132,1.0400285530619167,0.45785384933007284,0.48179886607002825,0.11673177170824305,0.04933229144990042,0.13227442653494553,0.1375691804362342,0.12594367399052844,-0.4603174603174602,-0.18412698412698408,0.9845608054107375,231,3125.4904868456388,0.0687845902181171,0.06297183699526422,214.98558236830058,163.01192361021896,0.08941996728355223,0.0818633880938435,275.48125707879075,96.45675953267391,0.11693380337079907,0.10705212289194917,343.475490026111,56.40550989972976,0.16508301652348104,0.15113240878863413,355.9653976839214,28.300681182329686,call,355.9653976839214
tariff_14,LOW,tariff_19,unseen_target,0,,,0.9875236985674847,1.201343868969274,1.2106721651669639,0.09221311475409837,0.0,0.12698924056376656,0.1254048845198068,0.2427446516507158,-0.0846560846560846,-0.03386243386243384,0.7926590302811457,231,3125.4904868456388,0.0627024422599034,0.1213723258253579,195.97588678531605,43.880619365439415,0.08151317493787444,0.15778402357296528,250.7686528209109,25.9648635298458,0.10659415184183578,0.2063329539031084,311.15900753503723,15.183605316761044,0.15048586142376816,0.2912935819808589,310.3421282847585,7.618163084277678,digital_ads,311.15900753503723
tariff_14,LOW,tariff_20,unseen_target,0,,,0.9696081940157385,1.2059084463777496,1.215201703852162,0.09221311475409837,0.0,0.12698924056376656,0.12312980820246386,0.24239247999573563,-0.14285714285714274,-0.0571428571428571,0.7875354408911521,231,3125.4904868456388,0.06156490410123193,0.12119623999786781,192.42052209196444,44.00822016010313,0.08003437533160151,0.15755511199722816,246.1466787195538,26.040366958640902,0.10466033697209427,0.20603360799637527,305.1148875563395,15.227757840866136,0.14775576984295663,0.29087097599488276,301.80925302071466,7.6403160000179025,digital_ads,305.1148875563395
tariff_14,LOW,tariff_18,unseen_target,0,,,0.9533213716959692,1.2100637612100673,1.2193253487867193,0.09221311475409837,0.0,0.12698924056376656,0.12106155700487936,0.2420916678800044,-0.19576719576719565,-0.07830687830687827,0.7828466689168867,231,3125.4904868456388,0.06053077850243968,0.1210458339400022,189.18837237073572,44.1176533391026,0.0786900120531716,0.15735958412200288,241.94488408195647,26.105120318995613,0.10290232345414745,0.20577791769800374,299.6202330302507,15.265623992769068,0.1452738684058552,0.2905100014560053,294.0520936897657,7.6593148158164235,digital_ads,299.6202330302507
tariff_14,LOW,tariff_5,unseen_target,0,,,0.9370345493761999,1.214224446088796,1.2234545375614263,0.09221311475409837,0.0,0.12698924056376656,0.11899330580729485,0.24180934971355394,-0.24867724867724855,-0.09947089947089943,0.7781298400135298,231,3125.4904868456388,0.059496652903647425,0.12090467485677697,185.95622264950697,44.22073029533622,0.07734564877474166,0.15717607731381006,237.7430894443591,26.166112600790665,0.1011443099362006,0.20553794725652086,294.1255785041618,15.301290759631911,0.14279196696875382,0.29017121965626475,286.29493435881676,7.677210120718093,digital_ads,294.1255785041618
tariff_14,LOW,tariff_6,unseen_target,0,,,0.9370345493761999,1.214224446088796,1.2234545375614263,0.09221311475409837,0.0,0.12698924056376656,0.11899330580729485,0.24180934971355394,-0.24867724867724855,-0.09947089947089943,0.7781298400135298,231,3125.4904868456388,0.059496652903647425,0.12090467485677697,185.95622264950697,44.22073029533622,0.07734564877474166,0.15717607731381006,237.7430894443591,26.166112600790665,0.1011443099362006,0.20553794725652086,294.1255785041618,15.301290759631911,0.14279196696875382,0.29017121965626475,286.29493435881676,7.677210120718093,digital_ads,294.1255785041618
tariff_14,LOW,tariff_7,unseen_target,0,,,0.9370345493761999,1.214224446088796,1.2234545375614263,0.09221311475409837,0.0,0.12698924056376656,0.11899330580729485,0.24180934971355394,-0.24867724867724855,-0.09947089947089943,0.7781298400135298,231,3125.4904868456388,0.059496652903647425,0.12090467485677697,185.95622264950697,44.22073029533622,0.07734564877474166,0.15717607731381006,237.7430894443591,26.166112600790665,0.1011443099362006,0.20553794725652086,294.1255785041618,15.301290759631911,0.14279196696875382,0.29017121965626475,286.29493435881676,7.677210120718093,digital_ads,294.1255785041618
tariff_14,LOW,tariff_3,unseen_target,0,,,0.9207477270564306,1.218390445999379,1.2275892142335587,0.09221311475409837,0.0,0.12698924056376656,0.11692505460971034,0.24154559034350345,-0.30158730158730146,-0.1206349206349206,0.7733863395934867,231,3125.4904868456388,0.05846252730485517,0.12077279517175173,182.72407292827822,44.31735801757422,0.07600128549631173,0.15700463372327725,233.54129480676173,26.2232887677954,0.09938629641825378,0.20531375179197792,288.630923978073,15.334725957638144,0.1403100655316524,0.2898547084122041,278.5377750278677,7.693985766939971,digital_ads,288.630923978073
tariff_14,LOW,tariff_17,unseen_target,0,,,0.8881740824168921,1.2267381742490158,1.2358748108768172,0.09221311475409837,0.0,0.12698924056376656,0.11278855221454134,0.24107398736898558,-0.4074074074074073,-0.16296296296296292,0.7638248551062032,231,3125.4904868456388,0.05639427610727067,0.12053699368449279,176.25977348582077,44.49092001141969,0.07331255893945188,0.15669809178984062,225.13770553156704,26.325988172437686,0.09587026938236014,0.20491288926363774,277.64161492589534,15.394782010871863,0.13534626265744962,0.2892887848427827,263.0234563659699,7.7241180575381385,digital_ads,277.64161492589534
tariff_14,LOW,tariff_16,unseen_target,0,,,0.8556004377773535,1.2351065192790385,1.244181704561509,0.09221311475409837,0.0,0.12698924056376656,0.10865204981937233,0.24067729675167326,-0.513227513227513,-0.20529100529100522,0.7541732370301732,231,3125.4904868456388,0.05432602490968617,0.12033864837583663,169.79547404336333,44.63770307439956,0.07062383238259203,0.15644024288858763,216.73411625637235,26.41284205585773,0.09235424234646647,0.20457570223892227,266.6523058737176,15.445571998062132,0.13038245978324678,0.2888127561020079,247.50913770407192,7.749601228194369,digital_ads,266.6523058737176
tariff_14,LOW,tariff_15,unseen_target,0,,,0.8067399708180456,1.2476967855623966,1.256681052893986,0.09221311475409837,0.0,0.12698924056376656,0.10244729622661881,0.24022351415241724,-0.6719576719576719,-0.26878306878306873,0.7395506813868296,231,3125.4904868456388,0.05122364811330941,0.12011175707620862,160.0990248796771,44.806503740136456,0.06659074254730224,0.15614528419907123,204.12873234358028,26.51272410658961,0.08708020179262599,0.20418998702955465,250.16834229545105,15.503980532919188,0.12293675547194256,0.28826821698290067,224.23765971122504,7.778906899329246,digital_ads,250.16834229545105
tariff_14,LOW,tariff_2,unseen_target,0,,,0.7920818307302533,1.2514825239429241,1.2604398072635408,0.09221311475409837,0.0,0.12698924056376656,0.10058587014879276,0.24012055970427704,-0.7195767195767194,-0.28783068783068777,0.7351346056584449,231,3125.4904868456388,0.05029293507439638,0.12006027985213852,157.19009013057124,44.84493458350862,0.0653808155967153,0.1560783638077801,200.34711716974263,26.53546425059681,0.08549798962647384,0.20410247574863546,245.22315322197107,15.517278402598139,0.12070304417855131,0.2881446716451324,217.256216313371,7.785578920748025,digital_ads,245.22315322197107
tariff_14,LOW,tariff_13,history_sparse,3,0.8048228001894525,0.05660377358490566,0.8538825672276418,0.524450386731857,0.545479796274064,0.07254730447284266,0.0398517107819289,0.08220686583756971,0.07019500964512235,0.08166813177772544,-0.7248677248677247,-0.2899470899470899,0.9412529543822334,231,3125.4904868456388,0.035097504822561174,0.04083406588886272,109.69691743493388,387.674153328569,0.04562675626932953,0.05308428565552154,138.60599266541405,229.39299013524794,0.05966575819835399,0.06941791201106663,164.4847596393876,134.14330565002385,0.08423401157414681,0.09800175813327053,103.2726018438413,67.30454050843213,digital_ads,164.4847596393876
tariff_14,LOW,tariff_21,history_sparse,3,1.1434965628153317,0.05660377358490566,1.0655560520361844,0.524268736229906,0.5453051510742428,0.05682410058265731,0.035567478547787294,0.06439014167215187,0.06861130515022874,0.07686628260810993,-0.19576719576719565,-0.07830687830687827,0.9746526212257411,231,3125.4904868456388,0.03430565257511437,0.038433141304054966,107.22199076855156,437.62319468892804,0.04459734834764869,0.04996308369527146,135.38858799911705,258.94863591060823,0.05831960937769443,0.06533634021689344,160.27738430653764,151.42671096502698,0.0823335661802745,0.09223953912973192,97.33277784452378,75.97624907793889,digital_ads,160.27738430653764
tariff_14,LOW,tariff_1,history_sparse,2,3.0,0.03773584905660377,1.1865422661860257,0.5531413468264431,0.5731189663315737,0.050357318039638145,0.03359710484157346,0.05706231703721015,0.06770685097115679,0.07685506471971279,-1.2486772486772486,-0.49947089947089945,0.9807890189647925,231,3125.4904868456388,0.033853425485578396,0.038427532359856395,105.80855930231297,437.7509563778647,0.04400945313125192,0.049955792067813316,133.5511270930069,259.0242345431152,0.05755082332548327,0.06532680501175588,157.87455081393205,151.47091916189092,0.08124822116538814,0.09222607766365534,93.94054232555112,75.99842992671265,digital_ads,157.87455081393205
tariff_14,LOW,tariff_10,history_sparse,4,0.06973210776161823,0.07547169811320754,0.6335848621762972,0.49894583466030856,0.5210057062306247,0.08093774248835024,0.04190235721377738,0.09171447769539522,0.05810890471020806,0.07641152906329474,0.015873015873015994,0.006349206349206398,0.8880228645693471,231,3125.4904868456388,0.02905445235510403,0.03820576453164737,90.80941443638751,442.8476129153319,0.03777078806163524,0.04966749389114158,114.05223876730376,262.04000764220825,0.04939256900367685,0.06494979970380052,132.37600454185875,153.23446813679305,0.06973068565224967,0.09169383487595369,57.942594647330026,76.88326613113401,digital_ads,132.37600454185875
tariff_14,LOW,tariff_12,history_sparse,4,0.029149610400834552,0.07547169811320754,0.7795848210316536,0.49815885729642784,0.5202520995660496,0.06487181069606646,0.03784025288517855,0.0735093919378917,0.05730680615804698,0.06988894753403435,0.8624338624338626,0.34497354497354504,0.9329950724018086,231,3125.4904868456388,0.02865340307902349,0.034944473767017176,89.55593873924145,529.3648345646972,0.03724942400273054,0.04542781589712233,112.4227203610139,313.23362991993906,0.048710785234339936,0.059405605403929196,130.2450958567105,183.1712230327672,0.06876816738965637,0.08386673704084122,54.93425297417946,91.90361711192661,digital_ads,130.2450958567105
tariff_14,LOW,tariff_11,history_sparse,1,-1.0,0.018867924528301886,0.8343195431510879,0.5888285051415884,0.6076339428202456,0.02429044456630379,0.023652031917485508,0.027524679684612637,0.022964378179846045,0.03862016162673368,0.3333333333333334,0.1333333333333334,0.9151335827349643,231,3125.4904868456388,0.011482189089923022,0.01931008081336684,35.88747276871719,1733.5801073438772,0.014926845816899932,0.025103105057376892,42.65371459933235,1025.787045765608,0.01951972145286914,0.03282713738272362,39.008703706819226,599.8547084234872,0.027557253815815252,0.04634419395208041,-73.87006535507875,300.96876863608986,sms,42.65371459933235
tariff_5,HIGH,tariff_10,history,32,0.02437242146742291,0.31683168316831684,-0.022688770546734502,0.07264807471321753,0.16666656161191193,0.30839174809342584,0.04976686417545629,0.34945363229063986,-0.007928673279765258,0.06700002420947652,0.26455026455026454,0.10582010582010581,0.44585818505166575,109,6790.0923083882635,-0.003964336639882629,0.03350001210473826,-26.918211726328813,575.9995837417637,-0.005153637631847418,0.04355001573615974,-38.99367524422746,340.8281560602151,-0.00673937228780047,0.056950020578055045,-67.76095993475899,199.30781444351686,-0.00951440793571831,0.08040002905137182,-224.60370814318915,99.9999277329451,push,-26.918211726328813
tariff_5,HIGH,tariff_11,history_sparse,18,0.04912991692481417,0.1782178217821782,-0.0668691131353088,0.08439478726701721,0.17211182445679057,0.19619338282668755,0.042793399222315676,0.22231622825200864,-0.0148660890187987,0.045228527810696695,0.582010582010582,0.2328042328042328,0.348815140060415,109,6790.0923083882635,-0.00743304450939935,0.022614263905348347,-50.47105835118014,1264.0003245497508,-0.009662957862219155,0.029398543076952853,-69.61237585653419,747.929186124113,-0.012636175665978897,0.03844424863909219,-107.80079919700624,437.37035451548485,-0.01783930682255844,0.05427423337283603,-281.1305400428323,219.44450078988734,push,-50.47105835118014
tariff_5,HIGH,tariff_14,unseen_target,0,,,-0.13557038547867412,0.2597004191905647,0.29990716518241944,0.09221311475409837,0.0,0.12698924056376656,-0.017215980294873912,0.05492257160137011,0.24867724867724855,0.09947089947089943,0.32561966228000827,109,6790.0923083882635,-0.008607990147436956,0.027461285800685055,-58.44904769079363,857.1767078587409,-0.011190387191668044,0.03569967154089057,-79.98376199803172,507.2051525791366,-0.014633583250642825,0.046684185861164594,-121.36338107434916,296.60093697534285,-0.020659176353848695,0.06590708592164413,-300.2777144579047,148.8154006699203,push,-58.44904769079363
tariff_5,HIGH,tariff_19,unseen_target,0,,,-0.14673065186406822,0.2393487056702478,0.28246734838919507,0.09221311475409837,0.0,0.12698924056376656,-0.018633214047644443,0.05245396181312356,0.16402116402116396,0.06560846560846559,0.3017197986755728,109,6790.0923083882635,-0.009316607023822221,0.02622698090656178,-63.260621692731334,939.7568441900336,-0.01211158913096889,0.03409507517853032,-86.23880820055075,556.0691385739843,-0.015838231940497775,0.044585867541155025,-129.54305687764327,325.17537861246836,-0.02235985685717333,0.06294475417574827,-311.8254920625552,163.15222989410307,push,-63.260621692731334
tariff_5,HIGH,tariff_8,history_sparse,13,-0.030165039359380523,0.12871287128712872,-0.12192133821193674,0.08758635163643383,0.1736990759704295,0.14160673154334488,0.03757023573418065,0.16046144879219063,-0.019563674568170042,0.03479955642826485,0.0,0.0,0.24136725149672061,109,6790.0923083882635,-0.009781837284085021,0.017399778214132425,-66.41957810457124,2135.131718714456,-0.012716388469310527,0.022619711678372154,-90.34545153594262,1263.3915495351812,-0.016629123382944533,0.02957962296402512,-134.9132827777711,738.7999026693622,-0.023476409481804048,0.041759467713917815,-319.406987450971,370.68259005459316,push,-66.41957810457124
tariff_5,HIGH,tariff_20,unseen_target,0,,,-0.15440333500402667,0.22561723543200618,0.27093013291987533,0.09221311475409837,0.0,0.12698924056376656,-0.019607562252674182,0.05088769587748434,0.10582010582010581,0.042328042328042326,0.2843724466801385,109,6790.0923083882635,-0.009803781126337091,0.02544384793874217,-66.5685788190635,998.4964259023292,-0.01274491546423822,0.03307700232036482,-90.53915246478257,590.8262875161711,-0.016666427914773053,0.043254541495861686,-135.16658399240794,345.5004933918094,-0.023529074703209016,0.061065235052981205,-319.7645891657524,173.35007394137656,push,-66.5685788190635
tariff_5,HIGH,tariff_13,history_sparse,6,-0.4687596362538764,0.0594059405940594,-0.29080723732285196,0.09860584290879841,0.17950797268019777,0.06050350367881368,0.025691926081137247,0.06855945159877076,-0.01993758471180831,0.020844300801888142,-0.4761904761904762,-0.1904761904761905,0.05261355274740076,109,6790.0923083882635,-0.009968792355904156,0.010422150400944071,-67.68902029974453,5951.102427966907,-0.012959430062675402,0.013548795521227293,-91.99572638966788,3521.362383412371,-0.016946947005037065,0.01771765568160492,-137.0713345095657,2059.204992376093,-0.023925101654169972,0.02501316096226577,-322.4536487193868,1033.1775048553661,push,-67.68902029974453
tariff_5,HIGH,tariff_18,unseen_target,0,,,-0.16137850149489802,0.21335809025132002,0.26080965219042496,0.09221311475409837,0.0,0.12698924056376656,-0.020493333348155767,0.04956630586830286,0.05291005291005291,0.021164021164021163,0.2680373380774731,109,6790.0923083882635,-0.010246666674077884,0.02478315293415143,-69.57581257027459,1052.443969004916,-0.01332066667630125,0.032218098814396856,-94.44855634135696,622.7479106537967,-0.0174193333459324,0.04213135998805743,-140.27888136946677,364.16746332350044,-0.02459200001778692,0.05947956704196343,-326.981950168659,182.71596684113126,push,-69.57581257027459
tariff_5,HIGH,tariff_21,no_history_for_cell,0,,,-0.16137850149489802,0.11045316698496423,0.18627909731638811,0.09221311475409837,0.0,0.12698924056376656,-0.020493333348155767,0.03791745852021545,0.05291005291005291,0.021164021164021163,0.1931555938323879,109,6790.0923083882635,-0.010246666674077884,0.018958729260107724,-69.57581257027459,1798.4304539847294,-0.01332066667630125,0.02464634803814004,-94.44855634135696,1064.1600319436266,-0.0174193333459324,0.03222983974218313,-140.27888136946677,622.2942747352005,-0.02459200001778692,0.045500950224258534,-326.981950168659,312.22750937234895,push,-69.57581257027459
tariff_5,HIGH,tariff_6,unseen_target,0,,,-0.16835366798576934,0.20135257540262813,0.25108337185339663,0.09221311475409837,0.0,0.12698924056376656,-0.02137910444363735,0.04835080895192587,0.0,0.0,0.2512666761590585,109,6790.0923083882635,-0.010689552221818674,0.024175404475962933,-72.58304632148565,1106.0241238294327,-0.013896417888364277,0.031428025818751815,-98.35796021793135,654.4521442777706,-0.018172238777091745,0.041098187609136985,-145.3911787465256,382.7073092835407,-0.025654925332364818,0.05802097074231104,-334.19931117156557,192.01807705372093,push,-72.58304632148565
tariff_5,HIGH,tariff_7,unseen_target,0,,,-0.16835366798576934,0.20135257540262813,0.25108337185339663,0.09221311475409837,0.0,0.12698924056376656,-0.02137910444363735,0.04835080895192587,0.0,0.0,0.2512666761590585,109,6790.0923083882635,-0.010689552221818674,0.024175404475962933,-72.58304632148565,1106.0241238294327,-0.013896417888364277,0.031428025818751815,-98.35796021793135,654.4521442777706,-0.018172238777091745,0.041098187609136985,-145.3911787465256,382.7073092835407,-0.025654925332364818,0.05802097074231104,-334.19931117156557,192.01807705372093,push,-72.58304632148565
tariff_5,HIGH,tariff_3,unseen_target,0,,,-0.17532883447664066,0.18964886438026254,0.24179886633465264,0.09221311475409837,0.0,0.12698924056376656,-0.02226487553911893,0.047249378179461565,-0.05291005291005291,-0.021164021164021163,0.23419473777855127,109,6790.0923083882635,-0.011132437769559465,0.023624689089730783,-75.59028007269671,1158.1902218519479,-0.014472169100427305,0.03071209581665002,-102.26736409450574,685.3196579005607,-0.018925144208251088,0.04016197145254233,-150.5034761235844,400.7578622325079,-0.026717850646942716,0.05669925381535387,-341.4166721744721,201.07469129374095,push,-75.59028007269671
tariff_5,HIGH,tariff_17,unseen_target,0,,,-0.18927916745838333,0.16739861893469177,0.2247716566234323,0.09221311475409837,0.0,0.12698924056376656,-0.024036417730082096,0.04542105956403987,-0.15873015873015872,-0.06349206349206349,0.1998672911863245,109,6790.0923083882635,-0.012018208865041048,0.022710529782019935,-81.60474757511886,1253.3072926896577,-0.015623671524553365,0.029523688716625918,-110.08617184765454,741.6019483370754,-0.02043095507056978,0.03860790062943389,-160.72807087770207,433.6703434912311,-0.028843701276098515,0.05450527147684784,-355.8513941802853,217.58807164751008,push,-81.60474757511886
tariff_5,HIGH,tariff_9,no_history_for_cell,0,,,-0.203229500440126,0.11045316698496423,0.18627909731638811,0.09221311475409837,0.0,0.12698924056376656,-0.025807959921045263,0.040722651822335226,-0.26455026455026454,-0.10582010582010581,0.13763761615770997,109,6790.0923083882635,-0.012903979960522631,0.020361325911167613,-87.61921507754101,1559.1933958106786,-0.016775173948679424,0.026469723684517898,-117.90497960080333,922.5996424915256,-0.021936765932888472,0.03461425404898494,-170.9526656318197,539.5132857476397,-0.030969551905254314,0.04886718218680227,-370.2861161860984,270.6932978837983,push,-87.61921507754101
tariff_5,HIGH,tariff_16,unseen_target,0,,,-0.203229500440126,0.1472701336226976,0.21021059025949954,0.09221311475409837,0.0,0.12698924056376656,-0.025807959921045263,0.044142104822414076,-0.26455026455026454,-0.10582010582010581,0.16682450763869938,109,6790.0923083882635,-0.012903979960522631,0.022071052411207038,-87.61921507754101,1326.9849989696067,-0.016775173948679424,0.02869236813456915,-117.90497960080333,785.1982242423708,-0.021936765932888472,0.03752078909905197,-170.9526656318197,459.1643595050541,-0.030969551905254314,0.05297052578689689,-370.2861161860984,230.37934009889,push,-87.61921507754101
tariff_5,HIGH,tariff_12,history_sparse,10,-0.7436565472889493,0.09900990099009901,-0.26925747012721374,0.09060200838322294,0.17523904794044504,0.08470980504156786,0.030005789976484926,0.09598878454244507,-0.025845697286484958,0.026575230228430512,1.111111111111111,0.4444444444444444,0.06220602985149676,109,6790.0923083882635,-0.012922848643242479,0.013287615114215256,-87.74733517494646,3661.1541726562546,-0.016799703236215224,0.017273899648479835,-118.07153572743042,2166.3634157729316,-0.021968842693512215,0.022588945694165936,-171.170469797409,1266.835353860296,-0.031014836743781946,0.031890276274116613,-370.5936044198715,635.6170438639331,push,-87.74733517494646
tariff_5,HIGH,tariff_15,unseen_target,0,,,-0.22415499991274,0.12331925301951549,0.19418454666963406,0.09221311475409837,0.0,0.12698924056376656,-0.02846527320749001,0.04335448986249718,-0.4232804232804233,-0.16931216931216933,0.12418039082723675,109,6790.0923083882635,-0.014232636603745005,0.02167724493124859,-96.64091633117422,1375.6372523593434,-0.01850242758486851,0.02818041841062317,-129.6331912305265,813.9865398575995,-0.024195482226366506,0.036851316383122605,-186.28955776299614,475.99904925928826,-0.034158327848988014,0.05202538783499661,-391.93819919481814,238.82591186794156,push,-96.64091633117422
tariff_5,HIGH,tariff_2,unseen_target,0,,,-0.23043264975452418,0.11819487198245548,0.19097127470629985,0.09221311475409837,0.0,0.12698924056376656,-0.029262467193423437,0.04339375523640088,-0.47089947089947093,-0.1883597883597884,0.11378634485184091,109,6790.0923083882635,-0.014631233596711719,0.02169687761820044,-99.34742670726419,1373.1488540749897,-0.019020603675725237,0.028205940903660572,-133.15165471944346,812.514114837272,-0.02487309711440992,0.03688469195094075,-190.89062540234912,475.1380117906539,-0.03511496063210812,0.05207250628368105,-398.433824097434,238.39389827690803,push,-99.34742670726419
tariff_5,HIGH,tariff_1,history_sparse,9,-0.7409411598010354,0.0891089108910891,-0.3790889081857286,0.09610722889619629,0.17814768998251385,0.09370997635311643,0.03140402633132105,0.10618731474146276,-0.04025443320851544,0.034713189759379086,-1.0,-0.4,0.016670723767143236,109,6790.0923083882635,-0.02012721660425772,0.017356594879689543,-136.6656586538349,2145.769382090904,-0.02616538158553504,0.022563573343596408,-181.66535624998536,1269.6860249058602,-0.034216268227238125,0.02950621129547222,-254.33161971151932,742.4807550487559,-0.04830531985021853,0.0416558277112549,-487.99758076920375,372.5294066130042,push,-136.6656586538349
tariff_5,HIGH,tariff_4,history_sparse,13,-0.6028171685406672,0.12871287128712872,-0.3551299903212149,0.09081895554112811,0.17535131218665403,0.11482242811926127,0.03435479671182592,0.13011085680071777,-0.04620626731632388,0.03974943853208119,-0.21164021164021163,-0.08465608465608465,0.021420924457865864,109,6790.0923083882635,-0.02310313365816194,0.019874719266040595,-156.87241015195139,1636.4777003742138,-0.030034073755610523,0.025837135045852774,-207.93413319753682,968.3300002214282,-0.03927532721887529,0.03378702275226901,-288.68309725831733,566.2552596450568,-0.05544752077958865,0.04769932623849742,-536.4937843646833,284.11071187052323,push,-156.87241015195139
tariff_5,MID,tariff_4,history,32,0.3996544741088927,0.1702127659574468,0.30582276091917526,0.13266980775764453,0.20025303465977826,0.1672793674413418,0.026792000668919288,0.1895523564461537,0.05796942498709835,0.05443049659534718,-0.21164021164021163,-0.08465608465608465,0.9366420766578543,91,4041.9847264947975,0.028984712493549177,0.02721524829767359,117.15576520076871,872.7452536183827,0.03768012624161393,0.03537982278697567,148.30249476099934,516.4173098333624,0.0492740112390336,0.046265922106045104,177.1648008413068,301.9879770305823,0.06956330998451801,0.06531659591441662,121.17383648184483,151.5182731976359,digital_ads,177.1648008413068
tariff_5,MID,tariff_14,unseen_target,0,,,0.3115398531246103,0.30976162068898044,0.34416894347378846,0.09221311475409837,0.0,0.12698924056376656,0.03956220935364164,0.0708927903116899,0.24867724867724855,0.09947089947089943,0.8173188366141688,91,4041.9847264947975,0.01978110467682082,0.03544639515584495,79.95492297690456,514.4793503012851,0.02571543607986707,0.046080313702598436,99.94139986997594,304.425651065849,0.03362787795059539,0.060258871764936404,113.92336906073774,178.02053643643086,0.04747465122436997,0.08507134837402787,31.891815144570955,89.31933164952866,digital_ads,113.92336906073774
tariff_5,MID,tariff_19,unseen_target,0,,,0.2787029389574315,0.3104646117031008,0.3448017910625714,0.09221311475409837,0.0,0.12698924056376656,0.03539227456109401,0.06898494420724452,0.16402116402116396,0.06560846560846559,0.7905407576669736,91,4041.9847264947975,0.017696137280547006,0.03449247210362226,71.52751660592618,543.3297107023263,0.023004978464711112,0.044840213734708936,88.98577158770405,321.49687023806297,0.03008343337692991,0.05863720257615784,99.5967782300745,188.0033601046112,0.04247072947331282,0.08278193304869343,11.666039854222845,94.32807477470944,digital_ads,99.5967782300745
tariff_5,MID,tariff_20,unseen_target,0,,,0.256127560467496,0.3109489580377246,0.34523796793624334,0.09221311475409837,0.0,0.12698924056376656,0.03252544439121752,0.06777591696867115,0.10582010582010581,0.042328042328042326,0.7709220986804697,91,4041.9847264947975,0.01626272219560876,0.033887958484335574,65.73367472587854,562.887085657573,0.02114153885429139,0.044054346029636246,81.45377714364211,333.06928145418516,0.027646627732534887,0.05760952942337048,89.7472470339935,194.77061787459272,0.03903053326946102,0.08133110036240537,-2.2391806578914952,97.72345237110645,digital_ads,89.7472470339935
tariff_5,MID,tariff_18,unseen_target,0,,,0.2356044891130092,0.31139000440326436,0.3456352627297524,0.09221311475409837,0.0,0.12698924056376656,0.02991923514587525,0.06675382086990296,0.05291005291005291,0.021164021164021163,0.7522718787679279,91,4041.9847264947975,0.014959617572937624,0.03337691043495148,60.46654574401705,580.2562551552189,0.019447502844818915,0.043389983565436926,74.60650946722218,343.3468965415496,0.02543134987399396,0.056740747739417514,80.79312776482898,200.7807111263733,0.0359030821750503,0.08010458504388356,-14.880290214359093,100.73893318666995,digital_ads,80.79312776482898
tariff_5,MID,tariff_6,unseen_target,0,,,0.2150814177585224,0.31183174439607664,0.3460332885909968,0.09221311475409837,0.0,0.12698924056376656,0.027313025900532976,0.06580861486583307,0.0,0.0,0.7328853039696931,91,4041.9847264947975,0.013656512950266488,0.03290430743291654,55.19941676215555,597.0443447395868,0.017753466835346437,0.0427755996627915,67.75924179080222,353.2806773607022,0.02321607201545303,0.05593732263595811,71.83900849566443,206.5897386642169,0.03277563108063957,0.07897033783899969,-27.52139977082669,103.65353207284492,digital_ads,71.83900849566443
tariff_5,MID,tariff_7,unseen_target,0,,,0.2150814177585224,0.31183174439607664,0.3460332885909968,0.09221311475409837,0.0,0.12698924056376656,0.027313025900532976,0.06580861486583307,0.0,0.0,0.7328853039696931,91,4041.9847264947975,0.013656512950266488,0.03290430743291654,55.19941676215555,597.0443447395868,0.017753466835346437,0.0427755996627915,67.75924179080222,353.2806773607022,0.02321607201545303,0.05593732263595811,71.83900849566443,206.5897386642169,0.03277563108063957,0.07897033783899969,-27.52139977082669,103.65353207284492,digital_ads,71.83900849566443
tariff_5,MID,tariff_3,unseen_target,0,,,0.1945583464040356,0.31227417507256633,0.34643204300014135,0.09221311475409837,0.0,0.12698924056376656,0.024706816655190703,0.06494365627549438,-0.05291005291005291,-0.021164021164021163,0.7128077861569224,91,4041.9847264947975,0.012353408327595352,0.03247182813774719,49.932287780294054,613.0538413174914,0.01605943082587396,0.04221337657907135,60.911974114382275,362.7537522588705,0.021000794156912098,0.05520210783417022,62.884889226499894,212.12935685726347,0.029648179986228845,0.07793238753059326,-40.16250932729427,106.43295856206446,digital_ads,62.884889226499894
tariff_5,MID,tariff_12,history_sparse,17,-0.202254464397608,0.09042553191489362,0.220161804951492,0.16010548688400225,0.2193940904636299,0.08166336658447881,0.019658432623032105,0.09253671751743132,0.02037305075292403,0.026621026255791144,1.111111111111111,0.4444444444444444,0.8421899803825135,91,4041.9847264947975,0.010186525376462014,0.013310513127895572,41.17377998771113,3648.5684746248294,0.01324248298940062,0.017303667066264246,49.52591398402448,2158.9162571744546,0.017317093139985425,0.02262787231742247,47.995425979108916,1262.480441046654,0.024447660903508833,0.03194523150694937,-61.1829280294933,633.4320268445887,sms,49.52591398402448
tariff_5,MID,tariff_17,unseen_target,0,,,0.15351220369506202,0.3131610967625215,0.3472317274177366,0.09221311475409837,0.0,0.12698924056376656,0.019494398164506165,0.06346730197743004,-0.15873015873015872,-0.06349206349206349,0.6707926791477279,91,4041.9847264947975,0.009747199082253083,0.03173365098871502,39.39802981657107,641.9068578297275,0.012671358806929009,0.04125374628532953,47.21743876154239,379.8265430945132,0.01657023843983024,0.05394720668081553,44.97665068817081,222.11309959506147,0.023393277797407398,0.07616076237291605,-65.44472844022944,111.44216281766101,sms,47.21743876154239
tariff_5,MID,tariff_11,history_sparse,15,-0.08221422303432932,0.0797872340425532,0.15906848914711832,0.16498976509039842,0.22298345809630107,0.08002728447474265,0.019477840615626043,0.09068279360569348,0.014424774970497625,0.025120462338886977,0.582010582010582,0.2328042328042328,0.7621898911703635,91,4041.9847264947975,0.007212387485248812,0.012560231169443489,29.152360056937923,4097.479904178713,0.009376103730823456,0.016328300520276534,33.8980680740193,2424.544321999238,0.012261058724922981,0.02135239298805393,27.55901209679447,1417.8131156327718,0.017309729964597148,0.03014455480666437,-90.034335863349,711.3680389199153,sms,33.8980680740193
tariff_5,MID,tariff_16,unseen_target,0,,,0.11246606098608841,0.31405074616537,0.3480342959638111,0.09221311475409837,0.0,0.12698924056376656,0.014281979673821622,0.0623484754450764,-0.26455026455026454,-0.10582010582010581,0.6267078481422339,91,4041.9847264947975,0.007140989836910811,0.0311742377225382,28.863771852848075,665.1512503626248,0.009283286787984056,0.04052650903929966,33.522903408702504,393.5806215163459,0.012139682722748379,0.05299620412831494,27.068412149841727,230.15614199398777,0.017138375608585946,0.07481817053409168,-90.72694755316462,115.4776476324001,sms,33.522903408702504
tariff_5,MID,tariff_8,history,21,-0.05881276252864046,0.11170212765957446,0.07168146568378857,0.15127996931836651,0.21303903190956797,0.12577991410028594,0.023804021346300854,0.1425273150896173,0.010216566845598922,0.035505959990478994,0.0,0.0,0.6317421585959724,91,4041.9847264947975,0.005108283422799461,0.017752979995239497,20.647603573561987,2051.0184642395707,0.006640768449639301,0.023078873993811345,22.84188464563059,1213.6203930411662,0.008684081818759085,0.030180065991907146,13.100926075055384,709.694970325111,0.012259880214718707,0.042607151988574794,-110.44575142345123,356.07959448603657,sms,22.84188464563059
tariff_5,MID,tariff_15,unseen_target,0,,,0.050896846922628,0.31539028421811166,0.3492435130094491,0.09221311475409837,0.0,0.12698924056376656,0.006463351937794809,0.0613816721072629,-0.4232804232804233,-0.16931216931216933,0.5579345280162364,91,4041.9847264947975,0.0032316759688974044,0.03069083605363145,13.062384907263585,686.2694384652282,0.0042011787595666265,0.039898086869720885,12.981100379442662,406.07659080782724,0.005493849147125587,0.05217442129117346,0.20605434234809294,237.46347351738004,0.00775602232535377,0.07365800652871547,-128.65027622256738,119.14399973354661,push,13.062384907263585
tariff_5,MID,tariff_2,unseen_target,0,,,0.032426082703589876,0.3157933207167288,0.3496075248179002,0.09221311475409837,0.0,0.12698924056376656,0.004117763616986765,0.0612636924688184,-0.47089947089947093,-0.1883597883597884,0.5369488957429757,91,4041.9847264947975,0.0020588818084933823,0.0306318462344092,8.321968823588238,688.9151745493358,0.0026765463510413975,0.039821400104731966,6.818559470664711,407.6421151179502,0.00350009907443875,0.05207413859849564,-7.852652999899995,238.3789531312581,0.004941316340384118,0.07351643096258208,-140.02727482338824,119.60332891481526,push,8.321968823588238
tariff_5,MID,tariff_21,history_sparse,4,-0.3798942269232478,0.02127659574468085,0.11657738094090851,0.2027819880584733,0.25223111362587053,0.020244087159544975,0.010109794775376449,0.02293955604858839,0.002674233364091611,0.007617714525063044,0.05291005291005291,0.021164021164021163,0.6780255904156602,91,4041.9847264947975,0.0013371166820458054,0.003808857262531522,5.404605206370546,44557.6935291282,0.001738251686659547,0.004951514441290978,3.02598676828171,26365.499129661654,0.0022730983594778692,0.006475057346303587,-12.812171149170071,15417.887034300416,0.003209080036909933,0.009141257430075652,-147.0289475047107,7735.710682140313,push,5.404605206370546
tariff_5,MID,tariff_9,history_sparse,2,-0.40088972522955524,0.010638297872340425,0.057515624465144397,0.2133591888128101,0.2608105508810185,0.012433616649212506,0.007954560321439798,0.014089133472081088,0.0008103453098195118,0.0049965608190468335,-0.26455026455026454,-0.10582010582010581,0.5872694117148712,91,4041.9847264947975,0.0004051726549097559,0.0024982804095234168,1.6377016827385806,103568.98799592453,0.0005267244513826828,0.003247764532380442,-1.8709878124398447,61283.424849659474,0.000688793513346585,0.004247076696189809,-19.215907139344413,35837.02006779395,0.0009724143717834142,0.0059958729828562,-156.0695159614274,17980.727082625785,push,1.6377016827385806
tariff_5,MID,tariff_13,history,43,-0.04392808222826489,0.22872340425531915,-0.021026576450569146,0.11995508422560597,0.19206567166355423,0.22593839986405312,0.030020441842141928,0.2560217482943458,-0.005383260863519433,0.05628900376156802,-0.4761904761904762,-0.1904761904761905,0.45641248864864126,91,4041.9847264947975,-0.0026916304317597165,0.02814450188078401,-10.879529094541372,816.0653989128633,-0.003499119561287632,0.03658785244501921,-18.143387822903783,482.8789342679665,-0.004575771733991518,0.04784565319733282,-40.49519946072033,282.37557055808423,-0.00645991303622332,0.06754680451388162,-186.1108698268993,141.67802064459434,push,-10.879529094541372
tariff_5,MID,tariff_10,history,36,-0.21672644749524336,0.19148936170212766,-0.0464654564002925,0.1280843605650262,0.1972450339586567,0.19153837390608144,0.028248272713647285,0.21704141209461156,-0.010084928270740092,0.04935765787224854,0.26455026455026454,0.10582010582010581,0.4068823044857127,91,4041.9847264947975,-0.005042464135370046,0.02467882893612427,-20.38156301906352,1061.3606991757129,-0.006555203375981059,0.032082477616961556,-30.496031924782574,628.0240823524928,-0.008572189030129077,0.04195400919141126,-56.64865713240798,367.2528370850218,-0.012101913924888108,0.05922918944669825,-208.91575124575243,184.2640102735613,push,-20.38156301906352
tariff_5,MID,tariff_1,history_sparse,18,-0.2883701393513365,0.09574468085106383,-0.23589249514299016,0.1575741579347329,0.21755370658492618,0.09509558982025869,0.021057937604104928,0.10775742049830357,-0.025419166791517223,0.031055960467506746,-1.0,-0.4,0.13911691004550508,91,4041.9847264947975,-0.012709583395758612,0.015527980233753373,-51.371941965768194,2680.9095292366974,-0.016522458414486196,0.020186374303879387,-70.78352455549866,1586.3369995483408,-0.02160629177278964,0.026397566397380733,-109.33230134180593,927.6503561372655,-0.03050300014982067,0.03726715256100809,-283.29266071784366,465.43568215914894,push,-51.371941965768194
tariff_3,MID,tariff_8,history,241,0.5835904652183873,0.5391498881431768,0.5561389008250794,0.05791801682702716,0.16079333528842482,0.5376038015793293,0.023450389690205502,0.6091849161224621,0.3387914296515643,0.2126596354138702,0.05291005291005291,0.021164021164021163,0.9997286241896501,87,4067.9052431616487,0.16939571482578214,0.1063298177069351,689.0857165089146,57.174445173245,0.22021442927351675,0.13822876301901563,891.8114314615889,33.831032646890534,0.2879727152038296,0.18076069010178966,1149.4457180651548,19.78354504264533,0.40654971558187714,0.2551915624966442,1493.8057196213952,9.926118953688372,call,1493.8057196213952
tariff_3,MID,tariff_14,unseen_target,0,,,0.33206292447909713,0.30932316653884356,0.34377437565591934,0.09221311475409837,0.0,0.12698924056376656,0.04216841859898392,0.07216954361463111,0.30158730158730146,0.1206349206349206,0.8329610807495238,87,4067.9052431616487,0.02108420929949196,0.036084771807315556,85.76856555732093,496.43703258707865,0.027409472089339547,0.046910203349510224,107.49913522451722,293.7497234243069,0.03584315580913632,0.061344112072436445,123.80656144744555,171.77751992632483,0.0506021023187807,0.08660345233755733,45.84455733757022,86.18698482414563,digital_ads,123.80656144744555
tariff_3,MID,tariff_11,history,29,0.5726726913734893,0.06487695749440715,0.5180132701556966,0.13737425539549544,0.20340030984604426,0.06719474011041085,0.011775379253833866,0.07614161581033949,0.03944236740085265,0.028646820925520827,0.6349206349206349,0.25396825396825395,0.9945637055486705,87,4067.9052431616487,0.019721183700426324,0.014323410462760413,80.22390657631829,3150.7882871141746,0.025637538810554226,0.018620433601588538,100.2910785492138,1864.3717675231803,0.03352601229072475,0.024349797786692703,114.3806411797411,1090.238161631202,0.04733084088102318,0.03437618511062499,32.537375783163895,547.0118554017665,digital_ads,114.3806411797411
tariff_3,MID,tariff_10,history,31,0.5867005011431811,0.06935123042505593,0.4792941015449567,0.13467874490430712,0.20158959380136524,0.07038741067782876,0.012031236502093997,0.07975938552496108,0.03822820302496405,0.028487658625980516,0.31746031746031744,0.12698412698412698,0.991286518227845,87,4067.9052431616487,0.019114101512482023,0.014243829312990258,77.75435376094963,3186.0939353793733,0.02484833196622663,0.018516978106887336,97.08065988923451,1885.2626836564336,0.032493972571219436,0.02421450983208344,110.18240139361436,1102.4546489201985,0.045873843629956855,0.03418519035117662,26.6104490262791,553.1413082255857,digital_ads,110.18240139361436
tariff_3,MID,tariff_19,unseen_target,0,,,0.29922601031191826,0.3100250315900376,0.34440603974437467,0.09221311475409837,0.0,0.12698924056376656,0.037998483806436285,0.07015733902149539,0.21693121693121686,0.08677248677248675,0.8075265327794925,87,4067.9052431616487,0.018999241903218143,0.035078669510747694,77.28711575419759,525.3223422216176,0.024699014474183587,0.045602270363972006,96.47325048045687,310.84162261634185,0.03229871123547084,0.059633738168271076,109.38809678213588,181.77243675488506,0.04559818056772354,0.08418880682579447,25.48907781007418,91.2017955245864,digital_ads,109.38809678213588
tariff_3,MID,tariff_20,unseen_target,0,,,0.2766506318219828,0.3105086082551415,0.3448414067372782,0.09221311475409837,0.0,0.12698924056376656,0.03513165363655979,0.06887147995505023,0.15873015873015872,0.06349206349206349,0.7887971734044505,87,4067.9052431616487,0.017565826818279895,0.034435739977525116,71.45611901455028,545.1214329547037,0.022835574863763863,0.044766461970782656,88.89295471891538,322.55706091994296,0.029861905591075814,0.05854075796179269,99.47540232473546,188.62333320231966,0.04215798436387174,0.08264577594606028,11.494685634920671,94.63913766574719,digital_ads,99.47540232473546
tariff_3,MID,tariff_18,unseen_target,0,,,0.256127560467496,0.3109489580377246,0.34523796793624334,0.09221311475409837,0.0,0.12698924056376656,0.03252544439121752,0.06777591696867115,0.10582010582010581,0.042328042328042326,0.7709220986804697,87,4067.9052431616487,0.01626272219560876,0.033887958484335574,66.1552128875982,562.887085657573,0.02114153885429139,0.044054346029636246,82.00177675387766,333.06928145418516,0.027646627732534887,0.05760952942337048,90.46386190891691,194.77061787459272,0.03903053326946102,0.08133110036240537,-1.2274890697643457,97.72345237110645,digital_ads,90.46386190891691
tariff_3,MID,tariff_5,unseen_target,0,,,0.2356044891130092,0.31139000440326436,0.3456352627297524,0.09221311475409837,0.0,0.12698924056376656,0.02991923514587525,0.06675382086990296,0.05291005291005291,0.021164021164021163,0.7522718787679279,87,4067.9052431616487,0.014959617572937624,0.03337691043495148,60.8543067606461,580.2562551552189,0.019447502844818915,0.043389983565436926,75.11059878883994,343.3468965415496,0.02543134987399396,0.056740747739417514,81.45232149309837,200.7807111263733,0.0359030821750503,0.08010458504388356,-13.949663774449363,100.73893318666995,digital_ads,81.45232149309837
tariff_3,MID,tariff_6,unseen_target,0,,,0.2356044891130092,0.31139000440326436,0.3456352627297524,0.09221311475409837,0.0,0.12698924056376656,0.02991923514587525,0.06675382086990296,0.05291005291005291,0.021164021164021163,0.7522718787679279,87,4067.9052431616487,0.014959617572937624,0.03337691043495148,60.8543067606461,580.2562551552189,0.019447502844818915,0.043389983565436926,75.11059878883994,343.3468965415496,0.02543134987399396,0.056740747739417514,81.45232149309837,200.7807111263733,0.0359030821750503,0.08010458504388356,-13.949663774449363,100.73893318666995,digital_ads,81.45232149309837
tariff_3,MID,tariff_7,unseen_target,0,,,0.2356044891130092,0.31139000440326436,0.3456352627297524,0.09221311475409837,0.0,0.12698924056376656,0.02991923514587525,0.06675382086990296,0.05291005291005291,0.021164021164021163,0.7522718787679279,87,4067.9052431616487,0.014959617572937624,0.03337691043495148,60.8543067606461,580.2562551552189,0.019447502844818915,0.043389983565436926,75.11059878883994,343.3468965415496,0.02543134987399396,0.056740747739417514,81.45232149309837,200.7807111263733,0.0359030821750503,0.08010458504388356,-13.949663774449363,100.73893318666995,digital_ads,81.45232149309837
tariff_3,MID,tariff_17,unseen_target,0,,,0.1740352750495488,0.3127172935012073,0.34683152344433776,0.09221311475409837,0.0,0.12698924056376656,0.022100607409848434,0.06416219058246955,-0.10582010582010581,-0.042328042328042326,0.6920910421938307,87,4067.9052431616487,0.011050303704924217,0.032081095291234776,44.95158837978982,628.0782047283952,0.014365394816401483,0.04170542387860521,54.43706489372676,371.6439081233109,0.018785516298371167,0.05453786199509912,54.41770024564268,217.32809852193608,0.02652072889181812,0.07699462869896347,-52.11618788850444,109.04135498756862,sms,54.43706489372676
tariff_3,MID,tariff_4,history,47,0.13832736258753045,0.10514541387024609,0.14133824055104108,0.11594279241121362,0.18958568277195872,0.10611240157076068,0.014485593675019412,0.12024110369111334,0.016994666037617248,0.02772418609556462,-0.15873015873015872,-0.06349206349206349,0.7720186136736255,87,4067.9052431616487,0.008497333018808624,0.01386209304778231,34.566345540102205,3363.9883116252304,0.011046532924451213,0.018020720962117005,40.93624920213287,1990.5256281806094,0.014445466131974661,0.023565558181229927,36.762787418173744,1164.0097964101144,0.0203935992451407,0.03326902331467754,-77.0407707037547,584.025748546047,sms,40.93624920213287
tariff_3,MID,tariff_16,unseen_target,0,,,0.13298913234057522,0.31360558194905774,0.3476326524214996,0.09221311475409837,0.0,0.12698924056376656,0.016888188919163893,0.06286186165147364,-0.21164021164021163,-0.08465608465608465,0.6489756871884937,87,4067.9052431616487,0.008444094459581946,0.03143093082573682,34.349776125885626,654.3311742560891,0.010977322797456533,0.04086021007345787,40.65470896365132,387.1782096189875,0.014354960581289308,0.05343258240375259,36.39461941400557,226.41217102286825,0.020265826702996672,0.07543423398176836,-77.56053729787449,113.59916219723773,sms,40.65470896365132
tariff_3,MID,tariff_12,history_sparse,8,0.4430032981376403,0.017897091722595078,0.6463185458254813,0.18627280138852684,0.23916010649171732,0.017176348095337704,0.006111038041022416,0.019463352273569247,0.012579525538342351,0.010099951101806118,1.164021164021164,0.4656084656084656,0.9965584868828243,87,4067.9052431616487,0.0062897627691711755,0.005049975550903059,25.586158946954356,25347.407476490407,0.008176691599922528,0.006564968216173977,29.262006631040663,14998.465962420358,0.010692596707590998,0.0085849584365352,21.496470209822405,8770.729230619518,0.01509543064601082,0.012119941322167342,-98.59321852730955,4400.591575779585,sms,29.262006631040663
tariff_3,MID,tariff_13,history,32,0.1878770518342701,0.07158836689038031,0.14409394572564452,0.13258103220600417,0.20019423093788072,0.07190514557069101,0.012150326222730077,0.08147920447097348,0.011740660066809145,0.019889719095577827,-0.4232804232804233,-0.16931216931216933,0.7641669122328129,87,4067.9052431616487,0.0058703300334045725,0.009944859547788914,23.87994632197576,6536.041328564335,0.007631429043425945,0.012928317412125589,27.043930218568487,3867.4800760735698,0.009979561056787772,0.016906261231241154,18.595908747358784,2261.605996043022,0.014088792080170973,0.023867662914693392,-102.68812882725818,1134.729397320197,sms,27.043930218568487
tariff_3,MID,tariff_9,history,30,0.1684796051494107,0.06711409395973154,0.1494275929974249,0.1356605033796341,0.20224681005448691,0.0642677104969711,0.011534107463349107,0.07282485673178943,0.010882043051813608,0.01805682266612201,-0.21164021164021163,-0.08465608465608465,0.7699972594293296,87,4067.9052431616487,0.005441021525906804,0.009028411333061004,22.133559993391682,7930.296461008917,0.007073327983678846,0.011736934732979307,24.77362799140919,4692.483113023028,0.009249736594041567,0.015348299266203706,15.627051988765864,2744.047218342186,0.01305845166217633,0.02166818719934641,-106.87945601585996,1376.7875800362706,sms,24.77362799140919
tariff_3,MID,tariff_15,unseen_target,0,,,0.0714199182771148,0.31494310016543103,0.34883972873199626,0.09221311475409837,0.0,0.12698924056376656,0.00906956118313708,0.061606658735258134,-0.3703703703703704,-0.14814814814814817,0.5811106555962696,87,4067.9052431616487,0.00453478059156854,0.030803329367629067,18.447057745029348,681.26609908298,0.0058952147690391025,0.04004432817791779,19.981175068538153,403.11603496034303,0.007709127005666517,0.052365659924969415,9.359998166549886,235.73221421556397,0.010883473419764495,0.07392799048230976,-115.72706141192957,118.27536442412843,sms,19.981175068538153
tariff_3,MID,tariff_2,unseen_target,0,,,0.05294915405807668,0.3153455357254089,0.3492031026522318,0.09221311475409837,0.0,0.12698924056376656,0.006723972862329036,0.06139973603946166,-0.417989417989418,-0.16719576719576723,0.5602600361042857,87,4067.9052431616487,0.003361986431164518,0.03069986801973083,13.676242230772463,685.8656940247879,0.004370582360513874,0.03990982842565008,13.779114900004206,405.8376887720638,0.00571537693297968,0.05218977563354241,1.249611792313182,237.32376955875014,0.008068767434794843,0.073679683247354,-127.17701864614608,119.07390521263679,sms,13.779114900004206
tariff_3,MID,tariff_21,history_sparse,8,-0.009624355187142474,0.017897091722595078,0.17122364889661074,0.1858063943781578,0.23879701880846735,0.016868276197436534,0.006056935904137857,0.019114261079029176,0.0032728135279138436,0.00591744158757238,0.10582010582010581,0.042328042328042326,0.7633209441747746,87,4067.9052431616487,0.0016364067639569218,0.00295872079378619,6.656747655045549,73842.1153876834,0.0021273287931439983,0.0038463370319220475,4.653771951559213,43693.55940099609,0.002781891498726767,0.005029825349436523,-10.683528986422568,25550.904978437167,0.003927376233496612,0.007100929905086856,-144.02380562789068,12819.811699250591,push,6.656747655045549
tariff_3,MID,tariff_1,history,21,-0.5103536096142359,0.04697986577181208,-0.3496064313531,0.15071061013782214,0.21263510530510857,0.0484841657012341,0.010102287976869665,0.0549397573625891,-0.01920729251093998,0.017555332315801354,-0.9470899470899471,-0.37883597883597886,0.05007143444602863,87,4067.9052431616487,-0.00960364625546999,0.008777666157900677,-39.06672295609611,8389.845803065506,-0.012484740132110986,0.01141096600527088,-54.78673984292494,4964.405800630476,-0.016326198634298978,0.01492203246843115,-88.41342902536336,2903.0608315105565,-0.02304875101312797,0.021066398778961624,-253.76013509463064,1456.570451921095,push,-39.06672295609611
tariff_15,MID,tariff_8,history,429,0.48569012841745285,0.32698170731707316,0.47404217005829663,0.044403279439207015,0.15643417537404128,0.3371998164261208,0.013464018044628904,0.38209745035767656,0.18113030454129528,0.1182388781181148,0.4232804232804233,0.16931216931216933,0.9987784372727344,80,5027.278245397951,0.09056515227064764,0.0591194390590574,455.2962198013797,184.9487873313692,0.11773469795184192,0.07685527077677462,587.8850857417935,109.43715226708235,0.153960758860101,0.10050304640039757,752.0035736623455,63.996120183864775,0.2173563654495543,0.14188665374173776,932.710927523311,32.1091644672516,call,932.710927523311
tariff_15,MID,tariff_10,history,180,0.4887781830287732,0.13719512195121952,0.4782969355690617,0.06681733192195372,0.1642088787038281,0.1299959972917743,0.009577790332644902,0.1473047632360534,0.07045541685053053,0.046902538151788915,0.6878306878306879,0.2751322751322752,0.9982086070307576,80,5027.278245397951,0.035227708425265264,0.023451269075894458,177.09949220155815,1175.3829810052325,0.045796020952844844,0.030486649798662797,226.22933986202563,695.4928881687765,0.05988710432295095,0.039867157429020576,279.0691367426489,406.7069138426411,0.08454650022063663,0.0562830457821467,265.0387812837396,204.05954531340842,digital_ads,279.0691367426489
tariff_15,MID,tariff_14,unseen_target,0,,,0.47572442396050474,0.3062739705406872,0.3410333488542693,0.09221311475409837,0.0,0.12698924056376656,0.06041188331637981,0.08263612078429346,0.6719576719576719,0.26878306878306873,0.9184845207387217,80,5027.278245397951,0.030205941658189905,0.04131806039214673,151.8536733799778,378.64501653542936,0.03926772415564688,0.053713478509790746,193.4097753939712,224.0503056422659,0.051350100818922835,0.07024070266664943,236.1512447459623,131.01903686347035,0.07249425997965576,0.09916334494115214,204.4488161119467,65.73698203740094,digital_ads,236.1512447459623
tariff_15,MID,tariff_19,unseen_target,0,,,0.4428875097933259,0.3069678184963328,0.34165661356455185,0.09221311475409837,0.0,0.12698924056376656,0.056241948523832186,0.08003535680462542,0.5873015873015873,0.23492063492063495,0.9025629386892642,80,5027.278245397951,0.028120974261916093,0.04001767840231271,141.37196214632647,403.65312403888595,0.03655726654049093,0.05202298192300653,179.78355079022444,238.8480023898733,0.04780565624525735,0.06803005328393161,218.33233564875496,139.67236125913007,0.06749033822859862,0.0960424281655505,179.29270915118354,70.07866736786215,digital_ads,218.33233564875496
tariff_15,MID,tariff_20,unseen_target,0,,,0.42031213130339046,0.3074459149248859,0.3420862327016394,0.09221311475409837,0.0,0.12698924056376656,0.05337511835395569,0.07831296089502356,0.5291005291005292,0.21164021164021168,0.8904027907736436,80,5027.278245397951,0.026687559176977845,0.03915648044751178,134.16578567319115,421.6040753358755,0.034693826930071205,0.05090342458176531,170.41552137514853,249.4698670626482,0.045368850600862334,0.06656601676077002,206.08183564442496,145.88376309199845,0.06405014202474682,0.09397555307402826,161.99788561565873,73.19515196803394,digital_ads,206.08183564442496
tariff_15,MID,tariff_18,unseen_target,0,,,0.3997890599489036,0.3078813048481266,0.342477587405344,0.09221311475409837,0.0,0.12698924056376656,0.05076890910861342,0.0767970666340834,0.4761904761904762,0.1904761904761905,0.8784642047386133,80,5027.278245397951,0.02538445455430671,0.0383985333170417,127.61471615215905,438.4123958182176,0.03299979092059872,0.04991809331215421,161.89913099780676,259.41561882734766,0.0431535727423214,0.06527750663897089,194.94501745867035,151.6997909405597,0.060922690930336094,0.09215647996090007,146.27531876518168,76.11326316288499,digital_ads,194.94501745867035
tariff_15,MID,tariff_5,unseen_target,0,,,0.37926598859441685,0.30831741238419647,0.34286969358531333,0.09221311475409837,0.0,0.12698924056376656,0.048162699863271145,0.07533168359392858,0.4232804232804233,0.16931216931216933,0.8656696271637411,80,5027.278245397951,0.024081349931635573,0.03766584179696429,121.06364663112694,455.6346476778474,0.03130575491112625,0.04896559433605358,153.38274062046506,269.6063004010931,0.04093829488378047,0.0640319310548393,183.8081992729158,157.65904763939355,0.057795239835925376,0.0903980203127143,130.5527519147047,79.10323744407073,digital_ads,183.8081992729158
tariff_15,MID,tariff_6,unseen_target,0,,,0.37926598859441685,0.30831741238419647,0.34286969358531333,0.09221311475409837,0.0,0.12698924056376656,0.048162699863271145,0.07533168359392858,0.4232804232804233,0.16931216931216933,0.8656696271637411,80,5027.278245397951,0.024081349931635573,0.03766584179696429,121.06364663112694,455.6346476778474,0.03130575491112625,0.04896559433605358,153.38274062046506,269.6063004010931,0.04093829488378047,0.0640319310548393,183.8081992729158,157.65904763939355,0.057795239835925376,0.0903980203127143,130.5527519147047,79.10323744407073,digital_ads,183.8081992729158
tariff_15,MID,tariff_7,unseen_target,0,,,0.37926598859441685,0.30831741238419647,0.34286969358531333,0.09221311475409837,0.0,0.12698924056376656,0.048162699863271145,0.07533168359392858,0.4232804232804233,0.16931216931216933,0.8656696271637411,80,5027.278245397951,0.024081349931635573,0.03766584179696429,121.06364663112694,455.6346476778474,0.03130575491112625,0.04896559433605358,153.38274062046506,269.6063004010931,0.04093829488378047,0.0640319310548393,183.8081992729158,157.65904763939355,0.057795239835925376,0.0903980203127143,130.5527519147047,79.10323744407073,digital_ads,183.8081992729158
tariff_15,MID,tariff_4,history,133,0.42906455714231295,0.1013719512195122,0.4045926804335097,0.0764204724490612,0.1683451472699398,0.10356055109210717,0.008677554832904189,0.11734947826876926,0.04747873996023526,0.03413523782464669,0.2116402116402117,0.08465608465608469,0.9918772337554802,80,5027.278245397951,0.02373936998011763,0.017067618912323345,119.34441826049854,2219.0455798282505,0.030861180974152913,0.022187904586020348,151.14774373864807,1313.0447217918643,0.04035692896619997,0.029014952150949687,180.8855110428475,767.835840771021,0.056974487952282306,0.040962285389576025,126.42660382519648,385.2509687201824,digital_ads,180.8855110428475
tariff_15,MID,tariff_3,unseen_target,0,,,0.35874291723993,0.3087542344922656,0.3432625486663305,0.09221311475409837,0.0,0.12698924056376656,0.04555649061792887,0.07391981583197609,0.3703703703703704,0.14814814814814817,0.8520111030441263,80,5027.278245397951,0.022778245308964436,0.03695990791598804,114.51257711009484,473.206102243901,0.02961171890165377,0.04804788029078446,144.8663502431233,280.0036107952077,0.03872301702523954,0.06283184345717967,172.6713810871612,163.73913572453327,0.05466778874151464,0.0887037789983713,114.83018506422758,82.15383719512172,digital_ads,172.6713810871612
tariff_15,MID,tariff_17,unseen_target,0,,,0.31769677453095646,0.3096300103221449,0.34405049526499965,0.09221311475409837,0.0,0.12698924056376656,0.040344072127244335,0.07126922857610388,0.2645502645502646,0.10582010582010584,0.822101018402237,80,5027.278245397951,0.020172036063622167,0.03563461428805194,101.41043806803063,509.05882748291555,0.026223646882708822,0.04632499857446752,127.83356948843985,301.2182411141511,0.03429246130815768,0.060578844289688294,150.39774471565207,176.14492300446904,0.0484128865526932,0.08552307429132465,83.3850513632735,88.37826866022839,digital_ads,150.39774471565207
tariff_15,MID,tariff_9,history,133,0.3591314183675034,0.1013719512195122,0.3630364302532855,0.07619395604447837,0.1682424409526559,0.09289177689459563,0.008267189591368478,0.10526017329073979,0.038213277559312406,0.02890470851922138,0.1587301587301588,0.06349206349206353,0.9845289758652433,80,5027.278245397951,0.019106638779656203,0.01445235425961069,96.05438947964248,3094.8164768401766,0.024838630413553067,0.018788060537493895,120.87070632353525,1831.2523531598677,0.03248128592541554,0.02456900224133817,141.2924621153922,1070.870753231895,0.04585593307117489,0.034685650223065655,70.53053475114194,537.2945272291972,digital_ads,141.2924621153922
tariff_15,MID,tariff_16,unseen_target,0,,,0.27665063182198285,0.3105086082551415,0.3448414067372782,0.09221311475409837,0.0,0.12698924056376656,0.0351316536365598,0.06887147995505023,0.1587301587301588,0.06349206349206353,0.7887971734044505,80,5027.278245397951,0.0175658268182799,0.034435739977525116,88.30829902596643,545.1214329547037,0.02283557486376387,0.044766461970782656,110.80078873375638,322.55706091994296,0.02986190559107582,0.05854075796179269,128.1241083441429,188.62333320231966,0.04215798436387175,0.08264577594606028,51.9399176623194,94.63913766574719,digital_ads,128.1241083441429
tariff_15,MID,tariff_2,unseen_target,0,,,0.1966106535394843,0.31222990100779485,0.3463921348462424,0.09221311475409837,0.0,0.12698924056376656,0.024967437579724933,0.06502644740788698,-0.0476190476190476,-0.019047619047619042,0.7148452041248351,80,5027.278245397951,0.012483718789862467,0.03251322370394349,62.75912789394121,611.4937649771192,0.016228834426821208,0.04226719081512654,77.58686626212358,361.8306301639758,0.02122232194276619,0.055272480296703924,84.69051741970004,211.5895380543666,0.02996092509566992,0.07803173688946437,-9.378093054541097,106.16211197519432,digital_ads,84.69051741970004
tariff_15,MID,tariff_11,history,23,0.48230285056635,0.01753048780487805,0.5565958680821629,0.14752080259023892,0.2103862809141039,0.02082946367714103,0.0040673160694272075,0.023602874543964005,0.01313726244603203,0.009504644257426252,1.0052910052910051,0.4021164021164021,0.9959225720278162,80,5027.278245397951,0.006568631223016015,0.004752322128713126,33.02233684951015,28622.024927017144,0.008539220589920819,0.006178018767327064,38.92903790436319,16936.109424270493,0.011166673079127226,0.008078947618812313,34.13797264416725,9903.81485363915,0.015764714935238434,0.011405573108911502,-80.74639156117566,4969.1015498293655,sms,38.92903790436319
tariff_15,MID,tariff_13,history,348,0.026208874213294663,0.2652439024390244,0.033344750550403576,0.04906774292930913,0.15782155554985752,0.26409251104585835,0.01255536562956141,0.29925602035814813,0.009978617349548944,0.05384393400113909,-0.05291005291005291,-0.021164021164021163,0.5836661306139641,80,5027.278245397951,0.004989308674774472,0.026921967000569546,25.082642960268984,891.8637706231649,0.006486101277206813,0.03499855710074041,28.607435848349674,527.730041788855,0.008481824747116602,0.045767343900968226,20.640493032457265,308.60338083846545,0.011974340819458733,0.0646127208013669,-99.80165689535444,154.83746017763283,sms,28.607435848349674
tariff_15,MID,tariff_12,history_sparse,4,2.3557600006482087,0.003048780487804878,1.1286547766568498,0.20342209038881323,0.252746012546498,0.003714917905498935,0.0017326312151964673,0.004209553477886372,0.004751132640408909,0.0038060484205948387,1.5343915343915342,0.6137566137566137,0.9999960071898646,80,5027.278245397951,0.0023755663202044545,0.0019030242102974194,11.942632882063917,178493.93776842396,0.0030882362162657907,0.0024739314733866454,11.525422746683091,105617.71465587214,0.004038462744347572,0.0032351411575056127,-1.6975241004913464,61762.60822436816,0.005701359168490691,0.0045672581047138065,-131.3376810830466,30988.530862573607,push,11.942632882063917
tariff_15,MID,tariff_21,history_sparse,8,0.25621817740313557,0.006097560975609756,0.341464160780428,0.18639730248311762,0.2392570884487706,0.0064540357469757646,0.0022806013406760665,0.007313380622723587,0.0024972573768061537,0.0026820385078903624,0.4761904761904762,0.1904761904761905,0.9232367313999612,80,5027.278245397951,0.0012486286884030768,0.0013410192539451812,6.277203841788564,359452.9653852535,0.0016232172949239999,0.0017433250301287357,4.160364994325134,212694.06235813815,0.0021226687702852304,0.002279732731706808,-11.328753468959441,124378.1887146206,0.0029967088521673842,0.003218446209468435,-144.93471077970744,62405.02871271761,push,6.277203841788564
tariff_15,MID,tariff_1,history,54,-0.43441144778009255,0.041158536585365856,-0.33485491594465067,0.11097652726720583,0.18658989684409197,0.041260929919928004,0.005664471930138106,0.04675475891086515,-0.015656060865110157,0.013233127845601982,-0.5767195767195766,-0.23068783068783066,0.03635843303064051,80,5027.278245397951,-0.007828030432555078,0.006616563922800991,-39.35368709789726,14765.463090390193,-0.010176439562321601,0.008601533099641288,-55.15979322726643,8736.960408514906,-0.013307651735343633,0.011248158668761684,-88.90126806642533,5109.156778681729,-0.01878727303813219,0.015879753414722378,-254.4488490349534,2563.4484531927415,push,-39.35368709789726
tariff_7,HIGH,tariff_12,history_sparse,6,0.34081278550645533,0.06976744186046512,0.02485573382247224,0.0986742076798935,0.17954553534202614,0.11172877857706302,0.03488297126261898,0.12660529260764494,0.0031468674535718353,0.027059253498510016,1.111111111111111,0.4444444444444444,0.5550524464177108,72,7214.411453395194,0.0015734337267859176,0.013529626749255008,11.351398299682609,3531.3475826997856,0.002045463844821693,0.017588514774031512,10.756817789587393,2089.554782662595,0.0026748373355360597,0.023000365473733513,-2.7026228905395655,1221.9195787888536,0.0037762409442862023,0.03247110419821202,-132.75664408076173,613.0811775520463,push,11.351398299682609
tariff_7,HIGH,tariff_11,history_sparse,8,-0.022816940589949583,0.09302325581395349,-0.07285273694506203,0.09195567749768681,0.17594273677551622,0.07204677308170776,0.028630468768834398,0.08163968946599381,-0.005947674820942599,0.017999403987163234,0.582010582010582,0.2328042328042328,0.3394111551076887,72,7214.411453395194,-0.0029738374104712993,0.008999701993581617,-21.45448667463925,7980.97296484271,-0.003865988633612689,0.011699612591656102,-31.89083267703102,4722.469209966101,-0.005055523597801209,0.015299493389088748,-58.47262734688672,2761.582340776025,-0.007137209785131119,0.02159928478459588,-211.4907680191342,1385.5855841740818,push,-21.45448667463925
tariff_7,HIGH,tariff_14,unseen_target,0,,,-0.13557038547867412,0.2597004191905647,0.29990716518241944,0.09221311475409837,0.0,0.12698924056376656,-0.017215980294873912,0.05492257160137011,0.24867724867724855,0.09947089947089943,0.32561966228000827,72,7214.411453395194,-0.008607990147436956,0.027461285800685055,-62.10158271038216,857.1767078587409,-0.011190387191668044,0.03569967154089057,-84.73205752349682,507.2051525791366,-0.014633583250642825,0.046684185861164594,-127.57269060764968,296.60093697534285,-0.020659176353848695,0.06590708592164413,-309.04379850491716,148.8154006699203,push,-62.10158271038216
tariff_7,HIGH,tariff_19,unseen_target,0,,,-0.14673065186406822,0.2393487056702478,0.28246734838919507,0.09221311475409837,0.0,0.12698924056376656,-0.018633214047644443,0.05245396181312356,0.16402116402116396,0.06560846560846559,0.3017197986755728,72,7214.411453395194,-0.009316607023822221,0.02622698090656178,-67.21383641944514,939.7568441900336,-0.01211158913096889,0.03409507517853032,-91.3779873452787,556.0691385739843,-0.015838231940497775,0.044585867541155025,-136.26352191305674,325.17537861246836,-0.02235985685717333,0.06294475417574827,-321.3132074066683,163.15222989410307,push,-67.21383641944514
tariff_7,HIGH,tariff_20,unseen_target,0,,,-0.15440333500402667,0.22561723543200618,0.27093013291987533,0.09221311475409837,0.0,0.12698924056376656,-0.019607562252674182,0.05088769587748434,0.10582010582010581,0.042328042328042326,0.2843724466801385,72,7214.411453395194,-0.009803781126337091,0.02544384793874217,-70.72851084442595,998.4964259023292,-0.01274491546423822,0.03307700232036482,-95.94706409775374,590.8262875161711,-0.016666427914773053,0.043254541495861686,-142.2384684355241,345.5004933918094,-0.023529074703209016,0.061065235052981205,-329.74842602662227,173.35007394137656,push,-70.72851084442595
tariff_7,HIGH,tariff_18,unseen_target,0,,,-0.16137850149489802,0.21335809025132002,0.26080965219042496,0.09221311475409837,0.0,0.12698924056376656,-0.020493333348155767,0.04956630586830286,0.05291005291005291,0.021164021164021163,0.2680373380774731,72,7214.411453395194,-0.010246666674077884,0.02478315293415143,-73.92366941259033,1052.443969004916,-0.01332066667630125,0.032218098814396856,-100.10077023636742,622.7479106537967,-0.0174193333459324,0.04213135998805743,-147.67023800140353,364.16746332350044,-0.02459200001778692,0.05947956704196343,-337.41680659021677,182.71596684113126,push,-73.92366941259033
tariff_7,HIGH,tariff_21,no_history_for_cell,0,,,-0.16137850149489802,0.11045316698496423,0.18627909731638811,0.09221311475409837,0.0,0.12698924056376656,-0.020493333348155767,0.03791745852021545,0.05291005291005291,0.021164021164021163,0.1931555938323879,72,7214.411453395194,-0.010246666674077884,0.018958729260107724,-73.92366941259033,1798.4304539847294,-0.01332066667630125,0.02464634803814004,-100.10077023636742,1064.1600319436266,-0.0174193333459324,0.03222983974218313,-147.67023800140353,622.2942747352005,-0.02459200001778692,0.045500950224258534,-337.41680659021677,312.22750937234895,push,-73.92366941259033
tariff_7,HIGH,tariff_1,history_sparse,6,-0.7715675113465105,0.06976744186046512,-0.4122942434627839,0.09559602982289092,0.1778724287738239,0.04504756318524323,0.022965963533695833,0.05104557653778848,-0.021045797360769135,0.0201739465957686,-1.0,-0.4,0.01022680662066866,72,7214.411453395194,-0.010522898680384567,0.0100869732978843,-75.9165207626836,6353.168225316697,-0.013679768284499938,0.01311306528724959,-102.69147699148868,3759.2711392406495,-0.017888927756653763,0.01714785460640331,-151.0580852965621,2198.3281056459164,-0.025254956832922962,0.024208735914922317,-342.19964983044065,1102.980594673038,push,-75.9165207626836
tariff_7,HIGH,tariff_5,unseen_target,0,,,-0.16835366798576934,0.20135257540262813,0.25108337185339663,0.09221311475409837,0.0,0.12698924056376656,-0.02137910444363735,0.04835080895192587,0.0,0.0,0.2512666761590585,72,7214.411453395194,-0.010689552221818674,0.024175404475962933,-77.11882798075469,1106.0241238294327,-0.013896417888364277,0.031428025818751815,-104.25447637498111,654.4521442777706,-0.018172238777091745,0.041098187609136985,-153.10200756728295,382.7073092835407,-0.025654925332364818,0.05802097074231104,-345.08518715381126,192.01807705372093,push,-77.11882798075469
tariff_7,HIGH,tariff_6,unseen_target,0,,,-0.16835366798576934,0.20135257540262813,0.25108337185339663,0.09221311475409837,0.0,0.12698924056376656,-0.02137910444363735,0.04835080895192587,0.0,0.0,0.2512666761590585,72,7214.411453395194,-0.010689552221818674,0.024175404475962933,-77.11882798075469,1106.0241238294327,-0.013896417888364277,0.031428025818751815,-104.25447637498111,654.4521442777706,-0.018172238777091745,0.041098187609136985,-153.10200756728295,382.7073092835407,-0.025654925332364818,0.05802097074231104,-345.08518715381126,192.01807705372093,push,-77.11882798075469
tariff_7,HIGH,tariff_13,history_sparse,5,-0.6357011166655234,0.05813953488372093,-0.31837599704414776,0.0997717865955296,0.18015107382545323,0.06127483898654578,0.026556355108985675,0.06943348900952322,-0.02210595629166083,0.022255198459149396,-0.4761904761904762,-0.1904761904761905,0.0385913208238291,72,7214.411453395194,-0.011052978145830415,0.011127599229574698,-79.74073212940573,5220.464489625899,-0.01436887158957954,0.014465878998447108,-107.66295176822744,3089.0322423821885,-0.018790062847911706,0.018916918690276986,-157.55924461998973,1806.3890967563666,-0.026527147549992997,0.026706238150979274,-351.3777571105737,906.3306405600521,push,-79.74073212940573
tariff_7,HIGH,tariff_3,unseen_target,0,,,-0.17532883447664066,0.18964886438026254,0.24179886633465264,0.09221311475409837,0.0,0.12698924056376656,-0.02226487553911893,0.047249378179461565,-0.05291005291005291,-0.021164021164021163,0.23419473777855127,72,7214.411453395194,-0.011132437769559465,0.023624689089730783,-80.31398654891906,1158.1902218519479,-0.014472169100427305,0.03071209581665002,-108.40818251359478,685.3196579005607,-0.018925144208251088,0.04016197145254233,-158.53377713316237,400.7578622325079,-0.026717850646942716,0.05669925381535387,-352.75356771740576,201.07469129374095,push,-80.31398654891906
tariff_7,HIGH,tariff_17,unseen_target,0,,,-0.18927916745838333,0.16739861893469177,0.2247716566234323,0.09221311475409837,0.0,0.12698924056376656,-0.024036417730082096,0.04542105956403987,-0.15873015873015872,-0.06349206349206349,0.1998672911863245,72,7214.411453395194,-0.012018208865041048,0.022710529782019935,-86.7043036852478,1253.3072926896577,-0.015623671524553365,0.029523688716625918,-116.71559479082215,741.6019483370754,-0.02043095507056978,0.03860790062943389,-169.39731626492124,433.6703434912311,-0.028843701276098515,0.05450527147684784,-368.0903288445947,217.58807164751008,push,-86.7043036852478
tariff_7,HIGH,tariff_9,no_history_for_cell,0,,,-0.203229500440126,0.11045316698496423,0.18627909731638811,0.09221311475409837,0.0,0.12698924056376656,-0.025807959921045263,0.040722651822335226,-0.26455026455026454,-0.10582010582010581,0.13763761615770997,72,7214.411453395194,-0.012903979960522631,0.020361325911167613,-93.09462082157654,1559.1933958106786,-0.016775173948679424,0.026469723684517898,-125.02300706804952,922.5996424915256,-0.021936765932888472,0.03461425404898494,-180.2608553966801,539.5132857476397,-0.030969551905254314,0.04886718218680227,-383.4270899717837,270.6932978837983,push,-93.09462082157654
tariff_7,HIGH,tariff_16,unseen_target,0,,,-0.203229500440126,0.1472701336226976,0.21021059025949954,0.09221311475409837,0.0,0.12698924056376656,-0.025807959921045263,0.044142104822414076,-0.26455026455026454,-0.10582010582010581,0.16682450763869938,72,7214.411453395194,-0.012903979960522631,0.022071052411207038,-93.09462082157654,1326.9849989696067,-0.016775173948679424,0.02869236813456915,-125.02300706804952,785.1982242423708,-0.021936765932888472,0.03752078909905197,-180.2608553966801,459.1643595050541,-0.030969551905254314,0.05297052578689689,-383.4270899717837,230.37934009889,push,-93.09462082157654
tariff_7,HIGH,tariff_15,unseen_target,0,,,-0.22415499991274,0.12331925301951549,0.19418454666963406,0.09221311475409837,0.0,0.12698924056376656,-0.02846527320749001,0.04335448986249718,-0.4232804232804233,-0.16931216931216933,0.12418039082723675,72,7214.411453395194,-0.014232636603745005,0.02167724493124859,-102.68009652606965,1375.6372523593434,-0.01850242758486851,0.02818041841062317,-137.48412548389055,813.9865398575995,-0.024195482226366506,0.036851316383122605,-196.55616409431838,475.99904925928826,-0.034158327848988014,0.05202538783499661,-406.4322316625671,238.82591186794156,push,-102.68009652606965
tariff_7,HIGH,tariff_2,unseen_target,0,,,-0.23043264975452418,0.11819487198245548,0.19097127470629985,0.09221311475409837,0.0,0.12698924056376656,-0.029262467193423437,0.04339375523640088,-0.47089947089947093,-0.1883597883597884,0.11378634485184091,72,7214.411453395194,-0.014631233596711719,0.02169687761820044,-105.55573923741758,1373.1488540749897,-0.019020603675725237,0.028205940903660572,-141.22246100864288,812.514114837272,-0.02487309711440992,0.03688469195094075,-201.44475670360987,475.1380117906539,-0.03511496063210812,0.05207250628368105,-413.33377416980215,238.39389827690803,push,-105.55573923741758
tariff_7,HIGH,tariff_4,history_sparse,15,-0.3498593181816064,0.1744186046511628,-0.2529201111431492,0.08795223386291208,0.17388385618416788,0.16813547013582664,0.04141084794055643,0.19052244789007552,-0.048186958695622756,0.048322729728293955,-0.21164021164021163,-0.08465608465608465,0.07289905332029745,72,7214.411453395194,-0.024093479347811378,0.024161364864146977,-173.820273358991,1107.3098674924825,-0.03132152315215479,0.03140977432339107,-229.96635536668828,655.212939344664,-0.04095891489127934,0.04107432026904986,-317.49446471028466,383.15220328459594,-0.057824350434747304,0.057987275673952746,-577.1686560615783,192.24129643966708,push,-173.820273358991
tariff_7,HIGH,tariff_10,history,26,-0.11150474631132717,0.3023255813953488,-0.1664294327416128,0.07926144050736991,0.16965369418702128,0.3272256933044945,0.05195370758427528,0.3707952881717077,-0.06171124947368016,0.0800888790715042,0.26455026455026454,0.10582010582010581,0.1632975934245764,72,7214.411453395194,-0.03085562473684008,0.0400444395357521,-222.60517250312316,403.1137929478823,-0.0401123121578921,0.05205777139647773,-293.3867242540601,238.52887156679424,-0.052454562052628134,0.06807554721077856,-400.42879325530936,139.48574150445756,-0.0740534993684162,0.09610665488580503,-694.2524140074955,69.98503349789624,push,-222.60517250312316
tariff_7,HIGH,tariff_8,history,20,-0.3748212209108549,0.23255813953488372,-0.2626703719847449,0.07926484246787868,0.16965528359428605,0.21447492925707154,0.04544922066178645,0.24303193430926762,-0.06383728858918741,0.0606083028924945,0.0,0.0,0.060779938663315325,72,7214.411453395194,-0.03191864429459371,0.03030415144624725,-230.274232975764,703.8949380121635,-0.04149423758297182,0.039395396880121426,-303.35650286849324,416.50588048057,-0.05426169530080931,0.05151705745862032,-413.46619605879886,243.56226228794588,-0.07660474630702489,0.07272996347099339,-712.6581591418336,122.2039822937784,push,-230.274232975764
tariff_9,MID,tariff_8,history,71,0.40625687098409957,0.30472103004291845,0.38065729165978796,0.0993538133795904,0.17991992728173964,0.3091599736327877,0.029652055989085147,0.3503241458721742,0.1333534405707303,0.10202470563341438,0.26455026455026454,0.10582010582010581,0.9828150006171208,67,4198.080593853333,0.06667672028536516,0.05101235281670719,279.91424549177833,248.40560330212838,0.0866797363709747,0.06631605866171936,359.8885191393118,146.9855640840996,0.11335042448512075,0.08672099978840223,453.8542173360231,85.95349595229357,0.1600241286848764,0.12242964676009725,511.79418918026806,43.1259727955084,call,511.79418918026806
tariff_9,MID,tariff_4,history,37,0.4522546347976317,0.15879828326180256,0.3636259939686829,0.12672645301363542,0.19636596928545727,0.1560146111501133,0.023282227856110175,0.17678771528057333,0.06428460869035099,0.053607799364747744,0.05291005291005291,0.021164021164021163,0.9679710772508039,67,4198.080593853333,0.032142304345175496,0.026803899682373872,134.93598411320892,899.738138191455,0.041784995648728146,0.03484506958708603,171.4167793471716,532.3894308825179,0.054641917386798335,0.04556662946003558,207.39117299245513,311.32807549877344,0.07714153042842117,0.0643293592376973,163.84636187170133,156.20453788046095,digital_ads,207.39117299245513
tariff_9,MID,tariff_14,unseen_target,0,,,0.4141552098970443,0.30757645637109055,0.34220356005424224,0.09221311475409837,0.0,0.12698924056376656,0.05259325558035299,0.07785306259504138,0.513227513227513,0.20529100529100522,0.8869103897268011,67,4198.080593853333,0.026296627790176497,0.03892653129752069,110.3953628097242,426.5998374840463,0.03418561612722945,0.050604490686776894,139.5139716526415,252.42593933967245,0.04470426724330004,0.06617510320578517,165.67211677653114,147.6124005135109,0.0631119066964236,0.09342367511404966,104.94887074333809,74.06247178542472,digital_ads,165.67211677653114
tariff_9,MID,tariff_19,unseen_target,0,,,0.3813182957298654,0.3082737694247716,0.3428304492243319,0.09221311475409837,0.0,0.12698924056376656,0.04842332078780536,0.07547586424940297,0.4285714285714285,0.1714285714285714,0.8669878774232541,67,4198.080593853333,0.02421166039390268,0.03773793212470149,101.64250164461019,453.89552336682254,0.03147515851207349,0.04905931176211194,128.13525213799326,268.5772327614334,0.041159822669634555,0.06415448461199252,150.7922527958373,157.0572745213919,0.05810798494536643,0.09057103709928356,83.94200394706445,78.80130614007338,digital_ads,150.7922527958373
tariff_9,MID,tariff_20,unseen_target,0,,,0.35874291723993,0.3087542344922656,0.3432625486663305,0.09221311475409837,0.0,0.12698924056376656,0.04555649061792887,0.07391981583197609,0.37037037037037035,0.14814814814814814,0.8520111030441263,67,4198.080593853333,0.022778245308964436,0.03695990791598804,95.62490959359432,473.206102243901,0.02961171890165377,0.04804788029078446,120.31238247167263,280.0036107952077,0.03872301702523954,0.06283184345717967,140.56234630911032,163.73913572453327,0.05466778874151464,0.0887037789983713,69.49978302462634,82.15383719512172,digital_ads,140.56234630911032
tariff_9,MID,tariff_18,unseen_target,0,,,0.3382198458854432,0.30919176814371996,0.34365615008004713,0.09221311475409837,0.0,0.12698924056376656,0.0429502813725866,0.07256458710839826,0.31746031746031744,0.12698412698412698,0.8374867315701732,67,4198.080593853333,0.0214751406862933,0.03628229355419913,90.15437136539805,491.0465135437438,0.02791768289218129,0.047166981620458875,113.20068277501747,290.5600671856471,0.036507739166698604,0.06167989904213852,131.26243132117665,169.9122884234408,0.05154033764710392,0.08707750453007791,56.370491276955306,85.25113082356663,digital_ads,131.26243132117665
tariff_9,MID,tariff_21,no_history_for_cell,0,,,0.3382198458854432,0.22578534174760773,0.27107013953603226,0.09221311475409837,0.0,0.12698924056376656,0.0429502813725866,0.0624578469113396,0.31746031746031744,0.12698412698412698,0.8939333356268782,67,4198.080593853333,0.0214751406862933,0.0312289234556698,90.15437136539805,662.8237646988146,0.02791768289218129,0.04059760049237074,113.20068277501747,392.2034110643873,0.036507739166698604,0.05308916987463866,131.26243132117665,229.35078363280778,0.05154033764710392,0.07494941629360752,56.370491276955306,115.07357026021084,digital_ads,131.26243132117665
tariff_9,MID,tariff_5,unseen_target,0,,,0.3176967745309564,0.3096300103221449,0.34405049526499965,0.09221311475409837,0.0,0.12698924056376656,0.04034407212724433,0.07126922857610388,0.26455026455026454,0.10582010582010581,0.822101018402237,67,4198.080593853333,0.020172036063622164,0.03563461428805194,84.68383313720179,509.05882748291555,0.026223646882708816,0.04632499857446752,106.08898307836233,301.2182411141511,0.034292461308157676,0.060578844289688294,121.96251633324303,176.14492300446904,0.04841288655269319,0.08552307429132465,43.24119952928427,88.37826866022839,digital_ads,121.96251633324303
tariff_9,MID,tariff_6,unseen_target,0,,,0.3176967745309564,0.3096300103221449,0.34405049526499965,0.09221311475409837,0.0,0.12698924056376656,0.04034407212724433,0.07126922857610388,0.26455026455026454,0.10582010582010581,0.822101018402237,67,4198.080593853333,0.020172036063622164,0.03563461428805194,84.68383313720179,509.05882748291555,0.026223646882708816,0.04632499857446752,106.08898307836233,301.2182411141511,0.034292461308157676,0.060578844289688294,121.96251633324303,176.14492300446904,0.04841288655269319,0.08552307429132465,43.24119952928427,88.37826866022839,digital_ads,121.96251633324303
tariff_9,MID,tariff_7,unseen_target,0,,,0.3176967745309564,0.3096300103221449,0.34405049526499965,0.09221311475409837,0.0,0.12698924056376656,0.04034407212724433,0.07126922857610388,0.26455026455026454,0.10582010582010581,0.822101018402237,67,4198.080593853333,0.020172036063622164,0.03563461428805194,84.68383313720179,509.05882748291555,0.026223646882708816,0.04632499857446752,106.08898307836233,301.2182411141511,0.034292461308157676,0.060578844289688294,121.96251633324303,176.14492300446904,0.04841288655269319,0.08552307429132465,43.24119952928427,88.37826866022839,digital_ads,121.96251633324303
tariff_9,MID,tariff_3,unseen_target,0,,,0.29717370317646963,0.3100689580233079,0.34444558166662537,0.09221311475409837,0.0,0.12698924056376656,0.03773786288190206,0.0700370622705945,0.21164021164021163,0.08465608465608465,0.8058651488511415,67,4198.080593853333,0.01886893144095103,0.03501853113529725,79.21329490900553,527.1281951912845,0.024529610873236345,0.04552409047588643,98.97728338170721,311.910174669399,0.03207718344961675,0.05953150293000532,112.66260134530938,182.39729937414688,0.04528543545828247,0.0840444747247134,30.11190778161327,91.51531166515358,digital_ads,112.66260134530938
tariff_9,MID,tariff_13,history,49,0.1755647377721083,0.21030042918454936,0.1542936468068621,0.11493967714511054,0.18897388545040356,0.20691546762422425,0.025991458653642198,0.23446594205398869,0.03617660525151633,0.05439484110481215,-0.2116402116402117,-0.08465608465608469,0.7928875474898074,67,4198.080593853333,0.018088302625758165,0.027197420552406076,75.93615222894164,873.8897871212242,0.023514793413485613,0.0353566467181279,94.71699789762413,517.0945485924402,0.030750114463788877,0.04623561493909033,107.09145878920077,302.3840093845066,0.04341192630181959,0.06527380932577458,22.246765349459906,151.7169769307681,digital_ads,107.09145878920077
tariff_9,MID,tariff_17,unseen_target,0,,,0.256127560467496,0.3109489580377246,0.34523796793624334,0.09221311475409837,0.0,0.12698924056376656,0.03252544439121752,0.06777591696867115,0.10582010582010581,0.042328042328042326,0.7709220986804697,67,4198.080593853333,0.01626272219560876,0.033887958484335574,68.272218452613,562.887085657573,0.02114153885429139,0.044054346029636246,84.75388398839691,333.06928145418516,0.027646627732534887,0.05760952942337048,94.06277136944209,194.77061787459272,0.03903053326946102,0.08133110036240537,3.853324286271203,97.72345237110645,digital_ads,94.06277136944209
tariff_9,MID,tariff_16,unseen_target,0,,,0.2150814177585224,0.31183174439607664,0.3460332885909968,0.09221311475409837,0.0,0.12698924056376656,0.027313025900532976,0.06580861486583307,0.0,0.0,0.7328853039696931,67,4198.080593853333,0.013656512950266488,0.03290430743291654,57.331141996220474,597.0443447395868,0.017753466835346437,0.0427755996627915,70.53048459508662,353.2806773607022,0.02321607201545303,0.05593732263595811,75.4629413935748,206.5897386642169,0.03277563108063957,0.07897033783899969,-22.405259209070863,103.65353207284492,digital_ads,75.4629413935748
tariff_9,MID,tariff_11,history_sparse,11,0.11150425250839474,0.04721030042918455,0.401161320465551,0.17621635087852625,0.23141348775934362,0.047933496045490125,0.01370653345260491,0.054315766894031975,0.021789384769308924,0.020103393508821395,0.8465608465608465,0.3386243386243386,0.9584988985143085,67,4198.080593853333,0.010894692384654462,0.010051696754410698,45.73679667601959,6397.839506710206,0.014163100100050802,0.013067205780733908,55.457835678825475,3785.703850124381,0.018520977053912587,0.017087884482498185,55.75255434923331,2213.785296439518,0.02614726172317071,0.024124072210585674,-50.23168797755298,1110.7360254705218,digital_ads,55.75255434923331
tariff_9,MID,tariff_15,unseen_target,0,,,0.15351220369506197,0.3131610967625215,0.3472317274177366,0.09221311475409837,0.0,0.12698924056376656,0.01949439816450616,0.06346730197743004,-0.1587301587301588,-0.06349206349206353,0.6707926791477278,67,4198.080593853333,0.00974719908225308,0.03173365098871502,40.91952731163167,641.9068578297275,0.012671358806929005,0.04125374628532953,49.19538550512118,379.8265430945132,0.016570238439830232,0.05394720668081553,47.563196429773825,222.11309959506147,0.02339327779740739,0.07616076237291605,-61.79313445208399,111.44216281766101,sms,49.19538550512118
tariff_9,MID,tariff_10,history_sparse,11,0.13375922132174412,0.04721030042918455,0.31857692629994494,0.17606846993267317,0.23130089948902627,0.053049743526544006,0.014380687931407765,0.060113234812695225,0.01915068957657529,0.020130831133970618,0.5291005291005291,0.21164021164021163,0.915794382547686,67,4198.080593853333,0.009575344788287645,0.010065415566985309,40.198069135165014,6380.411324785958,0.012447948224773941,0.013085040237080903,48.25748987571453,3775.3913164413943,0.016278086140088997,0.017111206463875026,46.33671752978053,2207.754783662961,0.022980827491890347,0.02415699736076474,-63.52463407560397,1107.7102994420065,sms,48.25748987571453
tariff_9,MID,tariff_12,history_sparse,10,-0.3075211594134978,0.04291845493562232,0.3565371817763235,0.17947613026619438,0.23390528282902884,0.04385954559933029,0.013139152261238678,0.04969937624809504,0.017719675543536956,0.017732941506878916,1.3756613756613756,0.5502645502645502,0.9362806293698956,67,4198.080593853333,0.008859837771768478,0.008866470753439458,37.19431301435,8222.625784634105,0.011517789103299023,0.011526411979471296,44.35260691865501,4865.459044162193,0.015061724212006413,0.015073000280847078,41.230332124395005,2845.199233437407,0.021263610652244348,0.021279529808254698,-70.73364876555999,1427.539198721199,sms,44.35260691865501
tariff_9,MID,tariff_2,unseen_target,0,,,0.13504143947602387,0.3135611028263834,0.34759252754582887,0.09221311475409837,0.0,0.12698924056376656,0.01714880984369812,0.06291830392928334,-0.2063492063492064,-0.08253968253968257,0.6511788275396924,67,4198.080593853333,0.00857440492184906,0.03145915196464167,35.99604290625504,653.1577358670197,0.011146726398403778,0.040896897554034174,42.794855778131556,386.4838673769347,0.0145764883671434,0.053480558339890835,39.19327294063356,226.00613697820756,0.020578571812437742,0.07550196471514001,-73.6094970249879,113.39544025469093,sms,42.794855778131556
tariff_9,MID,tariff_1,history,44,-0.3635151093779394,0.1888412017167382,-0.29153103876057246,0.11872439464934124,0.1912994560495469,0.1827211949785993,0.024794423574686066,0.20705023943252174,-0.060361571377388304,0.05632512805766008,-0.7354497354497355,-0.2941798941798942,0.06376044897618244,67,4198.080593853333,-0.030180785688694152,0.02816256402883004,-126.70137070695333,815.018962423851,-0.0392350213953024,0.03661133323747905,-168.7117819190393,482.2597410792019,-0.05130733567078006,0.047876358849011064,-237.39233020182064,282.01348180756105,-0.07243388565286596,0.06759015366919209,-464.0832896966879,141.4963476430297,push,-126.70137070695333
tariff_3,LOW,tariff_9,history,31,1.0874978961765192,0.3069306930693069,1.0335012370384755,0.264471195107077,0.3040477150734167,0.2861189827456205,0.05304686240856004,0.3242152826912538,0.3350768957281899,0.2230497564496049,-0.21164021164021163,-0.08465608465608465,0.9996620114538943,56,2866.865129206814,0.16753844786409494,0.11152487822480245,480.3101339830076,51.971898557449464,0.21779998222332342,0.1449823416922432,620.4031741779098,30.752602696715652,0.28481536136896135,0.18959229298216415,794.5272277711127,17.98335590223165,0.4020922748738278,0.26765970773952585,992.7443215592182,9.022899055112754,call,992.7443215592182
tariff_3,LOW,tariff_8,history,27,0.5956913310990214,0.26732673267326734,0.6824310353426375,0.27995379107449475,0.3176068719926914,0.26238007879749903,0.051636309620470146,0.297315580404938,0.20289737935923902,0.16010260473394256,0.05291005291005291,0.021164021164021163,0.9841695506583809,56,2866.865129206814,0.10144868967961951,0.08005130236697128,290.83971084622436,100.8730828191951,0.13188329658350537,0.10406669307706266,374.0916241000917,59.68821468591426,0.17246277245535316,0.13608721402385116,472.42750843858136,34.9041809062959,0.2434768552310868,0.19212312568073106,538.0153060309384,17.5126879894436,call,538.0153060309384
tariff_3,LOW,tariff_14,unseen_target,0,,,1.1064175015018005,1.171223615169402,1.180789886783624,0.09221311475409837,0.0,0.12698924056376656,0.1405031182621737,0.2456390864112781,0.30158730158730146,0.1206349206349206,0.8256245061229617,56,2866.865129206814,0.07025155913108685,0.12281954320563905,201.40174514532345,42.85259652991955,0.09132702687041291,0.15966540616733077,257.8222686889205,25.356565994035236,0.11942765052284764,0.20879322344958637,320.3829667470498,14.827888072636526,0.16860374191460845,0.2947669036935337,323.3641883487762,7.439686897555479,call,323.3641883487762
tariff_3,LOW,tariff_19,unseen_target,0,,,1.0803585857901696,1.1777991323443457,1.187312425670301,0.09221311475409837,0.0,0.12698924056376656,0.1371939163460385,0.24492268849724444,0.21693121693121686,0.08677248677248675,0.8185674857002634,56,2866.865129206814,0.06859695817301925,0.12246134424862222,196.65822735588725,43.10365051702514,0.08917604562492502,0.1591997475232089,251.65569556265342,25.5051186491273,0.1166148288941327,0.20818428522265778,312.31898650500824,14.91475796436856,0.16463269961524618,0.2939072261966933,311.9797456541293,7.4832726592057535,digital_ads,312.31898650500824
tariff_3,LOW,tariff_20,unseen_target,0,,,1.0624430812384233,1.182328463603243,1.1918056032115325,0.09221311475409837,0.0,0.12698924056376656,0.13491884002869553,0.2444566632688488,0.15873015873015872,0.06349206349206349,0.8136578924585842,56,2866.865129206814,0.06745942001434777,0.1222283316344244,193.39705887564983,43.26815031278511,0.0876972460186521,0.15889683112475173,247.41617653834479,25.60245580638172,0.11468101402439118,0.20778816377852147,306.77500008860466,14.971678308922186,0.16190260803443463,0.29334799592261857,304.15294130155957,7.511831651525192,digital_ads,306.77500008860466
tariff_3,LOW,tariff_18,unseen_target,0,,,1.0461562589186542,1.1864520843310131,1.1958965458656554,0.09221311475409837,0.0,0.12698924056376656,0.13285058883111103,0.24405186127103443,0.10582010582010581,0.042328042328042326,0.8091554369816812,56,2866.865129206814,0.06642529441555552,0.12202593063551721,190.4323602572522,43.411804693828174,0.08635288274022218,0.1586337098261724,243.56206833442792,25.687458398714885,0.11292300050644437,0.20744408208037926,301.73501243732875,15.021385707206978,0.15942070659733323,0.2928622335252413,297.0376646174053,7.536771648234057,digital_ads,301.73501243732875
tariff_3,LOW,tariff_5,unseen_target,0,,,1.0298694365988847,1.1905814021382737,1.1999933646139622,0.09221311475409837,0.0,0.12698924056376656,0.1307823376335265,0.2436651112012208,0.05291005291005291,0.021164021164021163,0.8046170633863767,56,2866.865129206814,0.06539116881676325,0.1218325556006104,187.46766163885457,43.549722204797796,0.08500851946179225,0.15838232228079352,239.707960130511,25.769066393371478,0.11116498698849753,0.2071153445210377,296.6950247860527,15.069108029341796,0.15693880516023181,0.292398133441465,289.92238793325095,7.560715660555172,digital_ads,296.6950247860527
tariff_3,LOW,tariff_6,unseen_target,0,,,1.0298694365988847,1.1905814021382737,1.1999933646139622,0.09221311475409837,0.0,0.12698924056376656,0.1307823376335265,0.2436651112012208,0.05291005291005291,0.021164021164021163,0.8046170633863767,56,2866.865129206814,0.06539116881676325,0.1218325556006104,187.46766163885457,43.549722204797796,0.08500851946179225,0.15838232228079352,239.707960130511,25.769066393371478,0.11116498698849753,0.2071153445210377,296.6950247860527,15.069108029341796,0.15693880516023181,0.292398133441465,289.92238793325095,7.560715660555172,digital_ads,296.6950247860527
tariff_3,LOW,tariff_7,unseen_target,0,,,1.0298694365988847,1.1905814021382737,1.1999933646139622,0.09221311475409837,0.0,0.12698924056376656,0.1307823376335265,0.2436651112012208,0.05291005291005291,0.021164021164021163,0.8046170633863767,56,2866.865129206814,0.06539116881676325,0.1218325556006104,187.46766163885457,43.549722204797796,0.08500851946179225,0.15838232228079352,239.707960130511,25.769066393371478,0.11116498698849753,0.2071153445210377,296.6950247860527,15.069108029341796,0.15693880516023181,0.292398133441465,289.92238793325095,7.560715660555172,digital_ads,296.6950247860527
tariff_3,LOW,tariff_17,unseen_target,0,,,0.981008969639577,1.203002950974241,1.2123184812798706,0.09221311475409837,0.0,0.12698924056376656,0.124577584040773,0.24261401570895713,-0.10582010582010581,-0.042328042328042326,0.7908001452365828,56,2866.865129206814,0.0622887920203865,0.12130700785447857,178.5735657836617,43.92788728049084,0.08097542962650246,0.15769911021082214,228.14563551876026,25.992832710349603,0.10589094643465705,0.20622191335261356,281.5750618322249,15.199960996709635,0.1494931008489276,0.29113681885074855,268.57655788078813,7.62636931952966,digital_ads,281.5750618322249
tariff_3,LOW,tariff_16,unseen_target,0,,,0.9484353250000384,1.2113114053352227,1.2205635258745005,0.09221311475409837,0.0,0.12698924056376656,0.12044108164560399,0.24200502753846356,-0.21164021164021163,-0.08465608465608465,0.7814345031653904,56,2866.865129206814,0.060220540822801996,0.12100251376923178,172.64416854686647,44.149248160220246,0.07828670306964261,0.15730326790000132,220.43741911092644,26.123815479420262,0.10237491939876339,0.205704273407694,271.49508652967296,15.276556456823617,0.1445292979747248,0.29040603304615625,254.3460045124795,7.664800027816016,digital_ads,271.49508652967296
tariff_3,LOW,tariff_15,unseen_target,0,,,0.8995748580407306,1.2238141025855922,1.2329724075125843,0.09221311475409837,0.0,0.12698924056376656,0.11423632805285049,0.24123054814548048,-0.3703703703703704,-0.14814814814814817,0.7671821899774406,56,2866.865129206814,0.05711816402642524,0.12061527407274024,163.75007269167358,44.43318874404093,0.07425361323435282,0.1567998562945623,208.8750944991757,26.29182765919582,0.09710087884492291,0.2050459659236584,256.3751235758451,15.374805793785791,0.13708359366342057,0.28947665777457654,233.00017446001658,7.714095268062663,digital_ads,256.3751235758451
tariff_3,LOW,tariff_2,unseen_target,0,,,0.8849167179529381,1.2275740879456938,1.2367045489508406,0.09221311475409837,0.0,0.12698924056376656,0.11237490197502442,0.24103094060082303,-0.417989417989418,-0.16719576719576723,0.7628635681268076,56,2866.865129206814,0.05618745098751221,0.12051547030041151,161.08184393511573,44.50681308585566,0.07304368628376588,0.15667011139053497,205.40639711565046,26.335392358494477,0.09551866667877075,0.20487629951069958,251.83913468969672,15.400281344586734,0.13484988237002932,0.2892371287209876,226.59642544427777,7.726877271849943,digital_ads,251.83913468969672
tariff_3,LOW,tariff_10,history_sparse,5,2.161063664596273,0.04950495049504951,1.5831642990771635,0.476510045775045,0.49956163155764427,0.059443564343401235,0.02775353448276831,0.06735838298050346,0.1066393871782999,0.0904640820893924,0.31746031746031744,0.12698412698412698,0.9992354597293923,56,2866.865129206814,0.05331969358914995,0.0452320410446962,152.8603702507261,315.95099473370374,0.06931560166589494,0.05880165335810506,194.71848132594394,186.9532513217181,0.09064347910155492,0.07689446977598353,237.86262942623438,109.32560371408432,0.12796726461395988,0.10855689850727088,206.86488860174262,54.852603252379105,digital_ads,237.86262942623438
tariff_3,LOW,tariff_13,history_sparse,6,0.9901687462689607,0.0594059405940594,0.8932858650269111,0.45755802820903124,0.48151775582893785,0.0704301086138808,0.030032649789941326,0.07980776862514759,0.07129115163218254,0.0697938543971321,-0.4232804232804233,-0.16931216931216933,0.9682123284999331,56,2866.865129206814,0.03564557581609127,0.03489692719856605,102.19105831764978,530.8083214212702,0.04633924856091865,0.04536600535813586,128.8483758129447,314.08776415459766,0.06059747888735516,0.05932477623756228,151.72479914000462,183.6706994537267,0.08554938195861904,0.08375262527655851,85.25853996235944,92.15422246897052,digital_ads,151.72479914000462
tariff_3,LOW,tariff_11,history_sparse,2,3.0,0.019801980198019802,1.6300501747872236,0.5531413468264431,0.5731189663315737,0.0256300938716231,0.018548571904266866,0.029042701222587262,0.047341060204171476,0.051824813636328904,0.6349206349206349,0.25396825396825395,0.997773665131577,56,2866.865129206814,0.023670530102085738,0.025912406818164452,67.8602173395098,962.7124555900459,0.030771689132711458,0.03368612886361379,84.21828254136274,569.6523405858259,0.040239901173545756,0.04405109159087957,93.36236947716668,333.1184967439605,0.056809272245005774,0.062189776363594684,2.8645216148235306,167.13757909549406,digital_ads,93.36236947716668
tariff_3,LOW,tariff_12,history_sparse,5,-0.09413677666188427,0.04950495049504951,0.7559844306906117,0.47647733757503735,0.49953043272917425,0.05110269225673114,0.02584669071885073,0.05790693667826498,0.04377674255775545,0.05022958459941783,1.164021164021164,0.4656084656084656,0.9349097057557071,56,2866.865129206814,0.021888371278877727,0.025114792299708914,62.75100835454651,1024.8325618764557,0.028454882662541044,0.03264922998962159,77.57631086091045,606.4097999268967,0.03721023117409213,0.042695146909505155,84.67671420272906,354.61334320984616,0.052532091069306536,0.06027550151930139,-9.397579949088396,177.922319770218,digital_ads,84.67671420272906
tariff_3,LOW,tariff_4,history_sparse,15,-0.07770137324511452,0.1485148514851485,0.2167229209574628,0.3490435330084805,0.37990971024052833,0.14583178448987705,0.04142583270383245,0.16524906100267897,0.03581325918597854,0.07724162259201635,-0.15873015873015872,-0.06349206349206349,0.7158167953969644,56,2866.865129206814,0.01790662959298927,0.038620811296008174,51.335891961763735,433.3804460410553,0.023278618470886053,0.050207054684810626,62.73665955029287,256.43813375210374,0.03044127030808176,0.06565537920321389,65.27101633499836,149.95863184811603,0.04297591102317425,0.09268994711041961,-36.793859291767006,75.23966077101656,digital_ads,65.27101633499836
tariff_3,LOW,tariff_1,history_sparse,8,-0.21564820843869825,0.07920792079207921,0.20893776961583144,0.42454845577729067,0.45026813267527843,0.07674086221841757,0.03124270247337057,0.08695878930981432,0.01816897548688561,0.04958656059396088,-0.9470899470899471,-0.37883597883597886,0.6786867530204878,56,2866.865129206814,0.009084487743442804,0.02479328029698044,26.044001128382874,1051.584356645638,0.011809834066475648,0.03223126438607458,29.85720146689774,622.2392642873597,0.015443629163852769,0.042148576504866746,22.274801918250887,363.87001960056693,0.02180277058426273,0.05950387271275306,-97.49439729188111,182.5667285843122,sms,29.85720146689774
tariff_3,LOW,tariff_21,history_sparse,2,-1.0,0.019801980198019802,0.5668321544220283,0.5534398874088373,0.573407105794048,0.022321832662949775,0.017339490456950032,0.025293950151638094,0.01433742425829641,0.025509656297076216,0.10582010582010581,0.042328042328042326,0.838554290926026,56,2866.865129206814,0.007168712129148205,0.012754828148538108,20.55173082437692,3973.4053702235824,0.009319325767892666,0.01658127659309954,22.717250071689996,2351.12743800212,0.012186810619551949,0.021683207852514784,12.937942401440772,1374.880750942416,0.01720490910995569,0.03061158755649146,-110.67584602149539,689.8273212193719,sms,22.717250071689996
tariff_6,HIGH,tariff_9,history_sparse,1,-0.1551881942168838,0.019230769230769232,-0.20059829895092,0.1073858405684939,0.18447687864499981,0.013504835003530488,0.014996103340024984,0.0153029828931733,-0.0030697523372455924,0.006359812229180476,-0.26455026455026454,-0.10582010582010581,0.13843226126156144,53,6446.519586736796,-0.0015348761686227962,0.003179906114590238,-9.894609284242385,63926.87896961368,-0.0019953390192096352,0.0041338779489673095,-16.8629920695151,37826.5556033217,-0.0026092894866587535,0.005405840394803405,-38.820835783212054,22120.02732512584,-0.0036837028046947102,0.007631774675016571,-183.74706228218173,11098.41648778015,push,-9.894609284242385
tariff_6,HIGH,tariff_11,history_sparse,11,0.0833415154330974,0.21153846153846154,-0.01901998353754589,0.0901423320905298,0.17500182866107244,0.1667628168484838,0.04843064298550263,0.1889670279409259,-0.003594149760575385,0.03908589437250102,0.582010582010582,0.2328042328042328,0.4567263742550301,53,6446.519586736796,-0.0017970748802876924,0.01954294718625051,-11.584878414607292,1692.512873812078,-0.002336197344374,0.025405831342125665,-19.06034193898948,1001.4869075811108,-0.0030550272964890773,0.03322301021662587,-41.6942933048324,585.6445930145597,-0.004312979712690462,0.04690307324700122,-187.8037081950575,293.83904059237466,push,-11.584878414607292
tariff_6,HIGH,tariff_12,history_sparse,8,-0.2593576358541029,0.15384615384615385,-0.0785404589016292,0.09541563088313901,0.17777553998463183,0.14456505069204825,0.04568897909483195,0.1638136635592218,-0.012866000310298373,0.035580786692653625,1.111111111111111,0.4444444444444444,0.329318546051645,53,6446.519586736796,-0.006433000155149186,0.017790393346326813,-41.47046150165008,2042.400916025289,-0.008362900201693942,0.023127511350224856,-57.911599952145096,1208.5212520859698,-0.010936100263753615,0.03024366868875558,-92.49978455280511,706.713119731934,-0.015439200372358046,0.04269694403118435,-259.52910760396014,354.5834923655017,push,-41.47046150165008
tariff_6,HIGH,tariff_14,unseen_target,0,,,-0.13557038547867412,0.2597004191905647,0.29990716518241944,0.09221311475409837,0.0,0.12698924056376656,-0.017215980294873912,0.05492257160137011,0.24867724867724855,0.09947089947089943,0.32561966228000827,53,6446.519586736796,-0.008607990147436956,0.027461285800685055,-55.491577087889695,857.1767078587409,-0.011190387191668044,0.03569967154089057,-76.13905021425661,507.2051525791366,-0.014633583250642825,0.046684185861164594,-116.33568104941247,296.60093697534285,-0.020659176353848695,0.06590708592164413,-293.17978501093523,148.8154006699203,push,-55.491577087889695
tariff_6,HIGH,tariff_19,unseen_target,0,,,-0.14673065186406822,0.2393487056702478,0.28246734838919507,0.09221311475409837,0.0,0.12698924056376656,-0.018633214047644443,0.05245396181312356,0.16402116402116396,0.06560846560846559,0.3017197986755728,53,6446.519586736796,-0.009316607023822221,0.02622698090656178,-60.05968966099955,939.7568441900336,-0.01211158913096889,0.03409507517853032,-82.07759655929944,556.0691385739843,-0.015838231940497775,0.044585867541155025,-124.10147242369924,325.17537861246836,-0.02235985685717333,0.06294475417574827,-304.14325518639896,163.15222989410307,push,-60.05968966099955
tariff_6,HIGH,tariff_20,unseen_target,0,,,-0.15440333500402667,0.22561723543200618,0.27093013291987533,0.09221311475409837,0.0,0.12698924056376656,-0.019607562252674182,0.05088769587748434,0.10582010582010581,0.042328042328042326,0.2843724466801385,53,6446.519586736796,-0.009803781126337091,0.02544384793874217,-63.20026705501258,998.4964259023292,-0.01274491546423822,0.03307700232036482,-86.16034717151636,590.8262875161711,-0.016666427914773053,0.043254541495861686,-129.44045399352137,345.5004933918094,-0.023529074703209016,0.061065235052981205,-311.6806409320302,173.35007394137656,push,-63.20026705501258
tariff_6,HIGH,tariff_18,unseen_target,0,,,-0.16137850149489802,0.21335809025132002,0.26080965219042496,0.09221311475409837,0.0,0.12698924056376656,-0.020493333348155767,0.04956630586830286,0.05291005291005291,0.021164021164021163,0.2680373380774731,53,6446.519586736796,-0.010246666674077884,0.02478315293415143,-66.05533741320626,1052.443969004916,-0.01332066667630125,0.032218098814396856,-89.87193863716814,622.7479106537967,-0.0174193333459324,0.04213135998805743,-134.29407360245062,364.16746332350044,-0.02459200001778692,0.05947956704196343,-318.532809791695,182.71596684113126,push,-66.05533741320626
tariff_6,HIGH,tariff_21,no_history_for_cell,0,,,-0.16137850149489802,0.11045316698496423,0.18627909731638811,0.09221311475409837,0.0,0.12698924056376656,-0.020493333348155767,0.03791745852021545,0.05291005291005291,0.021164021164021163,0.1931555938323879,53,6446.519586736796,-0.010246666674077884,0.018958729260107724,-66.05533741320626,1798.4304539847294,-0.01332066667630125,0.02464634803814004,-89.87193863716814,1064.1600319436266,-0.0174193333459324,0.03222983974218313,-134.29407360245062,622.2942747352005,-0.02459200001778692,0.045500950224258534,-318.532809791695,312.22750937234895,push,-66.05533741320626
tariff_6,HIGH,tariff_5,unseen_target,0,,,-0.16835366798576934,0.20135257540262813,0.25108337185339663,0.09221311475409837,0.0,0.12698924056376656,-0.02137910444363735,0.04835080895192587,0.0,0.0,0.2512666761590585,53,6446.519586736796,-0.010689552221818674,0.024175404475962933,-68.91040777139992,1106.0241238294327,-0.013896417888364277,0.031428025818751815,-93.58353010281989,654.4521442777706,-0.018172238777091745,0.041098187609136985,-139.14769321137985,382.7073092835407,-0.025654925332364818,0.05802097074231104,-325.3849786513598,192.01807705372093,push,-68.91040777139992
tariff_6,HIGH,tariff_7,unseen_target,0,,,-0.16835366798576934,0.20135257540262813,0.25108337185339663,0.09221311475409837,0.0,0.12698924056376656,-0.02137910444363735,0.04835080895192587,0.0,0.0,0.2512666761590585,53,6446.519586736796,-0.010689552221818674,0.024175404475962933,-68.91040777139992,1106.0241238294327,-0.013896417888364277,0.031428025818751815,-93.58353010281989,654.4521442777706,-0.018172238777091745,0.041098187609136985,-139.14769321137985,382.7073092835407,-0.025654925332364818,0.05802097074231104,-325.3849786513598,192.01807705372093,push,-68.91040777139992
tariff_6,HIGH,tariff_3,unseen_target,0,,,-0.17532883447664066,0.18964886438026254,0.24179886633465264,0.09221311475409837,0.0,0.12698924056376656,-0.02226487553911893,0.047249378179461565,-0.05291005291005291,-0.021164021164021163,0.23419473777855127,53,6446.519586736796,-0.011132437769559465,0.023624689089730783,-71.76547812959357,1158.1902218519479,-0.014472169100427305,0.03071209581665002,-97.29512156847166,685.3196579005607,-0.018925144208251088,0.04016197145254233,-144.00131282030907,400.7578622325079,-0.026717850646942716,0.05669925381535387,-332.23714751102455,201.07469129374095,push,-71.76547812959357
tariff_6,HIGH,tariff_1,history_sparse,4,-0.6764484634896484,0.07692307692307693,-0.2905456634848864,0.10365731927808805,0.1823316753609188,0.07279550337860202,0.033754085340519456,0.08248811204368381,-0.023966563243347762,0.02597346511145518,-1.0,-0.4,0.05552394884564271,53,6446.519586736796,-0.011983281621673881,0.01298673255572759,-77.25045968750375,3832.765985646675,-0.015578266108176047,0.016882752322445866,-104.42559759375487,2267.9088672465537,-0.020371578756845598,0.022077445344736903,-153.32578146875636,1326.2166040299912,-0.028759875892017315,0.031168158133746213,-345.401103250009,665.4107613969923,push,-77.25045968750375
tariff_6,HIGH,tariff_17,unseen_target,0,,,-0.18927916745838333,0.16739861893469177,0.2247716566234323,0.09221311475409837,0.0,0.12698924056376656,-0.024036417730082096,0.04542105956403987,-0.15873015873015872,-0.06349206349206349,0.1998672911863245,53,6446.519586736796,-0.012018208865041048,0.022710529782019935,-77.47561884598092,1253.3072926896577,-0.015623671524553365,0.029523688716625918,-104.7183044997752,741.6019483370754,-0.02043095507056978,0.03860790062943389,-153.70855203816754,433.6703434912311,-0.028843701276098515,0.05450527147684784,-345.94148523035415,217.58807164751008,push,-77.47561884598092
tariff_6,HIGH,tariff_16,unseen_target,0,,,-0.203229500440126,0.1472701336226976,0.21021059025949954,0.09221311475409837,0.0,0.12698924056376656,-0.025807959921045263,0.044142104822414076,-0.26455026455026454,-0.10582010582010581,0.16682450763869938,53,6446.519586736796,-0.012903979960522631,0.022071052411207038,-83.18575956236825,1326.9849989696067,-0.016775173948679424,0.02869236813456915,-112.14148743107874,785.1982242423708,-0.021936765932888472,0.03752078909905197,-163.415791256026,459.1643595050541,-0.030969551905254314,0.05297052578689689,-359.64582294968375,230.37934009889,push,-83.18575956236825
tariff_6,HIGH,tariff_15,unseen_target,0,,,-0.22415499991274,0.12331925301951549,0.19418454666963406,0.09221311475409837,0.0,0.12698924056376656,-0.02846527320749001,0.04335448986249718,-0.4232804232804233,-0.16931216931216933,0.12418039082723675,53,6446.519586736796,-0.014232636603745005,0.02167724493124859,-91.75097063694925,1375.6372523593434,-0.01850242758486851,0.02818041841062317,-123.27626182803404,813.9865398575995,-0.024195482226366506,0.036851316383122605,-177.9766500828137,475.99904925928826,-0.034158327848988014,0.05202538783499661,-380.2023295286782,238.82591186794156,push,-91.75097063694925
tariff_6,HIGH,tariff_2,unseen_target,0,,,-0.23043264975452418,0.11819487198245548,0.19097127470629985,0.09221311475409837,0.0,0.12698924056376656,-0.029262467193423437,0.04339375523640088,-0.47089947089947093,-0.1883597883597884,0.11378634485184091,53,6446.519586736796,-0.014631233596711719,0.02169687761820044,-94.32053395932355,1373.1488540749897,-0.019020603675725237,0.028205940903660572,-126.61669414712063,812.514114837272,-0.02487309711440992,0.03688469195094075,-182.34490773085003,475.1380117906539,-0.03511496063210812,0.05207250628368105,-386.3692815023765,238.39389827690803,push,-94.32053395932355
tariff_6,HIGH,tariff_13,history_sparse,6,-0.48046384531034175,0.11538461538461539,-0.3144890829168048,0.09707153570669463,0.17866975973694063,0.0870981137336657,0.036635551175964835,0.09869509284234179,-0.031038529236376972,0.031022521994760747,-0.4761904761904762,-0.1904761904761905,0.03918952575502349,53,6446.519586736796,-0.015519264618188486,0.015511260997380373,-100.04524333290341,2686.6920271057866,-0.020175044003645032,0.020164639296594487,-134.05881633277443,1589.7585959205837,-0.026382749850920425,0.026369143695546635,-192.0769136659358,929.6512204518291,-0.037246235083652365,0.03722702639371289,-400.1085839989682,466.43958803919907,push,-100.04524333290341
tariff_6,HIGH,tariff_8,history_sparse,3,-0.5985679098860558,0.057692307692307696,-0.2352270540651973,0.1021261035261483,0.181465536732002,0.16549160418303302,0.0482824879575046,0.1875265552755514,-0.04411131915646234,0.04877306112448946,0.0,0.0,0.09744245223412007,53,6446.519586736796,-0.02205565957823117,0.02438653056224473,-142.18224146946625,1086.9562423462362,-0.028672357451700523,0.03170248973091815,-188.83691391030615,643.1693741693705,-0.03749462128299299,0.04145710195581604,-263.7098104980926,376.10942641738285,-0.05293358298775481,0.05852767334938735,-501.237379526719,188.7076809628883,push,-142.18224146946625
tariff_6,HIGH,tariff_10,history_sparse,9,-0.48116648081342067,0.17307692307692307,-0.20831525152645414,0.0953868332210956,0.1777600853733737,0.1994718420683323,0.05191769564267772,0.22603120927012102,-0.04708574821193385,0.05509884120697003,0.26455026455026454,0.10582010582010581,0.12062062806630586,53,6446.519586736796,-0.023542874105966925,0.027549420603485014,-151.7695990521943,851.7010023734248,-0.030605736337757004,0.03581424678453052,-201.3004787678526,503.9650901617898,-0.04002288598014377,0.04683401502592452,-280.00831838873034,294.7062291949567,-0.05650289785432062,0.06611860944836404,-524.2470377252664,147.86475735649734,push,-151.7695990521943
tariff_6,HIGH,tariff_4,history_sparse,10,-0.4795773779300855,0.19230769230769232,-0.3099908126562848,0.09165724576118316,0.17578694690029156,0.15027982464622575,0.04642742612312745,0.17028935082502464,-0.052788134248960575,0.04892212775215918,-0.21164021164021163,-0.08465608465608465,0.03891263699570463,53,6446.519586736796,-0.026394067124480287,0.02446106387607959,-170.1498706916079,1080.3423824682848,-0.03431228726182437,0.031799383038903464,-225.19483189909027,639.2558476143697,-0.044869914111616484,0.0415838085893353,-311.2547801757334,373.8208935876417,-0.06334576109875269,0.05870655330259101,-568.359689659859,187.55944140074388,push,-170.1498706916079
tariff_7,MID,tariff_4,history_sparse,15,0.5857803664298042,0.14423076923076922,0.3538672037184788,0.16454898670725254,0.22265751509074103,0.15259979419962943,0.03404694229508551,0.17291822073562615,0.061190087243690704,0.05745369637889392,-0.21164021164021163,-0.08465608465608465,0.9440024520269015,52,5145.589961204941,0.030595043621845352,0.02872684818944696,157.4295493231947,783.3144512796244,0.03977355670839896,0.03734490264628105,200.6584141201531,463.4996753133873,0.0520115741571371,0.04883564192205983,245.63023384943097,271.04306272651377,0.07342810469242884,0.0689444356546727,217.83091837566724,135.99209223604595,digital_ads,245.63023384943097
tariff_7,MID,tariff_14,unseen_target,0,,,0.3115398531246103,0.30976162068898044,0.34416894347378846,0.09221311475409837,0.0,0.12698924056376656,0.03956220935364164,0.0708927903116899,0.24867724867724855,0.09947089947089943,0.8173188366141688,52,5145.589961204941,0.01978110467682082,0.03544639515584495,101.78545364659331,514.4793503012851,0.02571543607986707,0.046080313702598436,128.32108974057132,304.425651065849,0.03362787795059539,0.060258871764936404,151.0352711992086,178.02053643643086,0.04747465122436997,0.08507134837402787,84.28508875182393,89.31933164952866,digital_ads,151.0352711992086
tariff_7,MID,tariff_19,unseen_target,0,,,0.2787029389574315,0.3104646117031008,0.3448017910625714,0.09221311475409837,0.0,0.12698924056376656,0.03539227456109401,0.06898494420724452,0.16402116402116396,0.06560846560846559,0.7905407576669736,52,5145.589961204941,0.017696137280547006,0.03449247210362226,91.05706634288717,543.3297107023263,0.023004978464711112,0.044840213734708936,114.37418624575335,321.49687023806297,0.03008343337692991,0.05863720257615784,132.79701278290818,188.0033601046112,0.04247072947331282,0.08278193304869343,58.53695922292923,94.32807477470944,digital_ads,132.79701278290818
tariff_7,MID,tariff_10,history,31,-0.07843298416026852,0.2980769230769231,0.11250502194050574,0.1345923122252167,0.20153185978929042,0.27719334709802246,0.04237984168929862,0.31410121246454,0.03533796379986252,0.07521707984362812,0.26455026455026454,0.10582010582010581,0.7116629236889578,52,5145.589961204941,0.01766898189993126,0.03760853992181406,90.9173358889981,457.0241517582664,0.022969676469910643,0.048891101898358276,114.19253665569754,270.4284921646547,0.030037269229883146,0.0639345178670839,132.55947101129678,158.1398448990541,0.04240555655983503,0.09026049581235374,58.20160613359545,79.34447079136572,digital_ads,132.55947101129678
tariff_7,MID,tariff_20,unseen_target,0,,,0.256127560467496,0.3109489580377246,0.34523796793624334,0.09221311475409837,0.0,0.12698924056376656,0.03252544439121752,0.06777591696867115,0.10582010582010581,0.042328042328042326,0.7709220986804697,52,5145.589961204941,0.01626272219560876,0.033887958484335574,83.6813000715892,562.887085657573,0.02114153885429139,0.044054346029636246,104.78569009306598,333.06928145418516,0.027646627732534887,0.05760952942337048,120.25821012170164,194.77061787459272,0.03903053326946102,0.08133110036240537,40.83512017181408,97.72345237110645,digital_ads,120.25821012170164
tariff_7,MID,tariff_18,unseen_target,0,,,0.2356044891130092,0.31139000440326436,0.3456352627297524,0.09221311475409837,0.0,0.12698924056376656,0.02991923514587525,0.06675382086990296,0.05291005291005291,0.021164021164021163,0.7522718787679279,52,5145.589961204941,0.014959617572937624,0.03337691043495148,76.97605800677286,580.2562551552189,0.019447502844818915,0.043389983565436926,96.06887540880473,343.3468965415496,0.02543134987399396,0.056740747739417514,108.85929861151385,200.7807111263733,0.0359030821750503,0.08010458504388356,24.74253921625484,100.73893318666995,digital_ads,108.85929861151385
tariff_7,MID,tariff_5,unseen_target,0,,,0.2150814177585224,0.31183174439607664,0.3460332885909968,0.09221311475409837,0.0,0.12698924056376656,0.027313025900532976,0.06580861486583307,0.0,0.0,0.7328853039696931,52,5145.589961204941,0.013656512950266488,0.03290430743291654,70.27081594195651,597.0443447395868,0.017753466835346437,0.0427755996627915,87.35206072454348,353.2806773607022,0.02321607201545303,0.05593732263595811,97.46038710132606,206.5897386642169,0.03277563108063957,0.07897033783899969,8.649958260695627,103.65353207284492,digital_ads,97.46038710132606
tariff_7,MID,tariff_6,unseen_target,0,,,0.2150814177585224,0.31183174439607664,0.3460332885909968,0.09221311475409837,0.0,0.12698924056376656,0.027313025900532976,0.06580861486583307,0.0,0.0,0.7328853039696931,52,5145.589961204941,0.013656512950266488,0.03290430743291654,70.27081594195651,597.0443447395868,0.017753466835346437,0.0427755996627915,87.35206072454348,353.2806773607022,0.02321607201545303,0.05593732263595811,97.46038710132606,206.5897386642169,0.03277563108063957,0.07897033783899969,8.649958260695627,103.65353207284492,digital_ads,97.46038710132606
tariff_7,MID,tariff_3,unseen_target,0,,,0.1945583464040356,0.31227417507256633,0.34643204300014135,0.09221311475409837,0.0,0.12698924056376656,0.024706816655190703,0.06494365627549438,-0.05291005291005291,-0.021164021164021163,0.7128077861569224,52,5145.589961204941,0.012353408327595352,0.03247182813774719,63.56557387714015,613.0538413174914,0.01605943082587396,0.04221337657907135,78.63524604028221,362.7537522588705,0.021000794156912098,0.05520210783417022,86.06147559113826,212.12935685726347,0.029648179986228845,0.07793238753059326,-7.442622694863616,106.43295856206446,digital_ads,86.06147559113826
tariff_7,MID,tariff_8,history_sparse,13,-0.09462357577420602,0.125,0.1253543097355702,0.17041625288980453,0.2270279701909036,0.14911672689127997,0.03372523871935088,0.16897138840324233,0.021181291758349374,0.04629361385065346,0.0,0.0,0.7095784373224723,52,5145.589961204941,0.010590645879174687,0.02314680692532673,54.49512111855774,1206.507203837241,0.013767839642927094,0.03009084900292475,66.84365745412506,713.9095880693734,0.01800409799459697,0.03934957177305544,70.64170590154818,417.47654112015266,0.02541755011001925,0.055552336620784154,-29.211709315461405,209.46305622174324,digital_ads,70.64170590154818
tariff_7,MID,tariff_11,history_sparse,6,0.11527070406214505,0.057692307692307696,0.3074390656104951,0.19510209864991943,0.2460992257151633,0.060161977665252796,0.022513572523824524,0.06817245192482216,0.020958874920143724,0.024814995512010565,0.582010582010582,0.2328042328042328,0.8942128840081875,52,5145.589961204941,0.010479437460071862,0.012407497756005283,53.92288819362077,4198.978847299816,0.013623268698093419,0.01612974708280687,66.099754651707,2484.6028682247434,0.017815043682122163,0.02109274618520898,69.6689099291553,1452.9338571971687,0.02515064990417247,0.029777994614412676,-30.585068335310126,728.9893832117739,digital_ads,69.6689099291553
tariff_7,MID,tariff_17,unseen_target,0,,,0.15351220369506202,0.3131610967625215,0.3472317274177366,0.09221311475409837,0.0,0.12698924056376656,0.019494398164506165,0.06346730197743004,-0.15873015873015872,-0.06349206349206349,0.6707926791477279,52,5145.589961204941,0.009747199082253083,0.03173365098871502,50.155089747507475,641.9068578297275,0.012671358806929009,0.04125374628532953,61.20161667175972,379.8265430945132,0.01657023843983024,0.05394720668081553,63.2636525707627,222.11309959506147,0.023393277797407398,0.07616076237291605,-39.62778460598207,111.44216281766101,digital_ads,63.2636525707627
tariff_7,MID,tariff_12,history_sparse,2,0.683860168655849,0.019230769230769232,0.6513836607472832,0.2136146313974627,0.2610195600852048,0.01954170847705659,0.013105472547523412,0.02214365673105956,0.014424016183808794,0.015538080482013612,1.111111111111111,0.4444444444444444,0.9937116470899406,52,5145.589961204941,0.007212008091904397,0.007769040241006806,37.110036437832065,10709.701234019252,0.009375610519475717,0.010099752313308848,44.24304736918169,6337.101321904883,0.012260413756237475,0.01320736840971157,41.087061944314506,3705.7789737090834,0.017308819420570554,0.018645696578416335,-70.93591254920304,1859.3231309061198,sms,44.24304736918169
tariff_7,MID,tariff_16,unseen_target,0,,,0.11246606098608841,0.31405074616537,0.3480342959638111,0.09221311475409837,0.0,0.12698924056376656,0.014281979673821622,0.0623484754450764,-0.26455026455026454,-0.10582010582010581,0.6267078481422339,52,5145.589961204941,0.007140989836910811,0.0311742377225382,36.744605617874775,665.1512503626248,0.009283286787984056,0.04052650903929966,43.76798730323722,393.5806215163459,0.012139682722748379,0.05299620412831494,40.46582955038712,230.15614199398777,0.017138375608585946,0.07481817053409168,-71.81294651710054,115.4776476324001,sms,43.76798730323722
tariff_7,MID,tariff_15,unseen_target,0,,,0.050896846922628,0.31539028421811166,0.3492435130094491,0.09221311475409837,0.0,0.12698924056376656,0.006463351937794809,0.0613816721072629,-0.4232804232804233,-0.16931216931216933,0.5579345280162364,52,5145.589961204941,0.0032316759688974044,0.03069083605363145,16.628879423425733,686.2694384652282,0.0042011787595666265,0.039898086869720885,17.61754325045346,406.07659080782724,0.005493849147125587,0.05217442129117346,6.269095019823748,237.46347351738004,0.00775602232535377,0.07365800652871547,-120.09068938377824,119.14399973354661,sms,17.61754325045346
tariff_7,MID,tariff_2,unseen_target,0,,,0.032426082703589876,0.3157933207167288,0.3496075248179002,0.09221311475409837,0.0,0.12698924056376656,0.004117763616986765,0.0612636924688184,-0.47089947089947093,-0.1883597883597884,0.5369488957429757,52,5145.589961204941,0.0020588818084933823,0.0306318462344092,10.59416156509102,688.9151745493358,0.0026765463510413975,0.039821400104731966,9.77241003461833,407.6421151179502,0.00350009907443875,0.05207413859849564,-3.989925339345266,238.3789531312581,0.004941316340384118,0.07351643096258208,-134.57401224378154,119.60332891481526,push,10.59416156509102
tariff_7,MID,tariff_21,history_sparse,2,-0.905699424637151,0.019230769230769232,0.11343746587566209,0.2133591888128101,0.2608105508810185,0.018035969216579798,0.012600111573452541,0.0204374306173283,0.0023183703382393906,0.007692975966808356,0.05291005291005291,0.021164021164021163,0.6681977407248094,52,5145.589961204941,0.0011591851691196953,0.003846487983404178,5.964691569399956,43690.13005029453,0.0015069407198556037,0.005000434378425431,3.7540990402199412,25852.14795875416,0.001970614787503482,0.006539029571787102,-11.860024332020076,15117.692058925446,0.0027820444058872682,0.009231571160170027,-145.6847402334401,7585.092022620577,push,5.964691569399956
tariff_7,MID,tariff_9,history_sparse,3,-0.44362510711190567,0.028846153846153848,0.030506136734640973,0.2078872510863035,0.256353484790474,0.031008874306009942,0.01641193386721097,0.035137657951198824,0.0010719141979943158,0.011580451140073854,-0.26455026455026454,-0.10582010582010581,0.547362433435171,52,5145.589961204941,0.0005359570989971579,0.005790225570036927,2.757815468236298,19280.626059337126,0.0006967442286963054,0.007527293241048005,-0.41483989129281174,11408.654472980548,0.0009111270682951684,0.009843383469062775,-17.311713703998294,6671.496906345025,0.001286297037593179,0.013896541368088624,-153.38124287623288,3347.330913079362,push,2.757815468236298
tariff_7,MID,tariff_13,history_sparse,18,-0.26734365871461624,0.17307692307692307,-0.11747487537225977,0.15739308644174274,0.21742259233956784,0.16635161262483833,0.0352583368816111,0.18850107251100748,-0.022144140000767906,0.04920624737112378,-0.4761904761904762,-0.1904761904761905,0.2944927819790093,52,5145.589961204941,-0.011072070000383953,0.02460312368556189,-56.97233224373405,1067.9024863414534,-0.014393691000499139,0.03198406079123046,-78.06403191685426,631.894962332221,-0.018822519000652717,0.04182531026545521,-118.85296481434787,369.5164312600186,-0.026572968000921484,0.05904749684534853,-296.73359738496174,185.39973721205794,push,-56.97233224373405
tariff_7,MID,tariff_1,history_sparse,14,-0.4142296771230109,0.1346153846153846,-0.27198939252270354,0.16699254709799832,0.2244693983292092,0.12598998952133064,0.031418328879016466,0.14276536172800147,-0.03883066400968315,0.044151124104520975,-1.0,-0.4,0.1128137709107162,52,5145.589961204941,-0.019415332004841575,0.022075562052260488,-99.90333745757381,1326.4428959165089,-0.02523993160629405,0.028698230667938633,-133.87433869484596,784.877453205035,-0.03300606440823067,0.03752845548884283,-191.83567367787543,458.97678059394775,-0.046596796811619774,0.05298134892542517,-399.76800989817707,230.28522498550504,push,-99.90333745757381
tariff_9,LOW,tariff_8,history,37,1.23257721360907,0.30833333333333335,1.2093864378480987,0.24568259265244147,0.2878540191354387,0.3007087342218909,0.05022601840785672,0.3407476370072191,0.4120955709253177,0.2588728903484122,0.26455026455026454,0.10582010582010581,0.9999867358292079,51,3087.3144135058774,0.20604778546265884,0.1294364451742061,636.1342979298335,38.58326212502081,0.2678621211014565,0.16826737872646794,822.9745873087835,22.830332618355506,0.35028123528652,0.22004195679615038,1059.4283064807166,13.35060973184111,0.4945146851103812,0.31064746841809465,1366.7223150316001,6.698483007816112,call,1366.7223150316001
tariff_9,LOW,tariff_13,history_sparse,18,1.5869563947686376,0.15,1.397829851901122,0.32723079854056997,0.3599722149187338,0.15138629953524785,0.03925771197530477,0.1715431511338773,0.2397881375441195,0.1628535775561281,-0.2116402116402117,-0.08465608465608469,0.9999484462500465,51,3087.3144135058774,0.11989406877205976,0.08142678877806404,370.150686613845,97.4939085546073,0.1558622894036777,0.10585482541148326,477.1958925979985,57.68870328674987,0.20381991691250156,0.13842554092270887,607.2561672435364,33.73491645488143,0.2877457650529434,0.1954242930673537,728.361647873228,16.926025790730435,call,728.361647873228
tariff_9,LOW,tariff_14,unseen_target,0,,,1.1715647907808777,1.1548517171112684,1.1645524842250972,0.09221311475409837,0.0,0.12698924056376656,0.14877612305251173,0.24762744289179459,0.513227513227513,0.20529100529100522,0.842797376522109,51,3087.3144135058774,0.07438806152625586,0.12381372144589729,229.65933454277175,42.1671785504818,0.09670447998413263,0.1609578378796665,294.5571349056033,24.950993225137147,0.12645970459463496,0.2104833264580254,368.42086872271193,14.590719221619999,0.17853134766301407,0.2971529314701535,391.18240290265214,7.320690720569758,call,391.18240290265214
tariff_9,LOW,tariff_19,unseen_target,0,,,1.1455058750692468,1.161388846794133,1.1710354620837944,0.09221311475409837,0.0,0.12698924056376656,0.14546692113637652,0.2467985317182545,0.4285714285714285,0.1714285714285714,0.8360120776872009,51,3087.3144135058774,0.07273346056818826,0.12339926585912725,224.55106115632898,42.45090424764529,0.09455349873864474,0.16041904561686543,287.9163795032277,25.118878253044553,0.12364688296592002,0.20977875196051632,359.73680396575924,14.688894203337473,0.1745603053636518,0.2961582380619054,378.9225467751895,7.3699486541050865,call,378.9225467751895
tariff_9,LOW,tariff_20,unseen_target,0,,,1.1275903705175006,1.1658921592281737,1.1755018192030726,0.09221311475409837,0.0,0.12698924056376656,0.14319184481903355,0.24625455053373999,0.37037037037037035,0.14814814814814814,0.8312815026982419,51,3087.3144135058774,0.07159592240951677,0.12312727526686999,221.0391232031496,42.63866117651321,0.09307469913237182,0.160065457846931,283.3508601640945,25.22997702752261,0.1217130680961785,0.20931636795367897,353.76650944535425,14.753861998793498,0.17183021378284025,0.295505460640488,370.49389568755896,7.402545343144653,call,370.49389568755896
tariff_9,LOW,tariff_18,unseen_target,0,,,1.1113035481977314,1.1699923858590713,1.1795686427538679,0.09221311475409837,0.0,0.12698924056376656,0.14112359362144905,0.24577846898735903,0.31746031746031744,0.12698412698412698,0.8269362063980841,51,3087.3144135058774,0.07056179681072453,0.12288923449367951,217.8464523366229,42.80400633661348,0.0917303358539419,0.15975600484178337,279.2003880376098,25.327814400363003,0.11995505457823169,0.20891169863925516,348.3389689722589,14.811074856959687,0.16934831234573886,0.2949341627848308,362.83148560789493,7.4312511001065085,call,362.83148560789493
tariff_9,LOW,tariff_21,no_history_for_cell,0,,,1.1113035481977314,0.6324535239762026,0.6499980461431535,0.09221311475409837,0.0,0.12698924056376656,0.14112359362144905,0.17542947813365073,0.31746031746031744,0.12698412698412698,0.9563395874171612,51,3087.3144135058774,0.07056179681072453,0.08771473906682536,217.8464523366229,84.01695663488569,0.0917303358539419,0.11402916078687297,279.2003880376098,49.714175523601,0.11995505457823169,0.14911505641360312,348.3389689722589,29.07161129234799,0.16934831234573886,0.21051537376038088,362.83148560789493,14.586277193556544,call,362.83148560789493
tariff_9,LOW,tariff_5,unseen_target,0,,,1.095016725877962,1.174098553411852,1.1836415898082508,0.09221311475409837,0.0,0.12698924056376656,0.13905534242386453,0.24532006161440675,0.26455026455026454,0.10582010582010581,0.8225496208192957,51,3087.3144135058774,0.06952767121193226,0.12266003080720338,214.65378147009613,42.9641237325395,0.09038597257551197,0.1594580400493644,275.049915911125,25.422558421620998,0.11819704106028485,0.20852205237224575,342.91142849916343,14.866478800186677,0.16686641090863744,0.2943840739372881,355.1690755282307,7.459049259121441,call,355.1690755282307
tariff_9,LOW,tariff_6,unseen_target,0,,,1.095016725877962,1.174098553411852,1.1836415898082508,0.09221311475409837,0.0,0.12698924056376656,0.13905534242386453,0.24532006161440675,0.26455026455026454,0.10582010582010581,0.8225496208192957,51,3087.3144135058774,0.06952767121193226,0.12266003080720338,214.65378147009613,42.9641237325395,0.09038597257551197,0.1594580400493644,275.049915911125,25.422558421620998,0.11819704106028485,0.20852205237224575,342.91142849916343,14.866478800186677,0.16686641090863744,0.2943840739372881,355.1690755282307,7.459049259121441,call,355.1690755282307
tariff_9,LOW,tariff_7,unseen_target,0,,,1.095016725877962,1.174098553411852,1.1836415898082508,0.09221311475409837,0.0,0.12698924056376656,0.13905534242386453,0.24532006161440675,0.26455026455026454,0.10582010582010581,0.8225496208192957,51,3087.3144135058774,0.06952767121193226,0.12266003080720338,214.65378147009613,42.9641237325395,0.09038597257551197,0.1594580400493644,275.049915911125,25.422558421620998,0.11819704106028485,0.20852205237224575,342.91142849916343,14.866478800186677,0.16686641090863744,0.2943840739372881,355.1690755282307,7.459049259121441,call,355.1690755282307
tariff_9,LOW,tariff_3,unseen_target,0,,,1.0787299035581928,1.178210599772612,1.1877205973698268,0.09221311475409837,0.0,0.12698924056376656,0.13698709122628006,0.24487942767156395,0.21164021164021163,0.08465608465608465,0.8181230702472102,51,3087.3144135058774,0.06849354561314003,0.12243971383578198,211.46111060356947,43.118881394028335,0.08904160929708205,0.15917162798651657,270.8994437846403,25.51413100238363,0.11643902754233802,0.20814751352082936,337.48388802606803,14.920028164023645,0.16438450947153604,0.2938553132058767,347.50666544856665,7.485916908685477,call,347.50666544856665
tariff_9,LOW,tariff_17,unseen_target,0,,,1.0461562589186542,1.1864520843310131,1.1958965458656554,0.09221311475409837,0.0,0.12698924056376656,0.13285058883111103,0.24405186127103443,0.10582010582010581,0.042328042328042326,0.8091554369816812,51,3087.3144135058774,0.06642529441555552,0.12202593063551721,205.07576887051601,43.411804693828174,0.08635288274022218,0.1586337098261724,262.5984995316708,25.687458398714885,0.11292300050644437,0.20744408208037926,326.62880707987716,15.021385707206978,0.15942070659733323,0.2928622335252413,332.1818452892384,7.536771648234057,call,332.1818452892384
tariff_9,LOW,tariff_16,unseen_target,0,,,1.0135826142791156,1.194716357952298,1.2040959994779499,0.09221311475409837,0.0,0.12698924056376656,0.128714086435942,0.24329649914678317,0.0,0.0,0.8000441396068578,51,3087.3144135058774,0.064357043217971,0.12164824957339158,198.69042713746256,43.68178422237029,0.08366415618336233,0.15814272444540906,254.2975552787014,25.84720959903568,0.10940697347055071,0.20680202427476568,315.77372613368635,15.114804229193874,0.15445690372313042,0.29195579897613977,316.8570251299102,7.583643094161512,call,316.8570251299102
tariff_9,LOW,tariff_15,unseen_target,0,,,0.9647221473198077,1.207154473671616,1.2164382118732526,0.09221311475409837,0.0,0.12698924056376656,0.1225093328431885,0.24230029851280455,-0.1587301587301588,-0.06349206349206353,0.786131837742307,51,3087.3144135058774,0.06125466642159425,0.12115014925640227,189.11241453788242,44.04171177939054,0.07963106634807253,0.15749519403332296,241.84613889924714,26.06018448484647,0.10413293291671022,0.20595525373588386,299.4911047144001,15.239346636467316,0.1470111994118262,0.29076035821536544,293.8697948909178,7.646130517255302,digital_ads,299.4911047144001
tariff_9,LOW,tariff_2,unseen_target,0,,,0.9500640072320153,1.2108954703524337,1.2201507448344413,0.09221311475409837,0.0,0.12698924056376656,0.12064790676536245,0.24203372259880196,-0.2063492063492064,-0.08253968253968257,0.7819055033415337,51,3087.3144135058774,0.06032395338268123,0.12101686129940098,186.2390107580084,44.13878027807828,0.0784211393974856,0.15732191968922127,238.1107139854109,26.11762146631851,0.10255072075055807,0.20572866420898167,294.6063182886142,15.272934352276218,0.14477748811843494,0.29044046711856236,286.9736258192201,7.662982687166367,digital_ads,294.6063182886142
tariff_9,LOW,tariff_4,history_sparse,12,0.9613842708265804,0.1,0.9843313760688055,0.3764309150546509,0.4052162802860737,0.1062221466628912,0.033748075327832666,0.12036546117249272,0.11847950002707613,0.09575638275089572,0.05291005291005291,0.021164021164021163,0.992432878091607,51,3087.3144135058774,0.05923975001353807,0.04787819137544786,182.89173406928106,281.99189422223435,0.07701167501759949,0.06224164878808222,233.7592542900654,166.85910900723928,0.10070757502301471,0.08139292533826135,288.9159479177778,97.57504990388736,0.14217540003249138,0.11490765930107485,278.9401617662746,48.95692608024903,digital_ads,288.9159479177778
tariff_9,LOW,tariff_1,history,44,0.04131968366137712,0.36666666666666664,0.15928147183317526,0.22814086161220046,0.2730352591464282,0.3410357452705624,0.051922734632075626,0.38644412719383003,0.06155338936072004,0.12575874661043546,-0.7354497354497355,-0.2941798941798942,0.7201789758549251,51,3087.3144135058774,0.03077669468036002,0.06287937330521773,95.01733308674515,163.49169194521528,0.040009703084468023,0.08174318529678305,119.52253301276869,96.74064612142915,0.052320380956612025,0.10689493461887013,139.52946624746673,56.571519704226745,0.07386406723286404,0.15091049593252254,68.04159940818835,28.383974296044325,digital_ads,139.52946624746673
tariff_9,LOW,tariff_11,history_sparse,4,1.347599390149579,0.03333333333333333,1.3021237579491665,0.49772363848089984,0.5198353780791237,0.033233777809072385,0.019632575141659392,0.037658803913916995,0.04903642327226038,0.04923657103635415,0.8465608465608465,0.3386243386243386,0.9938753033490342,51,3087.3144135058774,0.02451821163613019,0.024618285518177074,75.69542817761226,1066.5874985212313,0.031873675126969245,0.0320037711736302,94.40405663089592,631.1168630303142,0.04168095978142132,0.04185108538090102,106.68222790194082,369.06141817343644,0.05884370792671245,0.05908388524362498,21.66902762626941,185.1714407154915,digital_ads,106.68222790194082
tariff_9,LOW,tariff_10,history_sparse,3,0.7304381497036309,0.025,1.0044845952660508,0.5235666345496364,0.5446301688427042,0.03814113153281583,0.020978727491035562,0.04321956419462861,0.043413386447616616,0.04684141047360784,0.5291005291005291,0.21164021164021163,0.9674333830548725,51,3087.3144135058774,0.021706693223808308,0.02342070523680392,67.01538685941375,1178.452714076878,0.028218701190950803,0.030446916807845097,83.12000291723788,697.3092982703417,0.036901378480474124,0.03981519890256666,91.92615766100337,407.76910521691275,0.05209606373713994,0.05620969256832941,0.8369284625929936,204.59248508279128,digital_ads,91.92615766100337
tariff_9,LOW,tariff_12,history_sparse,2,-0.9932061289389997,0.016666666666666666,0.867020807759601,0.5533461641052518,0.5733166466534845,0.022040223469025063,0.01608033793389394,0.02497484512917291,0.021653710397566434,0.02927507643685378,1.3756613756613756,0.5502645502645502,0.9347698984232862,51,3087.3144135058774,0.010826855198783217,0.01463753821842689,33.42590610814447,3017.004885642386,0.014074911758418181,0.019028799683954958,39.4536779405878,1785.2099915043702,0.018405653837931468,0.02488381497132571,34.82404038384559,1043.946327211898,0.025984452477079718,0.03513009172422454,-79.77782534045329,523.7855704240253,sms,39.4536779405878
tariff_5,LOW,tariff_13,history,36,1.2287435092706156,0.2706766917293233,1.1341934553561832,0.2488112669325787,0.2905289082907154,0.25993469550488224,0.04572272808814199,0.29454459810975386,0.33407055548660003,0.21406937596364273,-0.4761904761904762,-0.1904761904761905,0.9999526709656839,44,3003.4928162878346,0.16703527774330001,0.10703468798182136,501.68925676864484,56.42388721477677,0.21714586106629002,0.13914509437636777,648.1960337992383,33.386915511702234,0.28395997216361,0.18195896956909632,830.8717365066962,19.52383640649715,0.4008846665839201,0.2568832511563713,1044.0542162447477,9.79581375256541,call,1044.0542162447477
tariff_5,LOW,tariff_4,history,20,0.8776155983943454,0.15037593984962405,0.8731057849413334,0.3147501246451871,0.34866551444638283,0.14793001703851041,0.03701099609402335,0.16762666996933734,0.14635581526068012,0.11165177375443533,-0.21164021164021163,-0.08465608465608465,0.9938624539316352,44,3003.4928162878346,0.07317790763034006,0.055825886877217665,219.7893198787011,207.4153220094793,0.09513127991944208,0.07257365294038297,281.7261158423114,122.73095976892267,0.1244024429715781,0.09490400769127003,351.64184379379185,71.77000761573679,0.17562697831281612,0.1339821285053224,367.4943677088826,36.009604515534605,call,367.4943677088826
tariff_5,LOW,tariff_14,unseen_target,0,,,1.090130679182031,1.1753315528510349,1.1848646585695874,0.09221311475409837,0.0,0.12698924056376656,0.13843486706458918,0.24518600078665292,0.24867724867724855,0.09947089947089943,0.8212257913484228,44,3003.4928162878346,0.06921743353229459,0.12259300039332646,207.8940643761275,43.01111973249866,0.08998266359198298,0.1593709005113244,266.26228368896574,25.450366705620503,0.1176696370049008,0.20840810066865498,331.4199094394167,14.88274039186805,0.166121840477507,0.2942232009439835,338.9457545027059,7.46720828689213,call,338.9457545027059
tariff_5,LOW,tariff_19,unseen_target,0,,,1.0640717634704004,1.1819164171663104,1.1913968344624926,0.09221311475409837,0.0,0.12698924056376656,0.135125665148454,0.244498132907292,0.16402116402116396,0.06560846560846559,0.8141061100849152,44,3003.4928162878346,0.067562832574227,0.122249066453646,202.9244822847485,43.253474025810974,0.0878316823464951,0.1589237863897398,259.80182697017307,25.593771612905897,0.11485681537618589,0.2078234129711982,322.9716198840724,14.966600008931133,0.1621507981781448,0.2933977594887504,327.01875748339637,7.509283685036626,call,327.01875748339637
tariff_5,LOW,tariff_20,unseen_target,0,,,1.0461562589186542,1.1864520843310131,1.1958965458656554,0.09221311475409837,0.0,0.12698924056376656,0.13285058883111103,0.24405186127103443,0.10582010582010581,0.042328042328042326,0.8091554369816812,44,3003.4928162878346,0.06642529441555552,0.12202593063551721,199.5078945969254,43.411804693828174,0.08635288274022218,0.1586337098261724,255.36026297600307,25.687458398714885,0.11292300050644437,0.20744408208037926,317.1634208147732,15.021385707206978,0.15942070659733323,0.2928622335252413,318.81894703262094,7.536771648234057,call,318.81894703262094
tariff_5,LOW,tariff_18,unseen_target,0,,,1.0298694365988847,1.1905814021382737,1.1999933646139622,0.09221311475409837,0.0,0.12698924056376656,0.1307823376335265,0.2436651112012208,0.05291005291005291,0.021164021164021163,0.8046170633863767,44,3003.4928162878346,0.06539116881676325,0.1218325556006104,196.4019057898135,43.549722204797796,0.08500851946179225,0.15838232228079352,251.32247752675758,25.769066393371478,0.11116498698849753,0.2071153445210377,311.88323984268294,15.069108029341796,0.15693880516023181,0.292398133441465,311.3645738955524,7.560715660555172,digital_ads,311.88323984268294
tariff_5,LOW,tariff_6,unseen_target,0,,,1.0135826142791156,1.194716357952298,1.2040959994779499,0.09221311475409837,0.0,0.12698924056376656,0.128714086435942,0.24329649914678317,0.0,0.0,0.8000441396068578,44,3003.4928162878346,0.064357043217971,0.12164824957339158,193.2959169827016,43.68178422237029,0.08366415618336233,0.15814272444540906,247.28469207751218,25.84720959903568,0.10940697347055071,0.20680202427476568,306.60305887059275,15.114804229193874,0.15445690372313042,0.29195579897613977,303.91020075848394,7.583643094161512,digital_ads,306.60305887059275
tariff_5,LOW,tariff_7,unseen_target,0,,,1.0135826142791156,1.194716357952298,1.2040959994779499,0.09221311475409837,0.0,0.12698924056376656,0.128714086435942,0.24329649914678317,0.0,0.0,0.8000441396068578,44,3003.4928162878346,0.064357043217971,0.12164824957339158,193.2959169827016,43.68178422237029,0.08366415618336233,0.15814272444540906,247.28469207751218,25.84720959903568,0.10940697347055071,0.20680202427476568,306.60305887059275,15.114804229193874,0.15445690372313042,0.29195579897613977,303.91020075848394,7.583643094161512,digital_ads,306.60305887059275
tariff_5,LOW,tariff_3,unseen_target,0,,,0.9972957919593463,1.1988568934352428,1.208204391209203,0.09221311475409837,0.0,0.12698924056376656,0.1266458352383575,0.24294610766791105,-0.05291005291005291,-0.021164021164021163,0.795438040299286,44,3003.4928162878346,0.06332291761917876,0.12147305383395553,190.18992817558976,43.80787607491104,0.0823197929049324,0.1579149699841422,243.24690662826671,25.921820162669256,0.10764895995260387,0.2065041915177244,301.3228778985025,15.1584346279969,0.151975002286029,0.2915353292014933,296.4558276214153,7.605534040783167,digital_ads,301.3228778985025
tariff_5,LOW,tariff_17,unseen_target,0,,,0.9647221473198077,1.207154473671616,1.2164382118732526,0.09221311475409837,0.0,0.12698924056376656,0.1225093328431885,0.24230029851280455,-0.15873015873015872,-0.06349206349206349,0.786131837742307,44,3003.4928162878346,0.06125466642159425,0.12115014925640227,183.977950561366,44.04171177939054,0.07963106634807253,0.15749519403332296,235.17133572977576,26.06018448484647,0.10413293291671022,0.20595525373588386,290.7625159543221,15.239346636467316,0.1470111994118262,0.29076035821536544,281.5470813472783,7.646130517255302,digital_ads,290.7625159543221
tariff_5,LOW,tariff_16,unseen_target,0,,,0.9321485026802692,1.215473690468914,1.2246943668614312,0.09221311475409837,0.0,0.12698924056376656,0.11837283044801951,0.24172827038209888,-0.26455026455026454,-0.10582010582010581,0.7767095273973128,44,3003.4928162878346,0.059186415224009754,0.12086413519104944,177.76597294714222,44.25039987878865,0.07694233979121269,0.15712337574836427,227.09576483128492,26.183668567330564,0.10061690588081657,0.20546902982478404,280.2021540101417,15.311557051483963,0.1420473965376234,0.29007392445851865,266.6383350731413,7.682361090067473,digital_ads,280.2021540101417
tariff_5,LOW,tariff_15,unseen_target,0,,,0.8832880357209613,1.227992121972167,1.237119497714633,0.09221311475409837,0.0,0.12698924056376656,0.11216807685526599,0.2410096982845053,-0.4232804232804233,-0.16931216931216933,0.7623825900967199,44,3003.4928162878346,0.056084038427632994,0.12050484914225265,168.44800652580656,44.51465898975954,0.07290924995592289,0.15665630388492846,214.9824084835485,26.34003490518315,0.09534286532697608,0.2048582435418295,264.36161109387115,15.402996190228214,0.13460169222631918,0.28921163794140636,244.2752156619357,7.728239407944365,digital_ads,264.36161109387115
tariff_5,LOW,tariff_2,unseen_target,0,,,0.8686298956331688,1.2317567341230362,1.2408564187920568,0.09221311475409837,0.0,0.12698924056376656,0.11030665077743992,0.24082695825782044,-0.47089947089947093,-0.1883597883597884,0.7580439983092642,44,3003.4928162878346,0.05515332538871996,0.12041347912891022,165.65261659940586,44.5822402631395,0.07169932300533596,0.1565375228675833,211.34840157922764,26.380023824342896,0.09376065316082392,0.20470291451914738,259.6094482189899,15.426380713889099,0.1323679809329279,0.2889923499093845,237.56627983857402,7.7399722679061655,digital_ads,259.6094482189899
tariff_5,LOW,tariff_8,history_sparse,6,1.6935706275253055,0.045112781954887216,1.289938077965065,0.4570376242219351,0.481023273817838,0.06330723888176343,0.025385764982526548,0.07173649980680227,0.09253564268072778,0.07729661352741087,0.0,0.0,0.9963370427477456,44,3003.4928162878346,0.04626782134036389,0.03864830676370543,138.9650690210719,432.76402786556787,0.06014816774247306,0.05024279879281707,176.6545897273935,256.0733892695668,0.07865529627861863,0.06570212149829924,214.2406173358223,149.74533836178819,0.11104277121687335,0.09275593623289304,173.51616565057265,75.1326437266611,digital_ads,214.2406173358223
tariff_5,LOW,tariff_9,history_sparse,11,0.6380486769793484,0.08270676691729323,0.7210466492418446,0.3859537588990191,0.41407765456286355,0.09093531062565102,0.029972892681795368,0.10304320656460779,0.07429895882054569,0.07021096779825292,-0.26455026455026454,-0.10582010582010581,0.9591872954670533,44,3003.4928162878346,0.03714947941027284,0.03510548389912646,111.57819453758731,524.5201417639563,0.048294323233354704,0.0456371290688644,141.05165289886352,310.3669477893232,0.06315411499746383,0.05967932262851498,167.6829307138984,181.4948587418534,0.08915875058465482,0.0842531613579035,107.7876668902095,91.06252461179798,digital_ads,167.6829307138984
tariff_5,LOW,tariff_10,history,32,0.1725830982895386,0.24060150375939848,0.26935446396883495,0.2614943596634239,0.3014619381211898,0.2239377746364903,0.04345872076017128,0.25375474291256656,0.06834997275676388,0.09669393573738555,0.26455026455026454,0.10582010582010581,0.8142036856354247,44,3003.4928162878346,0.03417498637838194,0.048346967868692775,102.64432608420476,276.54996855743934,0.044427482291896525,0.06285105822930061,129.4376239094662,163.63903464937243,0.0580974768432493,0.08218984537677772,152.49535434314808,95.6920306427126,0.08201996730811666,0.11603272288486266,86.34638260209141,48.01214731899989,digital_ads,152.49535434314808
tariff_5,LOW,tariff_11,history_sparse,9,-0.547432688436115,0.06766917293233082,0.18428199029795617,0.41104186826519085,0.4375561877827104,0.06595225097105546,0.025874045492042527,0.07473369116412659,0.013772073350038029,0.04093516329228157,0.582010582010582,0.2328042328042328,0.6631815639598284,44,3003.4928162878346,0.0068860366750190145,0.020467581646140785,20.682161686114178,1543.046573609382,0.00895184767752472,0.02660785613998302,22.88681019194843,913.0453098280365,0.011706262347532323,0.03479488879843933,13.159674866394091,533.9261500378485,0.016526488020045634,0.049122195950737885,-110.36281195332597,267.89003014051764,sms,22.88681019194843
tariff_5,LOW,tariff_21,history_sparse,1,-1.0,0.007518796992481203,0.7594969687890953,0.5888285051415884,0.6076339428202456,0.012522221799530782,0.011592292971965257,0.014189536261097997,0.010776909778826881,0.018386039825347943,0.05291005291005291,0.021164021164021163,0.8943365609222643,44,3003.4928162878346,0.0053884548894134405,0.009193019912673971,16.184185551244326,7648.842104387177,0.007004991356237473,0.011950925886476163,17.039441216617625,4525.94207360188,0.009160373312002848,0.01562813385154575,5.513115437115353,2646.65816760802,0.012932291734592259,0.02206324779041753,-121.1579546770136,1327.923976456107,sms,17.039441216617625
tariff_5,LOW,tariff_12,history_sparse,8,-0.8470778669774449,0.06015037593984962,0.14773836050312256,0.4247262816669085,0.4504358049029829,0.059379587875703674,0.024637167489923038,0.0672858881450993,0.00994070679955346,0.037847421852903435,1.111111111111111,0.4444444444444444,0.628540321760498,44,3003.4928162878346,0.00497035339977673,0.018923710926451717,14.928420730641225,1805.0926048049457,0.006461459419709749,0.024600824204387233,15.40694694983359,1068.102133020678,0.008449600779620441,0.032170308574967915,3.378315242090082,624.5995172335454,0.01192884815946415,0.04541690622348412,-124.17179024646106,313.3841327786364,sms,15.40694694983359
tariff_5,LOW,tariff_1,history_sparse,10,-0.3844742331013551,0.07518796992481203,0.07927225881720733,0.3985575245184686,0.4258498565812717,0.07610090266641263,0.027642171836371337,0.0862336201334346,0.006835933853962368,0.04451084518209417,-1.0,-0.4,0.5738367172191805,44,3003.4928162878346,0.003417966926981184,0.022255422591047087,10.26583911149739,1305.0898351788057,0.004443357005075539,0.028932049368361214,9.345590844946608,772.2425060229618,0.005810543775868013,0.037834218404780046,-4.548073510454433,451.58817826256256,0.008203120624754841,0.05341301421851301,-135.36198613240626,226.57809638520934,push,10.26583911149739
tariff_1,LOW,tariff_9,history,81,1.9982446555687805,0.3446808510638298,1.9522369840455294,0.1731904972835542,0.2291177608770756,0.3336427079893478,0.03817137645593483,0.3780667184351563,0.7380758301658399,0.41670221528007795,0.7354497354497355,0.2941798941798942,1.0,40,3305.4897723767035,0.36903791508291994,0.20835110764003897,1219.8510539258143,14.890883650332292,0.47974928960779595,0.27085643993205066,1581.8063701035587,8.811173757593073,0.6273644556409639,0.35419688298806623,2051.746791673884,5.152554896308752,0.8856909961990079,0.5000426583360935,2767.6425294219544,2.5852228559604677,call,2767.6425294219544
tariff_1,LOW,tariff_8,history,71,1.5487768447502956,0.3021276595744681,1.534422211348997,0.18407211422269806,0.2374500857747034,0.2977636541943316,0.037018679199905674,0.33741042412983224,0.5177300491255001,0.2997006202468417,1.0,0.4,0.9999999999483644,40,3305.4897723767035,0.25886502456275007,0.14985031012342084,855.6756911182144,28.787026350838186,0.3365245319315751,0.19480540316044712,1108.378398453679,17.033743402862825,0.44007054175667515,0.2547455272098154,1432.6486749009648,9.96090877191633,0.6212760589506002,0.35964074429621,1893.621658683715,4.997747630353852,call,1893.621658683715
tariff_1,LOW,tariff_4,history,35,1.9842897277819325,0.14893617021276595,1.8641033635821238,0.25139412328434957,0.292743924312541,0.14618691818753435,0.028600859363467734,0.16565148020281126,0.30879148142841806,0.1868261809498547,0.7883597883597884,0.31534391534391537,0.9999999999040536,40,3305.4897723767035,0.15439574071420903,0.09341309047492735,510.3535418293433,74.07925677659931,0.20071446292847175,0.12143701761740557,659.4596043781464,43.833879749467044,0.26247275921415536,0.1588022538073765,845.6010211098837,25.6329608223527,0.3705497777141017,0.22419141713982563,1064.848500390424,12.860982079270718,call,1064.848500390424
tariff_1,LOW,tariff_13,history,22,2.12133522401442,0.09361702127659574,1.8953863780149007,0.30362169304633935,0.33865341056650455,0.0984953324724529,0.02412321790708451,0.11160983362546276,0.21154375830621153,0.13454198648276092,0.5238095238095237,0.2095238095238095,0.9999999890848217,40,3305.4897723767035,0.10577187915310576,0.06727099324138046,349.62786474565576,142.8421628681871,0.1375034428990375,0.0874522912137946,450.5162241693525,84.52198986283263,0.1798121945602798,0.11436068851034678,572.3673700676148,49.42635393362877,0.25385250996745384,0.1614503837793131,679.1068753895738,24.79898660906027,call,679.1068753895738
tariff_1,LOW,tariff_12,no_history_for_cell,0,,,1.6634268248379103,0.6324535239762026,0.6499980461431535,0.09221311475409837,0.0,0.12698924056376656,0.21123730921956377,0.23005077628512827,2.111111111111111,0.8444444444444446,0.9947532132562972,40,3305.4897723767035,0.10561865460978188,0.11502538814256413,349.12138258482156,48.856762234153834,0.13730425099271648,0.1495330045853334,449.8577973602682,28.909326765771493,0.17955171283662918,0.195543159842359,571.5063503941966,16.90545406026085,0.2534847710634765,0.2760609315421539,677.8913182035717,8.48207677676282,call,677.8913182035717
tariff_1,LOW,tariff_14,unseen_target,0,,,1.3979516210256708,1.098756145373258,1.1089477296047365,0.09221311475409837,0.0,0.12698924056376656,0.17752481469893633,0.2566373846570692,1.2486772486772486,0.49947089947089945,0.8962754693717851,40,3305.4897723767035,0.08876240734946816,0.1283186923285346,293.40322966520176,39.25836849784282,0.11539112955430864,0.166814300027095,377.4241985647624,23.229803844877406,0.15089609249409588,0.2181417769585088,476.785490430843,13.584210552886791,0.2130297776387236,0.307964861588483,544.1677511964842,6.815688975319935,call,544.1677511964842
tariff_1,LOW,tariff_19,unseen_target,0,,,1.37189270531404,1.105146408006029,1.1152795986337365,0.09221311475409837,0.0,0.12698924056376656,0.17421561278280112,0.25544075574243275,1.164021164021164,0.4656084656084656,0.890668033247775,40,3305.4897723767035,0.08710780639140056,0.12772037787121637,287.9339631209446,39.627046814656005,0.11324014830882075,0.1660364912325813,370.31415205722806,23.44795669506272,0.14808327086538095,0.21712464238106782,467.48773730560583,13.711780904725261,0.20905873533936134,0.3065289068909193,531.041511490267,6.8796956275444465,call,531.041511490267
tariff_1,LOW,tariff_20,unseen_target,0,,,1.3539772007622937,1.109550200785794,1.1196435361595205,0.09221311475409837,0.0,0.12698924056376656,0.17194053646545818,0.25464141874816004,1.1058201058201058,0.44232804232804235,0.886724869264935,40,3305.4897723767035,0.08597026823272909,0.12732070937408002,284.1738423717678,39.87622136156769,0.11176134870254782,0.16551692218630404,365.4259950832982,23.595397255365484,0.14614945599563944,0.21644520593593602,461.0955320320053,13.798000471130687,0.20632864375854978,0.30556970249779203,522.0172216922426,6.92295509749439,call,522.0172216922426
tariff_1,LOW,tariff_18,unseen_target,0,,,1.3376903784425243,1.1135609653611784,1.123618273069693,0.09221311475409837,0.0,0.12698924056376656,0.16987228526787365,0.2539314309359936,1.0529100529100528,0.42116402116402113,0.8830790245448485,40,3305.4897723767035,0.08493614263393683,0.1269657154679968,280.75555078160704,40.09951952098584,0.11041698542411789,0.16505543010839582,360.98221601608924,23.727526343778607,0.1443914424776926,0.21584171629559454,455.28443632873194,13.875266270237315,0.20384674232144837,0.3047177171231923,513.8133218758569,6.961722139060042,call,513.8133218758569
tariff_1,LOW,tariff_5,unseen_target,0,,,1.321403556122755,1.117578620601511,1.1276000945484068,0.09221311475409837,0.0,0.12698924056376656,0.16780403407028915,0.25323746907963096,1.0,0.4,0.87937587784847,40,3305.4897723767035,0.08390201703514458,0.12661873453981548,277.3372591914463,40.31959489800937,0.10907262214568797,0.16460435490176012,356.5384369488803,23.857748460360582,0.14263342895974576,0.21525184871768632,449.4733406254587,13.951416919726427,0.20136484088434697,0.30388496289555716,505.60942205947117,6.999929669793294,call,505.60942205947117
tariff_1,LOW,tariff_6,unseen_target,0,,,1.321403556122755,1.117578620601511,1.1276000945484068,0.09221311475409837,0.0,0.12698924056376656,0.16780403407028915,0.25323746907963096,1.0,0.4,0.87937587784847,40,3305.4897723767035,0.08390201703514458,0.12661873453981548,277.3372591914463,40.31959489800937,0.10907262214568797,0.16460435490176012,356.5384369488803,23.857748460360582,0.14263342895974576,0.21525184871768632,449.4733406254587,13.951416919726427,0.20136484088434697,0.30388496289555716,505.60942205947117,6.999929669793294,call,505.60942205947117
tariff_1,LOW,tariff_7,unseen_target,0,,,1.321403556122755,1.117578620601511,1.1276000945484068,0.09221311475409837,0.0,0.12698924056376656,0.16780403407028915,0.25323746907963096,1.0,0.4,0.87937587784847,40,3305.4897723767035,0.08390201703514458,0.12661873453981548,277.3372591914463,40.31959489800937,0.10907262214568797,0.16460435490176012,356.5384369488803,23.857748460360582,0.14263342895974576,0.21525184871768632,449.4733406254587,13.951416919726427,0.20136484088434697,0.30388496289555716,505.60942205947117,6.999929669793294,call,505.60942205947117
tariff_1,LOW,tariff_3,unseen_target,0,,,1.3051167338029859,1.121603092458364,1.1315889258083809,0.09221311475409837,0.0,0.12698924056376656,0.16573578287270466,0.2525596652833604,0.9470899470899471,0.37883597883597886,0.8756163769637855,40,3305.4897723767035,0.08286789143635233,0.1262798326416802,273.91896760128566,40.53629969987152,0.10772825886725805,0.16416378243418425,352.0946578816714,23.985976153770128,0.14087541544179896,0.21467571549085632,443.6622449221856,14.026401280232362,0.19888293944724558,0.30307159834003244,497.40552224308556,7.037552031227696,call,497.40552224308556
tariff_1,LOW,tariff_17,unseen_target,0,,,1.2725430891634473,1.129672194486853,1.1395873231116351,0.09221311475409837,0.0,0.12698924056376656,0.16159928047753566,0.251253051828243,0.8412698412698413,0.33650793650793653,0.8679322964722371,40,3305.4897723767035,0.08079964023876783,0.1256265259141215,267.0823844209642,40.95900497028989,0.10503953231039818,0.16331448368835794,343.2070997472535,24.236097615556147,0.13735938840590528,0.21356509405400653,432.04005351563904,14.172666079685085,0.19391913657304277,0.3015036621938916,480.997722610314,7.110938362897551,call,480.997722610314
tariff_1,LOW,tariff_16,unseen_target,0,,,1.2399694445239087,1.1377676975243454,1.1476128848744467,0.09221311475409837,0.0,0.12698924056376656,0.15746277808236664,0.25001261206605047,0.7354497354497355,0.2941798941798942,0.8600351110618949,40,3305.4897723767035,0.07873138904118332,0.12500630603302523,260.2458012406427,41.36645016350737,0.10235080575353833,0.1625081978429328,334.3195416128356,24.477189445862354,0.13384336137001163,0.2125107202561429,420.4178621090926,14.313650575608088,0.18895533369883996,0.30001513447926054,464.5899229775425,7.18167537560892,call,464.5899229775425
tariff_1,LOW,tariff_15,unseen_target,0,,,1.1911089775646007,1.149959233780923,1.1597009266867073,0.09221311475409837,0.0,0.12698924056376656,0.1512580244896131,0.24827818329887913,0.5767195767195766,0.23068783068783066,0.8478092823188275,40,3305.4897723767035,0.07562901224480655,0.12413909164943956,249.9909264701605,41.94642675974554,0.09831771591824853,0.16138081914427144,320.98820441120876,24.82037086375476,0.12856932081617112,0.21103645580404726,402.9845749992728,14.514334518943093,0.18150962938753573,0.2979338199586549,439.97822352838534,7.282365756900268,call,439.97822352838534
tariff_1,LOW,tariff_2,unseen_target,0,,,1.1764508374768083,1.1536277578652148,1.1633387312890096,0.09221311475409837,0.0,0.12698924056376656,0.14939659841178707,0.2477878025693922,0.5291005291005291,0.21164021164021163,0.8440566527219169,40,3305.4897723767035,0.07469829920589353,0.1238939012846961,246.9144640390159,42.11261793814414,0.0971077889676616,0.16106207167010494,316.9888032507207,24.918708839138542,0.126987108650019,0.21061963218398336,397.754588866327,14.571840117004895,0.17927591809414445,0.29734536308327064,432.594713693638,7.311218392038912,call,432.594713693638
tariff_1,LOW,tariff_10,history_sparse,14,2.044636728316387,0.059574468085106386,1.8275909094288343,0.3573542524114185,0.3875591073843108,0.06572794443880817,0.020061117868291106,0.07447951856409779,0.13611809106638123,0.09299574299937495,1.2645502645502644,0.5058201058201058,0.999998795264935,40,3305.4897723767035,0.06805904553319062,0.046497871499687475,224.96847892768196,298.9826256974879,0.0884767591931478,0.06044723294959372,288.45902260598655,176.9127962707029,0.11570037740642403,0.0790463815494687,360.44641417705924,103.4541957430754,0.16334170927965747,0.11159489159924994,379.9243494264366,51.90670585025831,call,379.9243494264366
tariff_1,LOW,tariff_21,history_sparse,10,0.41937705059090574,0.0425531914893617,0.7980838158863667,0.39806309094842707,0.42538714646239106,0.044310714665383444,0.016659277428451805,0.05021061777736478,0.040072281433771124,0.03763120621000479,1.0529100529100528,0.42116402116402113,0.9696816440617427,40,3305.4897723767035,0.020036140716885562,0.018815603105002396,66.22925821756566,1825.8950466979625,0.02604698293195123,0.024460284036503115,82.09803568283536,1080.4112702354807,0.034061439218705455,0.03198652527850407,90.58973896986161,631.7975940131358,0.048086737720525345,0.04515744745200575,-1.0497802778424443,316.9956678295074,digital_ads,90.58973896986161
tariff_1,LOW,tariff_11,history_sparse,2,1.2661970226340575,0.00851063829787234,1.4180838732265342,0.5534398874088373,0.573407105794048,0.010935847047397309,0.008419414082064817,0.01239193816473368,0.017572807669429247,0.02063954598047945,1.5820105820105819,0.6328042328042328,0.9933023651628176,40,3305.4897723767035,0.008786403834714624,0.010319772990239725,29.043368011620636,6069.764056529334,0.011422324985129009,0.013415704887311643,33.75637841510682,3591.5763648102566,0.01493688651901486,0.017543614083407533,27.373725619755085,2100.2643794219143,0.021087369203315096,0.02476745517657534,-90.29591677211047,1053.7784820363424,sms,33.75637841510682
tariff_20,HIGH,tariff_12,history_sparse,9,-0.08093836146466926,0.05325443786982249,-0.0509601856048264,0.09204889866774285,0.17599147634457865,0.05779708299928093,0.01956442216291991,0.06549267519241016,-0.003337518883561831,0.013961895541473595,1.0052910052910051,0.4021164021164021,0.38607623223233367,38,7560.28218196317,-0.0016687594417809156,0.006980947770736798,-12.616292273679061,13264.268974410048,-0.0021693872743151904,0.009075232101957837,-20.40117995578278,7848.679866514821,-0.0028368910510275566,0.011867611210252555,-43.44769686525441,4589.71244789275,-0.004005022660274198,0.016754274649768315,-190.27910145682975,2302.824474723966,push,-12.616292273679061
tariff_20,HIGH,tariff_11,history_sparse,8,0.04721115028962937,0.047337278106508875,-0.0794125315131132,0.09174060596784561,0.17583042621613448,0.03906949750576295,0.016244514853114254,0.04427154066075351,-0.0035157151178561606,0.009874754551318452,0.47619047619047616,0.19047619047619047,0.3257631954546514,38,7560.28218196317,-0.0017578575589280803,0.004937377275659226,-13.289899181193238,26516.69966797328,-0.0022852148266065044,0.006418590458356994,-21.27686893555121,15690.354833120286,-0.0029883578501777365,0.008393541368620683,-44.592828608028505,9175.32860483505,-0.004218858141427392,0.011849705461582143,-191.89575803486377,4603.593692356472,push,-13.289899181193238
tariff_20,HIGH,tariff_10,history_sparse,17,0.08817884199812102,0.10059171597633136,-0.04255221711812524,0.08277578736381407,0.17132376068047117,0.11695315667460682,0.02694261147855938,0.13252528856711288,-0.005639244852749988,0.026612954038570887,0.15873015873015872,0.06349206349206349,0.4019228642752088,38,7560.28218196317,-0.002819622426374994,0.013306477019285444,-21.317141189986625,3650.782171301279,-0.0036655091542874925,0.017298420125071077,-31.71228354698262,2160.2261368646627,-0.0047933581248374895,0.022621010932785252,-58.23914002297727,1263.2464260558063,-0.0067670938232999855,0.031935544846285066,-211.16113885596792,633.8163491842499,push,-21.317141189986625
tariff_20,HIGH,tariff_14,unseen_target,0,,,-0.14952071846041676,0.2343282645737353,0.27822605122119404,0.09221311475409837,0.0,0.12698924056376656,-0.018987522485837075,0.051871367870962685,0.14285714285714274,0.0571428571428571,0.29549314168202767,38,7560.28218196317,-0.009493761242918538,0.025935683935481343,-71.77551396464953,960.9851739976084,-0.012341889615794101,0.03371638911612575,-97.30816815404442,568.6302804719576,-0.016139394112961513,0.044090662690318284,-144.0183737399042,332.5208214524597,-0.02278502698300449,0.06224564144515522,-332.2612335151589,166.83770381902923,push,-71.77551396464953
tariff_20,HIGH,tariff_19,unseen_target,0,,,-0.1606809848458109,0.21457330164024435,0.2618047015941373,0.09221311475409837,0.0,0.12698924056376656,-0.02040475623860761,0.04969381375500036,0.058201058201058135,0.023280423280423256,0.2696923547822784,38,7560.28218196317,-0.010202378119303804,0.02484690687750018,-77.13285750902347,1047.0500282763644,-0.013263091555094947,0.032300978940750236,-104.27271476173051,619.5562297493279,-0.017344042802816467,0.0422397416917503,-153.1258577653399,362.30104784649296,-0.02448570748632913,0.05963257650600043,-345.1188580216563,181.77951879797996,push,-77.13285750902347
tariff_20,HIGH,tariff_18,unseen_target,0,,,-0.17532883447664066,0.18964886438026254,0.24179886633465264,0.09221311475409837,0.0,0.12698924056376656,-0.02226487553911893,0.047249378179461565,-0.05291005291005291,-0.021164021164021163,0.23419473777855127,38,7560.28218196317,-0.011132437769559465,0.023624689089730783,-84.16437091101423,1158.1902218519479,-0.014472169100427305,0.03071209581665002,-113.41368218431852,685.3196579005607,-0.018925144208251088,0.04016197145254233,-165.0794305487242,400.7578622325079,-0.026717850646942716,0.05669925381535387,-361.9944901864342,201.07469129374095,push,-84.16437091101423
tariff_20,HIGH,tariff_21,no_history_for_cell,0,,,-0.17532883447664066,0.11045316698496423,0.18627909731638811,0.09221311475409837,0.0,0.12698924056376656,-0.02226487553911893,0.03880258069160036,-0.05291005291005291,-0.021164021164021163,0.17329713402740587,38,7560.28218196317,-0.011132437769559465,0.01940129034580018,-84.16437091101423,1717.3185749548848,-0.014472169100427305,0.025221677449540233,-113.41368218431852,1016.1648372514109,-0.018925144208251088,0.0329821935878603,-165.0794305487242,594.2278806072267,-0.026717850646942716,0.04656309682992043,-361.9944901864342,298.1455859296675,push,-84.16437091101423
tariff_20,HIGH,tariff_5,unseen_target,0,,,-0.182304000967512,0.17830639667170362,0.23300895067367458,0.09221311475409837,0.0,0.12698924056376656,-0.023150646634600515,0.04627016007699332,-0.10582010582010581,-0.042328042328042326,0.21699254302149024,38,7560.28218196317,-0.011575323317300257,0.02313508003849666,-87.51271062624795,1207.7306410835554,-0.015047920312490337,0.030075604050045657,-117.76652381412235,714.6335154340564,-0.019678049639410437,0.03932963606544432,-170.77160806462152,417.8998758074588,-0.027780775961520617,0.05552419209239198,-370.0305055029951,209.6754585214506,push,-87.51271062624795
tariff_20,HIGH,tariff_6,unseen_target,0,,,-0.182304000967512,0.17830639667170362,0.23300895067367458,0.09221311475409837,0.0,0.12698924056376656,-0.023150646634600515,0.04627016007699332,-0.10582010582010581,-0.042328042328042326,0.21699254302149024,38,7560.28218196317,-0.011575323317300257,0.02313508003849666,-87.51271062624795,1207.7306410835554,-0.015047920312490337,0.030075604050045657,-117.76652381412235,714.6335154340564,-0.019678049639410437,0.03932963606544432,-170.77160806462152,417.8998758074588,-0.027780775961520617,0.05552419209239198,-370.0305055029951,209.6754585214506,push,-87.51271062624795
tariff_20,HIGH,tariff_7,unseen_target,0,,,-0.182304000967512,0.17830639667170362,0.23300895067367458,0.09221311475409837,0.0,0.12698924056376656,-0.023150646634600515,0.04627016007699332,-0.10582010582010581,-0.042328042328042326,0.21699254302149024,38,7560.28218196317,-0.011575323317300257,0.02313508003849666,-87.51271062624795,1207.7306410835554,-0.015047920312490337,0.030075604050045657,-117.76652381412235,714.6335154340564,-0.019678049639410437,0.03932963606544432,-170.77160806462152,417.8998758074588,-0.027780775961520617,0.05552419209239198,-370.0305055029951,209.6754585214506,push,-87.51271062624795
tariff_20,HIGH,tariff_3,unseen_target,0,,,-0.18927916745838333,0.16739861893469177,0.2247716566234323,0.09221311475409837,0.0,0.12698924056376656,-0.024036417730082096,0.04542105956403987,-0.15873015873015872,-0.06349206349206349,0.1998672911863245,38,7560.28218196317,-0.012018208865041048,0.022710529782019935,-90.86105034148164,1253.3072926896577,-0.015623671524553365,0.029523688716625918,-122.11936544392616,741.6019483370754,-0.02043095507056978,0.03860790062943389,-176.4637855805188,433.6703434912311,-0.028843701276098515,0.05450527147684784,-378.066520819556,217.58807164751008,push,-90.86105034148164
tariff_20,HIGH,tariff_17,unseen_target,0,,,-0.203229500440126,0.1472701336226976,0.21021059025949954,0.09221311475409837,0.0,0.12698924056376656,-0.025807959921045263,0.044142104822414076,-0.26455026455026454,-0.10582010582010581,0.16682450763869938,38,7560.28218196317,-0.012903979960522631,0.022071052411207038,-97.55772977194906,1326.9849989696067,-0.016775173948679424,0.02869236813456915,-130.8250487035338,785.1982242423708,-0.021936765932888472,0.03752078909905197,-187.8481406123134,459.1643595050541,-0.030969551905254314,0.05297052578689689,-394.1385514526777,230.37934009889,push,-97.55772977194906
tariff_20,HIGH,tariff_9,no_history_for_cell,0,,,-0.21717983342186864,0.11045316698496423,0.18627909731638811,0.09221311475409837,0.0,0.12698924056376656,-0.027579502112008426,0.041750710974332285,-0.37037037037037035,-0.14814814814814814,0.12183065884906391,38,7560.28218196317,-0.013789751056004213,0.020875355487166142,-104.25440920241645,1483.3523973022143,-0.01792667637280548,0.027137962133315985,-139.53073196314142,877.7233120131446,-0.02344257679520716,0.03548810432818244,-199.23249564410796,513.2707257101088,-0.03309540253441011,0.05010085316919874,-410.2105820857995,257.5264578649677,push,-104.25440920241645
tariff_20,HIGH,tariff_16,unseen_target,0,,,-0.21717983342186864,0.13025081830352694,0.19865869139994452,0.09221311475409837,0.0,0.12698924056376656,-0.027579502112008426,0.04346104045055273,-0.37037037037037035,-0.14814814814814814,0.13714620178650416,38,7560.28218196317,-0.013789751056004213,0.021730520225276367,-104.25440920241645,1368.900401029646,-0.01792667637280548,0.028249676292859276,-139.53073196314142,810.0002372956483,-0.02344257679520716,0.036941884382969824,-199.23249564410796,473.6679588337874,-0.03309540253441011,0.05215324854066328,-410.2105820857995,237.6563196232024,push,-104.25440920241645
tariff_20,HIGH,tariff_15,unseen_target,0,,,-0.23810533289448266,0.11357950845117994,0.18814968705796897,0.09221311475409837,0.0,0.12698924056376656,-0.030236815398453177,0.04361506837226031,-0.5291005291005292,-0.21164021164021168,0.10284426162962734,38,7560.28218196317,-0.015118407699226588,0.021807534186130156,-114.29942834811759,1359.248847927804,-0.01965393000899457,0.028349794441969205,-152.5892568525529,804.2892591288779,-0.025701293088685198,0.03707280811642127,-216.30902819179988,470.32832108228496,-0.03628417847814381,0.05233808204671237,-434.31862803548216,235.98070276524373,push,-114.29942834811759
tariff_20,HIGH,tariff_2,unseen_target,0,,,-0.24438298273626685,0.11129896354700781,0.18678184945716267,0.09221311475409837,0.0,0.12698924056376656,-0.031034009384386604,0.04393606861216232,-0.5767195767195767,-0.23068783068783072,0.0953710044016518,38,7560.28218196317,-0.015517004692193302,0.02196803430608116,-117.31293409182793,1339.4598531704346,-0.020172106099851293,0.028558444597905512,-156.5068143193763,792.579794775405,-0.02637890797672861,0.037345658320337975,-221.43198795610746,463.4809180520536,-0.03724081126126392,0.052723282334594786,-441.55104182038696,232.54511339764494,push,-117.31293409182793
tariff_20,HIGH,tariff_13,history_sparse,17,-0.27508955224824605,0.10059171597633136,-0.2723767594243264,0.08438678381644522,0.17210790011758165,0.11143280344023386,0.026381137021060264,0.12626990883920072,-0.0343929885824266,0.032580769277784645,-0.5820105820105821,-0.23280423280423285,0.056757129042698584,38,7560.28218196317,-0.0171964942912133,0.016290384638892322,-130.01034938209128,2435.8437135189015,-0.02235544257857729,0.02117750003056002,-173.01345419671867,1441.3276411354443,-0.02923404029506261,0.027693653886116946,-243.01759394955516,842.8524960273018,-0.041271586298911915,0.03909692313334157,-472.024838517019,422.8895335970316,push,-130.01034938209128
tariff_20,HIGH,tariff_1,history_sparse,11,-0.7459101631219135,0.0650887573964497,-0.4802415001049588,0.08950627296792199,0.17467504945071052,0.07493237483674202,0.022073100093395394,0.0849095046308778,-0.040777067877101704,0.031056358837443888,-1.1058201058201058,-0.44232804232804235,0.002985749592393616,38,7560.28218196317,-0.020388533938550852,0.015528179418721944,-154.14306985197737,2680.840751894415,-0.026505094120116108,0.020186633244338528,-204.3859908075706,1586.2963028961037,-0.03466050769553645,0.026397905011827302,-284.04321874836154,927.6265577489327,-0.04893248145252205,0.03726763060493266,-529.9433676447456,465.42374164833603,push,-154.14306985197737
tariff_20,HIGH,tariff_4,history,29,-0.2205529210033948,0.17159763313609466,-0.23527005465668097,0.07129845550734654,0.16608271962408694,0.16385212406735433,0.031031975691644897,0.18566878091863626,-0.04368230423476688,0.043526934334710145,-0.31746031746031744,-0.12698412698412698,0.07830235503115124,38,7560.28218196317,-0.02184115211738344,0.021763467167355072,-165.12527318660116,1364.758878595537,-0.02839349775259847,0.028292507317561597,-218.66285514258152,807.5496323050512,-0.03712995859955184,0.036997894184503624,-302.712964417222,472.234906088421,-0.05241876508172025,0.05223232120165217,-556.3006556478429,236.93730531172517,push,-165.12527318660116
tariff_20,HIGH,tariff_8,history,78,-0.05419338167221087,0.46153846153846156,-0.09976477386429558,0.05176094115006025,0.1586795356331118,0.4359253498347338,0.04157346250757668,0.4939681358178437,-0.049280619366034825,0.09315971975507,-0.10582010582010581,-0.042328042328042326,0.2647666528028925,38,7560.28218196317,-0.024640309683017413,0.046579859877535,-186.2876942545711,297.9310327144844,-0.032032402587922636,0.0605538178407955,-246.17400253094243,176.29055190206174,-0.0418885264611296,0.0791857617918095,-338.6890802327709,103.09032273857588,-0.05913674323924179,0.111791663706084,-607.0904662109706,51.72413762404242,push,-186.2876942545711
tariff_18,HIGH,tariff_11,history,22,0.23036117981397686,0.06832298136645963,-0.004371553539762213,0.080826357315908,0.1703904341122436,0.07581268112818583,0.014899576353593543,0.08590702234325236,-0.0003755471476150763,0.01690541140735619,0.5291005291005291,0.21164021164021163,0.48976582083831716,35,8175.350309221959,-0.00018777357380753815,0.008452705703678095,-1.5351147446911693,9047.333522570418,-0.0002441056459497996,0.010988517414781523,-5.99564916809852,5353.451788503205,-0.0003192150754728148,0.01436959969625276,-24.60969506597499,3130.5652327233274,-0.00045065657713809157,0.020286493688827425,-163.6842753872588,1570.7176254462534,push,-1.5351147446911693
tariff_18,HIGH,tariff_12,history,26,-0.03568370124759617,0.08074534161490683,-0.05584264395639844,0.07435152129488654,0.16741609456340797,0.08231843915601171,0.01547097042573349,0.09327901198851034,-0.005208946655079004,0.018252006417480336,1.0582010582010581,0.42328042328042326,0.3693573101150533,35,8175.350309221959,-0.002604473327539502,0.009126003208740168,-21.292481823660413,7761.592957501701,-0.003385815325801353,0.011863804171362218,-31.680226370758536,4592.658554734734,-0.0044276046568171535,0.015514205454858286,-58.1972191002227,2685.672303633806,-0.006250735986094805,0.021902407700976404,-211.10195637678498,1347.498777344045,push,-21.292481823660413
tariff_18,HIGH,tariff_1,history_sparse,8,-0.6419780098568909,0.024844720496894408,-0.36902951316161475,0.09390094482168453,0.17696719311331421,0.021224207612579662,0.00811297881724241,0.024050178023763805,-0.008875225487559722,0.007988045339726437,-1.0529100529100528,-0.42116402116402113,0.01852108347734782,35,8175.350309221959,-0.004437612743779861,0.0039940226698632186,-36.27903871706799,40522.01624759324,-0.0057688965669138205,0.005192229470822185,-51.1627503321884,23977.5244068599,-0.007543941664425765,0.006789838538767471,-83.67436581901559,14021.458909201818,-0.010650270585071666,0.009585654407671724,-247.06969292096318,7035.072265207161,push,-36.27903871706799
tariff_18,HIGH,tariff_14,unseen_target,0,,,-0.14254555196954544,0.24693257795603032,0.2889216123034256,0.09221311475409837,0.0,0.12698924056376656,-0.018101751390355494,0.05335450643079599,0.19576719576719565,0.07830687830687827,0.3108752258914923,35,8175.350309221959,-0.009050875695177747,0.026677253215397996,-73.99407941330091,908.3011737488537,-0.011766138403731072,0.034680429180017396,-100.19230323729118,537.4563158277241,-0.015386488681802169,0.04535133046617659,-147.78993500261151,314.2910635809182,-0.021722101668426592,0.06402540771695518,-337.5857905919222,157.69117599806495,push,-73.99407941330091
tariff_18,HIGH,tariff_13,history,23,-0.37346908098187426,0.07142857142857142,-0.2888290732942876,0.07755903872576402,0.168865048154035,0.05838874127886656,0.013198463249263583,0.06616311185666679,-0.01910983028382736,0.017209104693144687,-0.5291005291005292,-0.21164021164021168,0.04359470984098851,35,8175.350309221959,-0.00955491514191368,0.008604552346572343,-78.11477846003358,8730.830069184321,-0.012421389684487786,0.011185918050544048,-105.54921199804367,5166.171638570603,-0.016243355741253254,0.014627738989172983,-154.79512338205708,3021.0484668457866,-0.02293179634059283,0.020650925631773624,-347.47546830408055,1515.7691092333891,push,-78.11477846003358
tariff_18,HIGH,tariff_19,unseen_target,0,,,-0.15370581835493954,0.22685552394524874,0.27196218256307864,0.09221311475409837,0.0,0.12698924056376656,-0.019518985143126024,0.051025347976494106,0.11111111111111105,0.044444444444444425,0.28597788001373065,35,8175.350309221959,-0.009759492571563012,0.025512673988247053,-79.78727061277708,993.1163652034944,-0.012687340343031917,0.03316647618472117,-107.72345179661022,587.6428196470381,-0.01659113737165712,0.04337154578001999,-157.63836004172103,343.63888069325066,-0.023422782171751227,0.06123041757179293,-351.489449470665,172.41603562560667,push,-79.78727061277708
tariff_18,HIGH,tariff_20,unseen_target,0,,,-0.16137850149489802,0.21335809025132002,0.26080965219042496,0.09221311475409837,0.0,0.12698924056376656,-0.020493333348155767,0.04956630586830286,0.05291005291005291,0.021164021164021163,0.2680373380774731,35,8175.350309221959,-0.010246666674077884,0.02478315293415143,-83.77008956241697,1052.443969004916,-0.01332066667630125,0.032218098814396856,-112.90111643114206,622.7479106537967,-0.0174193333459324,0.04213135998805743,-164.40915225610883,364.16746332350044,-0.02459200001778692,0.05947956704196343,-361.0482149498007,182.71596684113126,push,-83.77008956241697
tariff_18,HIGH,tariff_21,no_history_for_cell,0,,,-0.16835366798576934,0.11045316698496423,0.18627909731638811,0.09221311475409837,0.0,0.12698924056376656,-0.02137910444363735,0.0383534039448705,0.0,0.0,0.18305838983725592,35,8175.350309221959,-0.010689552221818674,0.01917670197243525,-87.39083406208958,1757.7789516268076,-0.013896417888364277,0.02492971256416583,-117.60808428071645,1040.1058885365724,-0.018172238777091745,0.032600393353139925,-170.56441790555226,608.2280109435321,-0.025654925332364818,0.0460240847338446,-369.738001749015,305.1699568796541,push,-87.39083406208958
tariff_18,HIGH,tariff_5,unseen_target,0,,,-0.17532883447664066,0.18964886438026254,0.24179886633465264,0.09221311475409837,0.0,0.12698924056376656,-0.02226487553911893,0.047249378179461565,-0.05291005291005291,-0.021164021164021163,0.23419473777855127,35,8175.350309221959,-0.011132437769559465,0.023624689089730783,-91.01157856176219,1158.1902218519479,-0.014472169100427305,0.03071209581665002,-122.31505213029085,685.3196579005607,-0.018925144208251088,0.04016197145254233,-176.7196835549957,400.7578622325079,-0.026717850646942716,0.05669925381535387,-378.4277885482293,201.07469129374095,push,-91.01157856176219
tariff_18,HIGH,tariff_6,unseen_target,0,,,-0.17532883447664066,0.18964886438026254,0.24179886633465264,0.09221311475409837,0.0,0.12698924056376656,-0.02226487553911893,0.047249378179461565,-0.05291005291005291,-0.021164021164021163,0.23419473777855127,35,8175.350309221959,-0.011132437769559465,0.023624689089730783,-91.01157856176219,1158.1902218519479,-0.014472169100427305,0.03071209581665002,-122.31505213029085,685.3196579005607,-0.018925144208251088,0.04016197145254233,-176.7196835549957,400.7578622325079,-0.026717850646942716,0.05669925381535387,-378.4277885482293,201.07469129374095,push,-91.01157856176219
tariff_18,HIGH,tariff_7,unseen_target,0,,,-0.17532883447664066,0.18964886438026254,0.24179886633465264,0.09221311475409837,0.0,0.12698924056376656,-0.02226487553911893,0.047249378179461565,-0.05291005291005291,-0.021164021164021163,0.23419473777855127,35,8175.350309221959,-0.011132437769559465,0.023624689089730783,-91.01157856176219,1158.1902218519479,-0.014472169100427305,0.03071209581665002,-122.31505213029085,685.3196579005607,-0.018925144208251088,0.04016197145254233,-176.7196835549957,400.7578622325079,-0.026717850646942716,0.05669925381535387,-378.4277885482293,201.07469129374095,push,-91.01157856176219
tariff_18,HIGH,tariff_3,unseen_target,0,,,-0.182304000967512,0.17830639667170362,0.23300895067367458,0.09221311475409837,0.0,0.12698924056376656,-0.023150646634600515,0.04627016007699332,-0.10582010582010581,-0.042328042328042326,0.21699254302149024,35,8175.350309221959,-0.011575323317300257,0.02313508003849666,-94.63232306143482,1207.7306410835554,-0.015047920312490337,0.030075604050045657,-127.02201997986528,714.6335154340564,-0.019678049639410437,0.03932963606544432,-182.8749492044392,417.8998758074588,-0.027780775961520617,0.05552419209239198,-387.11757534744356,209.6754585214506,push,-94.63232306143482
tariff_18,HIGH,tariff_17,unseen_target,0,,,-0.19625433394925465,0.1570161499410456,0.2171498822065278,0.09221311475409837,0.0,0.12698924056376656,-0.024922188825563678,0.044709490641855816,-0.21164021164021163,-0.08465608465608465,0.18305772770860906,35,8175.350309221959,-0.012461094412781839,0.022354745320927908,-101.87381206078003,1293.5185003720787,-0.016199422736616394,0.02906116891720628,-136.43595567901409,765.3955623503425,-0.021183860501729126,0.038003067045577446,-195.18548050332606,447.5842561841103,-0.029906626590676413,0.05365138877022698,-404.497148945872,224.5691840923748,push,-101.87381206078003
tariff_18,HIGH,tariff_9,no_history_for_cell,0,,,-0.21020466693099732,0.11045316698496423,0.18627909731638811,0.09221311475409837,0.0,0.12698924056376656,-0.026693731016526844,0.04123135637874271,-0.31746031746031744,-0.12698412698412698,0.12956720472007122,35,8175.350309221959,-0.013346865508263422,0.020615678189371354,-109.11530106012526,1520.9566812354763,-0.01735092516074245,0.02680038164618276,-145.84989137816285,899.9743675949564,-0.022689671364047818,0.0350466529219313,-207.49601180221296,526.2825886627946,-0.03203247721983221,0.04947762765449125,-421.8767225443006,264.05497938115906,push,-109.11530106012526
tariff_18,HIGH,tariff_16,unseen_target,0,,,-0.21020466693099732,0.1382951928523079,0.2040234309241393,0.09221311475409837,0.0,0.12698924056376656,-0.026693731016526844,0.04372451538915503,-0.31746031746031744,-0.12698412698412698,0.15143537462928913,35,8175.350309221959,-0.013346865508263422,0.021862257694577517,-109.11530106012526,1352.4526814185053,-0.01735092516074245,0.028420935002950773,-145.84989137816285,800.267858827518,-0.022689671364047818,0.03716583808078178,-207.49601180221296,467.97670637318527,-0.03203247721983221,0.05246941846698604,-421.8767225443006,234.80081274626835,push,-109.11530106012526
tariff_18,HIGH,tariff_10,history,67,0.0013975614493127134,0.2080745341614907,-0.09942242565684647,0.055152275037868764,0.15981793842323433,0.2499847859729605,0.024373327013780186,0.28326987351550187,-0.028163377940419287,0.05377372954560316,0.21164021164021163,0.08465608465608465,0.2669387030711578,35,8175.350309221959,-0.014081688970209644,0.02688686477280158,-115.12274027697086,894.1940416730043,-0.018306195661272538,0.03495292420464206,-153.65956236006213,529.1089003982274,-0.023938871249356397,0.045707670113762686,-217.70865847085048,309.4097030010396,-0.033796053528503144,0.06452847545472379,-436.2945766647301,155.2420211237855,push,-115.12274027697086
tariff_18,HIGH,tariff_15,unseen_target,0,,,-0.2311301664036113,0.117697272082728,0.1906637035613116,0.09221311475409837,0.0,0.12698924056376656,-0.029351044302971592,0.04340601926685773,-0.4761904761904762,-0.1904761904761905,0.11271026355737962,35,8175.350309221959,-0.014675522151485796,0.021703009633428864,-119.97753455914311,1372.3730188060742,-0.01907817879693154,0.028213912523457525,-159.97079492688607,812.0550407136534,-0.024948387657525852,0.03689511637682907,-225.96180875054327,474.8695566803025,-0.03522125316356591,0.05208722312022927,-447.9460829419435,238.25920465383237,push,-119.97753455914311
tariff_18,HIGH,tariff_4,history,49,-0.15520468166792878,0.15217391304347827,-0.2008349849793813,0.06268232511337034,0.16257021215960277,0.13161916801921264,0.019029951198267794,0.1491440566349135,-0.029953344374036846,0.03239679987650059,-0.26455026455026454,-0.10582010582010581,0.10834570467907695,35,8175.350309221959,-0.014976672187018423,0.016198399938250296,-122.43954159525698,2463.5867663449662,-0.019469673843123952,0.021057919919725384,-163.17140407383408,1457.7436487248324,-0.02546034271793132,0.027537279895025503,-230.14722071193685,852.4521682854553,-0.03594401324884422,0.03887615985180071,-453.8548998286168,427.70603582377896,push,-122.43954159525698
tariff_18,HIGH,tariff_2,unseen_target,0,,,-0.2374078162453955,0.1139184793080466,0.18835450599297549,0.09221311475409837,0.0,0.12698924056376656,-0.03014823828890502,0.04358712628428628,-0.5238095238095238,-0.20952380952380956,0.10375700254891829,35,8175.350309221959,-0.01507411914445251,0.02179356314214314,-123.23620460884847,1360.9921344433587,-0.019596354887788263,0.028331632084786083,-164.20706599150301,805.3207896114548,-0.025626002545569262,0.037049057341643335,-231.50154783504237,470.9315344094666,-0.03617788594668602,0.05230455154114353,-455.7668910612363,236.28335667419424,push,-123.23620460884847
tariff_18,HIGH,tariff_8,history,127,-0.08742692664376395,0.3944099378881988,-0.14527675602343154,0.043302500390476825,0.1561252911608726,0.38063508845622535,0.027330696470648824,0.4313160616671263,-0.06266019825980247,0.08362837854851184,-0.05291005291005291,-0.021164021164021163,0.17605253125283932,35,8175.350309221959,-0.031330099129901236,0.04181418927425592,-256.1345356095927,369.7130121586231,-0.0407291288688716,0.05435844605653269,-336.9748962924705,218.765095951848,-0.0532611685208321,0.07108412176623506,-457.42871053630756,127.92837790955817,-0.07519223791176295,0.1003540542582142,-774.7228854630224,64.18628683309429,push,-256.1345356095927
tariff_6,MID,tariff_11,history_sparse,10,0.8356863339013175,0.09900990099009901,0.5797405165825675,0.17939051748752338,0.23383959836700333,0.09235679540407317,0.02769075994000062,0.10465395984233489,0.060672140741406505,0.04804731581840774,0.582010582010582,0.2328042328042328,0.9934165526261824,34,3980.929436404864,0.030336070370703253,0.02402365790920387,120.765755523582,1120.0407597780293,0.039436891481914225,0.03123075528196503,152.99548218065658,662.7460117029758,0.05157131963019553,0.04084021844564657,183.3017843900894,387.5573563245777,0.07280656888968781,0.057656778982089284,129.8378132565968,194.45152079479672,digital_ads,183.3017843900894
tariff_6,MID,tariff_10,history,25,0.11066721331385106,0.24752475247524752,0.19144470907135278,0.14409703712643576,0.207999894491842,0.23664886582947994,0.040649691873823404,0.2681582962346941,0.05133748700772065,0.070434072984061,0.26455026455026454,0.10582010582010581,0.8213201325855373,34,3980.929436404864,0.025668743503860326,0.0352170364920305,102.1854566100437,521.2024911175156,0.033369366555018425,0.04578214743963965,128.84109359305683,308.4038408979382,0.04363686395656255,0.059868962036451846,151.71527623707428,180.34688273962482,0.061604984409264776,0.0845208875808732,85.24509586410488,90.48654359679091,digital_ads,151.71527623707428
tariff_6,MID,tariff_14,unseen_target,0,,,0.3115398531246103,0.30976162068898044,0.34416894347378846,0.09221311475409837,0.0,0.12698924056376656,0.03956220935364164,0.0708927903116899,0.24867724867724855,0.09947089947089943,0.8173188366141688,34,3980.929436404864,0.01978110467682082,0.03544639515584495,78.74718189256193,514.4793503012851,0.02571543607986707,0.046080313702598436,98.37133646033053,304.425651065849,0.03362787795059539,0.060258871764936404,111.87020921735527,178.02053643643086,0.04747465122436997,0.08507134837402787,28.993236542148622,89.31933164952866,digital_ads,111.87020921735527
tariff_6,MID,tariff_19,unseen_target,0,,,0.2787029389574315,0.3104646117031008,0.3448017910625714,0.09221311475409837,0.0,0.12698924056376656,0.03539227456109401,0.06898494420724452,0.16402116402116396,0.06560846560846559,0.7905407576669736,34,3980.929436404864,0.017696137280547006,0.03449247210362226,70.4470738107911,543.3297107023263,0.023004978464711112,0.044840213734708936,87.58119595402844,321.49687023806297,0.03008343337692991,0.05863720257615784,97.76002547834487,188.0033601046112,0.04247072947331282,0.08278193304869343,9.072977145898648,94.32807477470944,digital_ads,97.76002547834487
tariff_6,MID,tariff_8,history_sparse,9,0.3035867434686155,0.0891089108910891,0.2572029664647765,0.18271709522890867,0.236401220151018,0.11218410987073857,0.030183527711555375,0.1271212505587063,0.03269596274441138,0.04057762150264738,0.0,0.0,0.8617009886454831,34,3980.929436404864,0.01634798137220569,0.02028881075132369,65.08016027041202,1570.3588815921257,0.0212523757838674,0.0263754539767208,80.60420835153563,929.2064388119086,0.027791568332749674,0.03449097827725028,88.63627245970044,543.3767756374137,0.03923515529329366,0.04869314580317686,-3.807615351011151,272.6317502764108,digital_ads,88.63627245970044
tariff_6,MID,tariff_20,unseen_target,0,,,0.256127560467496,0.3109489580377246,0.34523796793624334,0.09221311475409837,0.0,0.12698924056376656,0.03252544439121752,0.06777591696867115,0.10582010582010581,0.042328042328042326,0.7709220986804697,34,3980.929436404864,0.01626272219560876,0.033887958484335574,64.74074950457366,562.887085657573,0.02114153885429139,0.044054346029636246,80.16297435594576,333.06928145418516,0.027646627732534887,0.05760952942337048,88.05927415777519,194.77061787459272,0.03903053326946102,0.08133110036240537,-4.6222011890232295,97.72345237110645,digital_ads,88.05927415777519
tariff_6,MID,tariff_18,unseen_target,0,,,0.2356044891130092,0.31139000440326436,0.3456352627297524,0.09221311475409837,0.0,0.12698924056376656,0.02991923514587525,0.06675382086990296,0.05291005291005291,0.021164021164021163,0.7522718787679279,34,3980.929436404864,0.014959617572937624,0.03337691043495148,59.553181953466876,580.2562551552189,0.019447502844818915,0.043389983565436926,73.41913653950695,343.3468965415496,0.02543134987399396,0.056740747739417514,79.24040932089369,200.7807111263733,0.0359030821750503,0.08010458504388356,-17.07236331167951,100.73893318666995,digital_ads,79.24040932089369
tariff_6,MID,tariff_5,unseen_target,0,,,0.2150814177585224,0.31183174439607664,0.3460332885909968,0.09221311475409837,0.0,0.12698924056376656,0.027313025900532976,0.06580861486583307,0.0,0.0,0.7328853039696931,34,3980.929436404864,0.013656512950266488,0.03290430743291654,54.3656144023601,597.0443447395868,0.017753466835346437,0.0427755996627915,66.67529872306814,353.2806773607022,0.02321607201545303,0.05593732263595811,70.42154448401216,206.5897386642169,0.03277563108063957,0.07897033783899969,-29.522525434335762,103.65353207284492,digital_ads,70.42154448401216
tariff_6,MID,tariff_7,unseen_target,0,,,0.2150814177585224,0.31183174439607664,0.3460332885909968,0.09221311475409837,0.0,0.12698924056376656,0.027313025900532976,0.06580861486583307,0.0,0.0,0.7328853039696931,34,3980.929436404864,0.013656512950266488,0.03290430743291654,54.3656144023601,597.0443447395868,0.017753466835346437,0.0427755996627915,66.67529872306814,353.2806773607022,0.02321607201545303,0.05593732263595811,70.42154448401216,206.5897386642169,0.03277563108063957,0.07897033783899969,-29.522525434335762,103.65353207284492,digital_ads,70.42154448401216
tariff_6,MID,tariff_3,unseen_target,0,,,0.1945583464040356,0.31227417507256633,0.34643204300014135,0.09221311475409837,0.0,0.12698924056376656,0.024706816655190703,0.06494365627549438,-0.05291005291005291,-0.021164021164021163,0.7128077861569224,34,3980.929436404864,0.012353408327595352,0.03247182813774719,49.17804685125332,613.0538413174914,0.01605943082587396,0.04221337657907135,59.931460906629326,362.7537522588705,0.021000794156912098,0.05520210783417022,61.60267964713064,212.12935685726347,0.029648179986228845,0.07793238753059326,-41.97268755699203,106.43295856206446,digital_ads,61.60267964713064
tariff_6,MID,tariff_17,unseen_target,0,,,0.15351220369506202,0.3131610967625215,0.3472317274177366,0.09221311475409837,0.0,0.12698924056376656,0.019494398164506165,0.06346730197743004,-0.15873015873015872,-0.06349206349206349,0.6707926791477279,34,3980.929436404864,0.009747199082253083,0.03173365098871502,38.80291174903977,641.9068578297275,0.012671358806929009,0.04125374628532953,46.44378527375171,379.8265430945132,0.01657023843983024,0.05394720668081553,43.96494997336761,222.11309959506147,0.023393277797407398,0.07616076237291605,-66.87301180230455,111.44216281766101,sms,46.44378527375171
tariff_6,MID,tariff_16,unseen_target,0,,,0.11246606098608841,0.31405074616537,0.3480342959638111,0.09221311475409837,0.0,0.12698924056376656,0.014281979673821622,0.0623484754450764,-0.26455026455026454,-0.10582010582010581,0.6267078481422339,34,3980.929436404864,0.007140989836910811,0.0311742377225382,28.427776646826217,665.1512503626248,0.009283286787984056,0.04052650903929966,32.95610964087409,393.5806215163459,0.012139682722748379,0.05299620412831494,26.32722029960457,230.15614199398777,0.017138375608585946,0.07481817053409168,-91.77333604761708,115.4776476324001,sms,32.95610964087409
tariff_6,MID,tariff_4,history_sparse,13,0.0637712102839933,0.12871287128712872,0.09216085485708103,0.1697284753385417,0.2265121527440547,0.12831192017818552,0.03198577827143692,0.145396453859945,0.013399861480920672,0.03930130255819517,-0.21164021164021163,-0.08465608465608465,0.657948029899202,34,3980.929436404864,0.006699930740460336,0.019650651279097583,26.67195150657239,1674.0105861208867,0.008709909962598437,0.02554584666282686,30.673536958544105,990.538808355554,0.01138988225878257,0.03340610717446589,23.34231756117306,579.2424173428674,0.016079833777104806,0.0471615630698342,-95.98731638422626,290.62683786820946,sms,30.673536958544105
tariff_6,MID,tariff_12,history_sparse,2,-0.1984072126220886,0.019801980198019802,0.5701869927681475,0.2136146313974627,0.2610195600852048,0.019944112130824802,0.013371361840571739,0.02259963980883545,0.012886020660243198,0.01441402092430108,1.111111111111111,0.4444444444444444,0.98553579702803,34,3980.929436404864,0.006443010330121599,0.00720701046215054,25.649169482241696,12445.197483101647,0.00837591342915808,0.009369113600795701,29.34392032691421,7364.022179350087,0.01095311756120672,0.012251917785655918,21.603588119810887,4306.296706955587,0.015463224792291837,0.017296825109161296,-98.44199324261993,2160.62456303848,sms,29.34392032691421
tariff_6,MID,tariff_15,unseen_target,0,,,0.050896846922628,0.31539028421811166,0.3492435130094491,0.09221311475409837,0.0,0.12698924056376656,0.006463351937794809,0.0613816721072629,-0.4232804232804233,-0.16931216931216933,0.5579345280162364,34,3980.929436404864,0.0032316759688974044,0.03069083605363145,12.865073993505888,686.2694384652282,0.0042011787595666265,0.039898086869720885,12.724596191557655,406.07659080782724,0.005493849147125587,0.05217442129117346,-0.12937421103999114,237.46347351738004,0.00775602232535377,0.07365800652871547,-129.12382241558586,119.14399973354661,push,12.865073993505888
tariff_6,MID,tariff_2,unseen_target,0,,,0.032426082703589876,0.3157933207167288,0.3496075248179002,0.09221311475409837,0.0,0.12698924056376656,0.004117763616986765,0.0612636924688184,-0.47089947089947093,-0.1883597883597884,0.5369488957429757,34,3980.929436404864,0.0020588818084933823,0.0306318462344092,8.196263197509788,688.9151745493358,0.0026765463510413975,0.039821400104731966,6.655142156762727,407.6421151179502,0.00350009907443875,0.05207413859849564,-8.06635256423336,238.3789531312581,0.004941316340384118,0.07351643096258208,-140.32896832597652,119.60332891481526,push,8.196263197509788
tariff_6,MID,tariff_9,history_sparse,3,-0.12872426315397897,0.0297029702970297,0.06957615318091954,0.2078864080663798,0.25635280115251596,0.03229908486619926,0.016908635079982425,0.03659965805160783,0.0025464634149679416,0.01217100243316348,-0.26455026455026454,-0.10582010582010581,0.6069613033020339,34,3980.929436404864,0.0012732317074839708,0.00608550121658174,5.068645583686967,17454.981398639058,0.0016552012197291622,0.007911151581556261,2.5892392587930573,10328.391360141457,0.0021644939027227503,0.010345352068188957,-13.383302507732157,6039.785951086181,0.00305575609796153,0.014605202919796174,-147.83525059915127,3030.3787150415033,push,5.068645583686967
tariff_6,MID,tariff_21,history_sparse,1,-0.7999990988920878,0.009900990099009901,0.17704393640040691,0.21930867802270476,0.2656996354082301,0.010222894702336895,0.009620519237458163,0.011584057317818107,0.002050887107034457,0.0053772177619417485,0.05291005291005291,0.021164021164021163,0.7474002616599499,34,3980.929436404864,0.0010254435535172286,0.0026886088809708743,4.082218427568342,89424.565733134,0.0013330766195723972,0.0034951915452621366,1.3068839558388445,52913.94422078934,0.0017432540409792886,0.004570635097650486,-15.060228673133818,30942.756309042907,0.0024610645284413486,0.006452661314330098,-150.20267577383598,15525.098217557987,push,4.082218427568342
tariff_6,MID,tariff_1,history_sparse,10,-0.594149071205518,0.09900990099009901,-0.3141710026551953,0.17928447386834861,0.23375825668893618,0.09747252103315986,0.028367050569661895,0.11045083642524878,-0.03470045002382538,0.03743516234906176,-1.0,-0.4,0.08947425870046088,34,3980.929436404864,-0.01735022501191269,0.01871758117453088,-69.07002147817116,1845.0691482163718,-0.022555292515486495,0.024332855526890143,-93.7910279216225,1091.756892435723,-0.02949538252025157,0.031819887996702496,-139.41903651289095,638.4322312167376,-0.04164054002859045,0.04492219481887411,-325.76805154761075,320.3245048986757,push,-69.07002147817116
tariff_6,MID,tariff_13,history,28,-0.34120554572033734,0.27722772277227725,-0.21278575094199265,0.1391160654092449,0.20458074116335903,0.27055969598500207,0.04248829421463625,0.3065843009676359,-0.06523677070842429,0.080742781097272,-0.4761904761904762,-0.1904761904761905,0.14914522083138165,34,3980.929436404864,-0.032618385354212145,0.040371390548636,-129.85149042458042,396.6109318472535,-0.04240390096047579,0.052482807713226796,-172.80693755195458,234.6810247616884,-0.05545125510216064,0.0686313639326812,-242.7475337217867,137.23561655614304,-0.07828412485010915,0.09689133731672639,-471.643577018993,68.85606455681486,push,-129.85149042458042
tariff_19,HIGH,tariff_11,history_sparse,5,-0.01092767580942503,0.08196721311475409,-0.07110210955365523,0.09823068863353801,0.17930217006332938,0.10446129778003348,0.036274857234483544,0.11837015798479804,-0.008416367940918587,0.026062152031419365,0.417989417989418,0.16719576719576723,0.3458500063078098,33,7859.115562018192,-0.0042081839704592935,0.013031076015709683,-33.072604130072136,3806.725322602674,-0.005470639161597081,0.016940398820422586,-46.99438536909378,2252.500190889157,-0.007153912749780799,0.02215282922670646,-78.22342702112263,1317.2059939801638,-0.010099641529102303,0.03127458243770324,-239.37424991217313,660.8898129518533,push,-33.072604130072136
tariff_19,HIGH,tariff_12,history_sparse,6,-0.22773216001880733,0.09836065573770492,-0.0870682304829709,0.09834243994824367,0.17936341738206796,0.10955014185975297,0.03704222201291921,0.12413657378163045,-0.010808351817385322,0.02756214030781555,0.9470899470899471,0.37883597883597886,0.31368598096232186,33,7859.115562018192,-0.005404175908692661,0.013781070153907775,-42.47204298389029,3403.6603101880314,-0.007025428681300461,0.017915391200080108,-59.21365587905739,2014.000183543214,-0.009187099044777523,0.023427819261643217,-94.20247307261349,1177.737131552952,-0.012970022180862385,0.03307456836937866,-261.9329031613367,590.9132482965332,push,-42.47204298389029
tariff_19,HIGH,tariff_10,history_sparse,2,-0.0033573177347406974,0.03278688524590164,-0.13934209683919663,0.10456063830970955,0.18284673112673877,0.07571305280987149,0.03137434100052993,0.08579412866847282,-0.011954733785156834,0.021031977604472247,0.10052910052910058,0.04021164021164023,0.2230089690388582,33,7859.115562018192,-0.005977366892578417,0.010515988802236123,-46.97681716535536,5845.368131912552,-0.0077705769603519425,0.01367078544290696,-65.06986231496197,3458.7977111908585,-0.01016152371738331,0.01787718096380141,-101.86058918110412,2022.6187307655885,-0.014345680542188202,0.025238373125366694,-272.7443611968529,1014.820856234818,push,-46.97681716535536
tariff_19,HIGH,tariff_14,unseen_target,0,,,-0.15719340160037523,0.2206858272780569,0.2668374680613657,0.09221311475409837,0.0,0.12698924056376656,-0.019961870690866818,0.05034695135183365,0.0846560846560846,0.03386243386243384,0.27789778905642093,33,7859.115562018192,-0.009980935345433409,0.025173475675916827,-78.44132429679313,1020.0600356779386,-0.012975215949063434,0.03272551837869188,-105.97372158583107,603.5858199277742,-0.016967590087236795,0.042794908649058605,-155.3502513045483,352.9619500615704,-0.02395424482904018,0.06041634162220038,-348.25917831230345,177.0937561940866,push,-78.44132429679313
tariff_19,HIGH,tariff_13,history_sparse,5,-0.49950089507132756,0.08196721311475409,-0.30343557418703543,0.09928982987373601,0.17988460277732346,0.061200455511166416,0.028428214657796783,0.06934920148946334,-0.021043014773367723,0.022167287057794,-0.6402116402116402,-0.2560846560846561,0.0458175789952916,33,7859.115562018192,-0.010521507386683861,0.011083643528897,-82.68974243857649,5261.9534080070725,-0.01367795960268902,0.0144087365875661,-111.49666517014944,3113.581898229036,-0.017886562557362564,0.018842193999124898,-162.57256214558004,1820.7451238778797,-0.025251617728041267,0.0266007444693528,-358.45538185258357,913.5335777790056,push,-82.68974243857649
tariff_19,HIGH,tariff_4,history_sparse,5,-0.2757334341212609,0.08196721311475409,-0.23500430204108047,0.09798570652684138,0.1791680738400798,0.08037221482256794,0.03224369720049005,0.09107365089574751,-0.021402699763088166,0.024933509843492425,-0.3756613756613756,-0.15026455026455024,0.09482054212204144,33,7859.115562018192,-0.010701349881544083,0.012466754921746212,-84.10314538864463,4159.156417073231,-0.01391175484600731,0.016206781398270077,-113.33408900523804,2461.039300043332,-0.01819229479862494,0.02119348336696856,-164.9753471606959,1439.1544695755128,-0.0256832397157058,0.029920211812190907,-361.84754893274715,722.0757668529915,push,-84.10314538864463
tariff_19,HIGH,tariff_20,unseen_target,0,,,-0.1760263511257278,0.18849726939754688,0.24089670103662972,0.09221311475409837,0.0,0.12698924056376656,-0.022353452648667088,0.04714582370182802,-0.058201058201058135,-0.023280423280423256,0.23247723664994407,33,7859.115562018192,-0.011176726324333544,0.02357291185091401,-87.83918378798813,1163.2836741150122,-0.014529744221633608,0.030644785406188216,-118.19093892438458,688.3335349792972,-0.019000434751367024,0.040073950146553815,-171.32661243957983,402.52030246194204,-0.026824143178400504,0.05657498844219362,-370.81404109117153,201.958971200523,push,-87.83918378798813
tariff_19,HIGH,tariff_18,unseen_target,0,,,-0.18300151761659914,0.1771947082252803,0.2321593517889,0.09221311475409837,0.0,0.12698924056376656,-0.023239223744148673,0.04617926768632352,-0.11111111111111105,-0.044444444444444425,0.2152728400566153,33,7859.115562018192,-0.011619611872074337,0.02308963384316176,-91.31987248843075,1212.4895539760719,-0.01510549543369664,0.03001652399611029,-122.71583423496,717.4494402225278,-0.01975334018252637,0.039252377533374995,-177.24378323033227,419.546558469229,-0.027887068492978406,0.05541512122358822,-379.1676939722338,210.50165867640143,push,-91.31987248843075
tariff_19,HIGH,tariff_21,no_history_for_cell,0,,,-0.18300151761659914,0.11045316698496423,0.18627909731638811,0.09221311475409837,0.0,0.12698924056376656,-0.023239223744148673,0.039311415585784194,-0.11111111111111105,-0.044444444444444425,0.1629501806805158,33,7859.115562018192,-0.011619611872074337,0.019655707792892097,-91.31987248843075,1673.149404328238,-0.01510549543369664,0.02555242013075973,-122.71583423496,990.0292333303181,-0.01975334018252637,0.033414703247916566,-177.24378323033227,578.944430563404,-0.027887068492978406,0.04717369870294103,-379.1676939722338,290.47732714031906,push,-91.31987248843075
tariff_19,HIGH,tariff_5,unseen_target,0,,,-0.18997668410747046,0.16633507107529852,0.22398070423504032,0.09221311475409837,0.0,0.12698924056376656,-0.024124994839630255,0.04534359710842383,-0.16402116402116396,-0.06560846560846559,0.19816795898159284,33,7859.115562018192,-0.012062497419815127,0.022671798554211916,-94.80056118887335,1257.5931100213081,-0.015681246645759667,0.029473338120475492,-127.24072954553537,744.1379349238508,-0.020506245613685713,0.03854205754216026,-183.16095402108468,435.1533252668885,-0.028949993807556303,0.0544123165301086,-387.521346853296,218.33213715647707,push,-94.80056118887335
tariff_19,HIGH,tariff_6,unseen_target,0,,,-0.18997668410747046,0.16633507107529852,0.22398070423504032,0.09221311475409837,0.0,0.12698924056376656,-0.024124994839630255,0.04534359710842383,-0.16402116402116396,-0.06560846560846559,0.19816795898159284,33,7859.115562018192,-0.012062497419815127,0.022671798554211916,-94.80056118887335,1257.5931100213081,-0.015681246645759667,0.029473338120475492,-127.24072954553537,744.1379349238508,-0.020506245613685713,0.03854205754216026,-183.16095402108468,435.1533252668885,-0.028949993807556303,0.0544123165301086,-387.521346853296,218.33213715647707,push,-94.80056118887335
tariff_19,HIGH,tariff_7,unseen_target,0,,,-0.18997668410747046,0.16633507107529852,0.22398070423504032,0.09221311475409837,0.0,0.12698924056376656,-0.024124994839630255,0.04534359710842383,-0.16402116402116396,-0.06560846560846559,0.19816795898159284,33,7859.115562018192,-0.012062497419815127,0.022671798554211916,-94.80056118887335,1257.5931100213081,-0.015681246645759667,0.029473338120475492,-127.24072954553537,744.1379349238508,-0.020506245613685713,0.03854205754216026,-183.16095402108468,435.1533252668885,-0.028949993807556303,0.0544123165301086,-387.521346853296,218.33213715647707,push,-94.80056118887335
tariff_19,HIGH,tariff_1,history_sparse,3,-0.5125228282284336,0.04918032786885246,-0.332857788465434,0.1026482265734615,0.18175989221683833,0.0659869703018367,0.029443632298369903,0.07477303332009287,-0.024888786507778322,0.024873494840990377,-1.164021164021164,-0.4656084656084656,0.03352752038180995,33,7859.115562018192,-0.012444393253889161,0.012436747420495189,-97.8019246815145,4179.251133734826,-0.016177711230055913,0.016167771646643746,-131.14250208596889,2472.9296649318494,-0.02115546853161157,0.02114247061484182,-188.26327195857465,1446.1076587317737,-0.029866543809333984,0.02984819380918845,-394.7246192356348,725.5644329400741,push,-97.8019246815145
tariff_19,HIGH,tariff_3,unseen_target,0,,,-0.19695185059834178,0.15601087881964681,0.2164241075067159,0.09221311475409837,0.0,0.12698924056376656,-0.025010765935111836,0.04464616217080324,-0.21693121693121686,-0.08677248677248675,0.1814040509501879,33,7859.115562018192,-0.012505382967555918,0.02232308108540162,-98.28124988931594,1297.1906926635365,-0.016256997857822694,0.02902000541102211,-131.76562485611072,767.5684571973588,-0.02125915104484506,0.037949237845182754,-189.0781248118371,448.8549109562411,-0.0300129191221342,0.05357539460496389,-395.87499973435825,225.20671747630846,push,-98.28124988931594
tariff_19,HIGH,tariff_17,unseen_target,0,,,-0.21090218358008445,0.13744603585626233,0.203448796439303,0.09221311475409837,0.0,0.12698924056376656,-0.026782308126075002,0.04369117395741224,-0.3227513227513227,-0.12910052910052908,0.1499529512671272,33,7859.115562018192,-0.013391154063037501,0.02184558697870612,-105.24262729020116,1354.5176254408154,-0.017408500281948753,0.028399263072317958,-140.81541547726152,801.4897191957485,-0.02276496190716375,0.037137497863800405,-200.91246639334196,468.69121987571464,-0.03213876975129,0.052429408748894686,-412.5823054964828,235.1593099723638,push,-105.24262729020116
tariff_19,HIGH,tariff_9,no_history_for_cell,0,,,-0.2248525165618271,0.11045316698496423,0.18627909731638811,0.09221311475409837,0.0,0.12698924056376656,-0.028553850317038165,0.04233383377559921,-0.4285714285714285,-0.1714285714285714,0.11370196661300375,33,7859.115562018192,-0.014276925158519083,0.021166916887799606,-112.20400469108635,1442.769286095062,-0.01856000270607481,0.027516991954139487,-149.86520609841227,853.7096367426402,-0.02427077276948244,0.03598375870925933,-212.7468079748468,499.2281266764921,-0.034264620380445796,0.05080060053071905,-429.28961125860724,250.48077883594826,push,-112.20400469108635
tariff_19,HIGH,tariff_16,unseen_target,0,,,-0.2248525165618271,0.1226948247099669,0.1937885961830817,0.09221311475409837,0.0,0.12698924056376656,-0.028553850317038165,0.04335252495104185,-0.4285714285714285,-0.1714285714285714,0.12296375347583227,33,7859.115562018192,-0.014276925158519083,0.021676262475520926,-112.20400469108635,1375.7619540533806,-0.01856000270607481,0.028179141218177207,-149.86520609841227,814.0603278422369,-0.02427077276948244,0.03684964620838557,-212.7468079748468,476.0421986343879,-0.034264620380445796,0.05202302994125022,-429.28961125860724,238.84756146760083,push,-112.20400469108635
tariff_19,HIGH,tariff_15,unseen_target,0,,,-0.2457780160344411,0.11098551626973145,0.18659524329858684,0.09221311475409837,0.0,0.12698924056376656,-0.031211163603482917,0.04402422912608984,-0.5873015873015873,-0.23492063492063495,0.0938905009421433,33,7859.115562018192,-0.015605581801741458,0.02201211456304492,-122.64607079241418,1334.1005665399402,-0.020287256342263898,0.028615748931958396,-163.43989203013845,789.4086192544024,-0.026529489062960477,0.037420594757176365,-230.49832034710408,461.626493612436,-0.0374533963241795,0.05282907495130781,-454.3505699017941,231.61468169096182,push,-122.64607079241418
tariff_19,HIGH,tariff_2,unseen_target,0,,,-0.2520556658762253,0.1104697247675496,0.18628891563970779,0.09221311475409837,0.0,0.12698924056376656,-0.03200835758941634,0.04449517321749818,-0.6349206349206349,-0.25396825396825395,0.0880220163501329,33,7859.115562018192,-0.01600417879470817,0.02224758660874909,-125.77869062281253,1306.0093472165358,-0.020805432433120625,0.028921862591373818,-167.5122978096563,772.7865959861158,-0.027207103951003887,0.03782089723487345,-235.82377405878128,451.9063485178325,-0.03841002910729961,0.053394207860997814,-461.8688574947501,226.73773389175972,push,-125.77869062281253
tariff_19,HIGH,tariff_8,history,35,-0.29886401697706366,0.5737704918032787,-0.24504577662599594,0.06784180938188927,0.16462840307859575,0.5026400637207085,0.059299328288316334,0.5695658106545318,-0.1395696964114547,0.13163355098389676,-0.16402116402116396,-0.06560846560846559,0.06831242351421701,33,7859.115562018192,-0.06978484820572735,0.06581677549194838,-548.4471865267091,149.22407469671893,-0.09072030266744556,0.0855618081395329,-716.9813424847218,88.29826905131296,-0.11863424194973649,0.11188851833631223,-954.3602170954053,51.63462792274013,-0.16748363569374564,0.1579602611806761,-1476.2732476641017,25.90695741262482,push,-548.4471865267091
tariff_1,MID,tariff_8,history,125,0.7851274525206258,0.3980891719745223,0.7626033564668658,0.0781478842009119,0.16913631131451087,0.3949566643827789,0.027503975650596094,0.4475445332737796,0.3412989632429812,0.20298528981910552,1.0,0.4,0.9999967403747574,32,5161.533295231365,0.1706494816214906,0.10149264490955276,880.8129812032965,62.7542229989897,0.22184432610793778,0.1319404383824186,1141.0568755642855,37.13267633076314,0.290104118756534,0.1725374963462397,1475.3820680456042,21.714264013491242,0.4095587558915775,0.24358234778292662,1953.9511548879118,10.894830381769046,call,1953.9511548879118
tariff_1,MID,tariff_4,history,51,0.9970311136625141,0.1624203821656051,0.873323679307346,0.11285661016328906,0.18771418288863684,0.1620839050379861,0.02073469840997736,0.18366512626082432,0.16039910382655134,0.09694948211266922,0.7883597883597884,0.31534391534391537,0.999998359624599,32,5161.533295231365,0.08019955191327567,0.04847474105633461,413.9526574630087,275.0939896244106,0.10425941748725838,0.063017163373235,534.1384547019113,162.77750865349736,0.13633923825256866,0.08240705979576884,681.7195176871148,95.18823170394832,0.1924789245918616,0.11633937853520307,833.4863779112209,47.7593731986824,call,833.4863779112209
tariff_1,MID,tariff_9,history,27,1.329361829815006,0.08598726114649681,1.0212750239769242,0.13979679418638394,0.205044248065607,0.08317102664802305,0.015536661602701559,0.09424512018618711,0.09625018737785634,0.05951945153598839,0.7354497354497355,0.2941798941798942,0.9999996833154658,32,5161.533295231365,0.04812509368892817,0.029759725767994193,248.3992734115316,729.8846792866362,0.06256262179560662,0.03868764349839245,318.91905543499104,431.8844256133942,0.08181265927117788,0.05059153380559013,400.2787647996036,252.55525234831697,0.11550022485342759,0.07142334184318606,436.15825618767565,126.71609015392991,call,436.15825618767565
tariff_1,MID,tariff_14,unseen_target,0,,,0.6994259017244109,0.3015974526986025,0.3368397593430529,0.09221311475409837,0.0,0.12698924056376656,0.08881956409061056,0.10267549741049646,1.2486772486772486,0.49947089947089945,0.981073136444636,32,5161.533295231365,0.04440978204530528,0.05133774870524823,229.22256866081128,245.26662663548683,0.05773271665889687,0.0667390733168227,293.98933925905465,145.12818144111648,0.07549662947701898,0.087274172798922,367.67836672337916,84.86734485656982,0.10658347690873267,0.12321059689259575,390.13416478594695,42.58101156866091,call,390.13416478594695
tariff_1,MID,tariff_19,unseen_target,0,,,0.666588987557232,0.3022783332474932,0.33744953808070705,0.09221311475409837,0.0,0.12698924056376656,0.08464962929806293,0.09953069091458833,1.164021164021164,0.4656084656084656,0.9758871299895142,32,5161.533295231365,0.04232481464903146,0.04976534545729416,218.4609400254721,261.0105436062685,0.05502225904374091,0.06469494909448241,279.99922203311377,154.4441086427625,0.07195218490335348,0.08460108727740008,349.3835980433025,90.31506699178843,0.1015795551576755,0.11943682909750598,364.306256061133,45.31433048719942,call,364.306256061133
tariff_1,MID,tariff_13,history,66,0.33500871341221405,0.21019108280254778,0.34329895131275007,0.10243158586966646,0.18163763317048273,0.21120683257442335,0.02296482089495169,0.239328695608852,0.08216129022156726,0.06689498337799336,0.5238095238095237,0.2095238095238095,0.970622427990807,32,5161.533295231365,0.04108064511078363,0.03344749168899668,212.03911752889329,577.809913141189,0.053404838644018716,0.04348173919569569,271.65085278756123,341.8993568882775,0.06983709668833218,0.05686073587129436,338.46649979911865,199.93422600041143,0.09859354826588071,0.08027398005359203,348.8938820693439,100.31422103145644,call,348.8938820693439
tariff_1,MID,tariff_20,unseen_target,0,,,0.6440136090672965,0.302747565438631,0.337869928195775,0.09221311475409837,0.0,0.12698924056376656,0.08178279912818644,0.09740277128418232,1.1058201058201058,0.44232804232804235,0.9716813335269903,32,5161.533295231365,0.04089139956409322,0.04870138564209116,211.06232033867647,272.53950437265826,0.05315881943332119,0.0633118013347185,270.38101644027944,161.26597891873269,0.06951537925895847,0.08279235559155497,336.80594457574995,94.30432677254609,0.09813935895382372,0.11688332554101877,346.5495688128235,47.31588617580873,call,346.5495688128235
tariff_1,MID,tariff_10,history,26,0.8844752183621767,0.08280254777070063,0.8233826607871152,0.1423123715218738,0.2067675290953099,0.08507919487664667,0.015697516502177152,0.09640735806264322,0.07938014700107532,0.05091880148159134,1.2645502645502644,0.5058201058201058,0.9999658549980595,32,5161.533295231365,0.03969007350053766,0.02545940074079567,204.8616358632052,997.2768627188727,0.05159709555069896,0.03309722096303437,262.3201266221668,590.1046524963745,0.06747312495091402,0.04328098125935264,326.26478096744887,345.0784992106827,0.09525617640129037,0.06110256177790961,331.6679260716925,173.13834422202652,call,331.6679260716925
tariff_1,MID,tariff_18,unseen_target,0,,,0.6234905377128097,0.3031749327481598,0.3382529228947641,0.09221311475409837,0.0,0.12698924056376656,0.07917658988284416,0.09549424691487975,1.0529100529100528,0.42116402116402113,0.9673550004315106,32,5161.533295231365,0.03958829494142208,0.04774712345743987,204.33630244158948,283.5421789855414,0.05146478342384871,0.062071260494671834,261.63719317406634,167.7764372695511,0.06730010140041753,0.08117010987764778,325.3717141507021,98.11148061783442,0.09501190785941299,0.11459309629785569,330.40712585981476,49.22607274054538,call,330.40712585981476
tariff_1,MID,tariff_5,unseen_target,0,,,0.6029674663583229,0.303603051611806,0.3386366975801662,0.09221311475409837,0.0,0.12698924056376656,0.07657038063750189,0.09361199732877658,1.0,0.4,0.9625089086100331,32,5161.533295231365,0.038285190318750946,0.04680599866438829,197.61028454450252,295.059135555179,0.04977074741437623,0.060847798263704775,252.8933699078533,174.5912044705201,0.0650848235418766,0.07957019772946008,313.9374837256542,102.09658669729377,0.09188445676500226,0.11233439679453189,314.264682906806,51.225544367218575,call,314.264682906806
tariff_1,MID,tariff_6,unseen_target,0,,,0.6029674663583229,0.303603051611806,0.3386366975801662,0.09221311475409837,0.0,0.12698924056376656,0.07657038063750189,0.09361199732877658,1.0,0.4,0.9625089086100331,32,5161.533295231365,0.038285190318750946,0.04680599866438829,197.61028454450252,295.059135555179,0.04977074741437623,0.060847798263704775,252.8933699078533,174.5912044705201,0.0650848235418766,0.07957019772946008,313.9374837256542,102.09658669729377,0.09188445676500226,0.11233439679453189,314.264682906806,51.225544367218575,call,314.264682906806
tariff_1,MID,tariff_7,unseen_target,0,,,0.6029674663583229,0.303603051611806,0.3386366975801662,0.09221311475409837,0.0,0.12698924056376656,0.07657038063750189,0.09361199732877658,1.0,0.4,0.9625089086100331,32,5161.533295231365,0.038285190318750946,0.04680599866438829,197.61028454450252,295.059135555179,0.04977074741437623,0.060847798263704775,252.8933699078533,174.5912044705201,0.0650848235418766,0.07957019772946008,313.9374837256542,102.09658669729377,0.09188445676500226,0.11233439679453189,314.264682906806,51.225544367218575,call,314.264682906806
tariff_1,MID,tariff_3,unseen_target,0,,,0.5824443950038362,0.3040319188546942,0.3390212496031294,0.09221311475409837,0.0,0.12698924056376656,0.07396417139215962,0.09175763948558889,0.9470899470899471,0.37883597883597886,0.9571032763172169,32,5161.533295231365,0.03698208569607981,0.045878819742794445,190.88426664741553,307.10552072428976,0.048076711404903764,0.059642465665632784,244.14954664164026,181.7192430321241,0.06286954568333568,0.07799399356275055,302.50325330060645,106.2648860637681,0.08875700567059155,0.11010916738270667,298.12223995379736,53.31693068130032,digital_ads,302.50325330060645
tariff_1,MID,tariff_17,unseen_target,0,,,0.5413982522948626,0.30489188584045707,0.33979267509961175,0.09221311475409837,0.0,0.12698924056376656,0.06875175290147509,0.0881396145570245,0.8412698412698413,0.33650793650793653,0.9444557186829123,32,5161.533295231365,0.034375876450737544,0.04406980727851225,177.43223085324163,332.8356174547853,0.044688639385958816,0.05729074946206593,226.66190010921414,196.9441523401096,0.058438989966253824,0.07491867237347083,279.63479245051076,115.16803372137898,0.0825021034817701,0.1057675374684294,265.8373540477799,57.783961363678,digital_ads,279.63479245051076
tariff_1,MID,tariff_16,unseen_target,0,,,0.5003521095858889,0.30575480855335685,0.3405671783268316,0.09221311475409837,0.0,0.12698924056376656,0.06353933441079054,0.08465537752984537,0.7354497354497355,0.2941798941798942,0.9291070667720386,32,5161.533295231365,0.03176966720539527,0.04232768876492268,163.98019505906768,360.7970576490233,0.04130056736701385,0.055025995394399486,209.17425357678798,213.48938322427415,0.054008434249171955,0.07195707090036856,256.766331600415,124.84327254291468,0.07624720129294865,0.10158645303581444,233.5524681417624,62.63837806406655,digital_ads,256.766331600415
tariff_1,MID,tariff_15,unseen_target,0,,,0.4387828955224285,0.30705468007604036,0.3417346581144492,0.09221311475409837,0.0,0.12698924056376656,0.055720706674763726,0.07971807326900282,0.5767195767195766,0.23068783068783066,0.9004267669166821,32,5161.533295231365,0.027860353337381863,0.03985903663450141,143.80214136780677,406.87265391097816,0.03621845933859642,0.05181674762485183,182.9427837781488,240.75304965146634,0.04736260067354916,0.0677603622786524,222.46364032527146,140.78638543632462,0.06686484800971647,0.09566168792280338,185.1251392827362,70.63761352621148,digital_ads,222.46364032527146
tariff_1,MID,tariff_2,unseen_target,0,,,0.4203121313033904,0.3074459149248859,0.3420862327016394,0.09221311475409837,0.0,0.12698924056376656,0.05337511835395568,0.07831296089502356,0.5291005291005291,0.21164021164021163,0.8904027907736435,32,5161.533295231365,0.02668755917697784,0.03915648044751178,137.7487252604285,421.6040753358755,0.0346938269300712,0.05090342458176531,175.07334283855704,249.4698670626482,0.04536885060086233,0.06656601676077002,212.1728329427284,145.88376309199845,0.06405014202474682,0.09397555307402826,170.59694062502837,73.19515196803394,digital_ads,212.1728329427284
tariff_1,MID,tariff_11,history_sparse,12,1.193371114031096,0.03821656050955414,0.9709175956020177,0.17268897388187232,0.2287388941574519,0.04194372648218569,0.011278634596814144,0.047528468779146786,0.04614622662969477,0.031068761440711714,1.5820105820105819,0.6328042328042328,0.9999890534800162,32,5161.533295231365,0.023073113314847384,0.015534380720355857,119.0926425992309,2678.700803845499,0.0299950473093016,0.020194694936462615,150.82043537900017,1585.0300614470407,0.03922429263524055,0.026408447224604958,180.4574924186925,926.8860912960204,0.055375471955633714,0.03728251372885406,125.82234223815408,465.0522228898435,digital_ads,180.4574924186925
tariff_1,MID,tariff_21,history_sparse,5,0.8818712812705302,0.01592356687898089,0.6830683193878389,0.19805102617472317,0.2484435730077574,0.015469150349810513,0.006943451489002382,0.01752884378914594,0.011973397867863873,0.010347186768266072,1.0529100529100528,0.42116402116402113,0.9970146866573378,32,5161.533295231365,0.0059866989339319365,0.005173593384133036,30.900545876015805,24150.57705972257,0.007782708614111518,0.006725671399372947,36.17070963882055,14290.282283859508,0.010177388187684292,0.008795108753026162,30.530927989226875,8356.601058727532,0.014368077441436648,0.012416624121919287,-85.83868989756206,4192.808517312946,sms,36.17070963882055
tariff_1,MID,tariff_12,history_sparse,2,1.8147211636380423,0.006369426751592357,1.1175267670160265,0.2133591888128101,0.2608105508810185,0.006089499648145773,0.004377155295848355,0.0069003071062473656,0.007711277891862331,0.00791496633776763,2.111111111111111,0.8444444444444446,0.999990855719323,32,5161.533295231365,0.0038556389459311656,0.003957483168883815,19.901008793814476,41273.75144911367,0.005012330629710515,0.0051447281195489605,21.871311431958816,24422.338135570204,0.006554586208082982,0.006727721387102485,11.831714949484606,14281.574895887084,0.009253533470234797,0.009497959605321156,-112.23757889484526,7165.581848804456,sms,21.871311431958816
tariff_17,MID,tariff_8,history,127,0.4964726465812982,0.4568345323741007,0.4561028734165049,0.07807474809053219,0.16910253188347021,0.4568371110431284,0.028223911941487795,0.5176642656820389,0.23610815904262297,0.16119488786436853,0.15873015873015872,0.06349206349206349,0.9965037075142096,32,5204.270293724322,0.11805407952131149,0.08059744393218427,614.3853391057302,99.51064927619166,0.15347030337770493,0.10477667711183955,794.7009408374493,58.88204099182939,0.20069193518622952,0.13701565468471325,1022.4550764797414,34.4327506145992,0.28332979085114757,0.19343386543724223,1314.5248138537524,17.27615438822772,call,1314.5248138537524
tariff_17,MID,tariff_14,unseen_target,0,,,0.3731090671880707,0.30844838412459524,0.3429874715920012,0.09221311475409837,0.0,0.12698924056376656,0.04738083708966845,0.07490236425108791,0.4074074074074073,0.16296296296296292,0.8616629913051213,32,5204.270293724322,0.023690418544834224,0.03745118212554396,123.29134147877653,460.8727564675055,0.030797544108284496,0.048686536763207146,156.27874392240952,272.7057730576956,0.04027371152621818,0.06366700961342472,187.59528051392007,159.47154203027873,0.05685700450760214,0.0898828371013055,135.89921954906367,80.01263133116414,digital_ads,187.59528051392007
tariff_17,MID,tariff_19,unseen_target,0,,,0.34027215302089187,0.3091479828451856,0.34361675642675976,0.09221311475409837,0.0,0.12698924056376656,0.04321090229712082,0.07269746990991188,0.3227513227513227,0.12910052910052908,0.8389780550236636,32,5204.270293724322,0.02160545114856041,0.03634873495495594,112.44060759496499,489.25299857970225,0.02808708649312854,0.047253355441442726,142.1727898734545,289.4988157276344,0.0367292669525527,0.0617928494234251,169.1490329114405,169.29169501027764,0.05185308275654499,0.08723696389189425,109.85745822791597,84.93975669786498,digital_ads,169.1490329114405
tariff_17,MID,tariff_20,unseen_target,0,,,0.3176967745309564,0.3096300103221449,0.34405049526499965,0.09221311475409837,0.0,0.12698924056376656,0.04034407212724433,0.07126922857610388,0.26455026455026454,0.10582010582010581,0.822101018402237,32,5204.270293724322,0.020172036063622164,0.03563461428805194,104.98072804984454,509.05882748291555,0.026223646882708816,0.04632499857446752,132.4749464647979,301.2182411141511,0.034292461308157676,0.060578844289688294,156.4672376847357,176.14492300446904,0.04841288655269319,0.08552307429132465,91.95374731962687,88.37826866022839,digital_ads,156.4672376847357
tariff_17,MID,tariff_18,unseen_target,0,,,0.29717370317646963,0.3100689580233079,0.34444558166662537,0.09221311475409837,0.0,0.12698924056376656,0.03773786288190206,0.0700370622705945,0.21164021164021163,0.08465608465608465,0.8058651488511415,32,5204.270293724322,0.01886893144095103,0.03501853113529725,98.19901937246232,527.1281951912845,0.024529610873236345,0.04552409047588643,123.65872518420103,311.910174669399,0.03207718344961675,0.05953150293000532,144.93833293318593,182.39729937414688,0.04528543545828247,0.0840444747247134,75.67764649390955,91.51531166515358,digital_ads,144.93833293318593
tariff_17,MID,tariff_21,no_history_for_cell,0,,,0.29717370317646963,0.22578534174760773,0.27107013953603226,0.09221311475409837,0.0,0.12698924056376656,0.03773786288190206,0.059362786123296485,0.21164021164021163,0.08465608465608465,0.8635258492504625,32,5204.270293724322,0.01886893144095103,0.029681393061648242,98.19901937246232,733.7422668598026,0.024529610873236345,0.038585810980142715,123.65872518420103,434.16702181053415,0.03207718344961675,0.05045836820480201,144.93833293318593,253.89005773695595,0.04528543545828247,0.07123534334795578,75.67764649390955,127.38581021871576,digital_ads,144.93833293318593
tariff_17,MID,tariff_5,unseen_target,0,,,0.2766506318219828,0.3105086082551415,0.3448414067372782,0.09221311475409837,0.0,0.12698924056376656,0.03513165363655979,0.06887147995505023,0.15873015873015872,0.06349206349206349,0.7887971734044505,32,5204.270293724322,0.017565826818279895,0.034435739977525116,91.41731069508008,545.1214329547037,0.022835574863763863,0.044766461970782656,114.84250390360411,322.55706091994296,0.029861905591075814,0.05854075796179269,133.40942818163612,188.62333320231966,0.04215798436387174,0.08264577594606028,59.40154566819217,94.63913766574719,digital_ads,133.40942818163612
tariff_17,MID,tariff_6,unseen_target,0,,,0.2766506318219828,0.3105086082551415,0.3448414067372782,0.09221311475409837,0.0,0.12698924056376656,0.03513165363655979,0.06887147995505023,0.15873015873015872,0.06349206349206349,0.7887971734044505,32,5204.270293724322,0.017565826818279895,0.034435739977525116,91.41731069508008,545.1214329547037,0.022835574863763863,0.044766461970782656,114.84250390360411,322.55706091994296,0.029861905591075814,0.05854075796179269,133.40942818163612,188.62333320231966,0.04215798436387174,0.08264577594606028,59.40154566819217,94.63913766574719,digital_ads,133.40942818163612
tariff_17,MID,tariff_7,unseen_target,0,,,0.2766506318219828,0.3105086082551415,0.3448414067372782,0.09221311475409837,0.0,0.12698924056376656,0.03513165363655979,0.06887147995505023,0.15873015873015872,0.06349206349206349,0.7887971734044505,32,5204.270293724322,0.017565826818279895,0.034435739977525116,91.41731069508008,545.1214329547037,0.022835574863763863,0.044766461970782656,114.84250390360411,322.55706091994296,0.029861905591075814,0.05854075796179269,133.40942818163612,188.62333320231966,0.04215798436387174,0.08264577594606028,59.40154566819217,94.63913766574719,digital_ads,133.40942818163612
tariff_17,MID,tariff_3,unseen_target,0,,,0.256127560467496,0.3109489580377246,0.34523796793624334,0.09221311475409837,0.0,0.12698924056376656,0.03252544439121752,0.06777591696867115,0.10582010582010581,0.042328042328042326,0.7709220986804697,32,5204.270293724322,0.01626272219560876,0.033887958484335574,84.63560201769785,562.887085657573,0.02114153885429139,0.044054346029636246,106.02628262300722,333.06928145418516,0.027646627732534887,0.05760952942337048,121.88052343008633,194.77061787459272,0.03903053326946102,0.08133110036240537,43.12544484247485,97.72345237110645,digital_ads,121.88052343008633
tariff_17,MID,tariff_11,history,23,0.1855766944689358,0.08273381294964029,0.3216642399932361,0.1476035667530684,0.21044432260868318,0.08730904732890556,0.01599421659237299,0.09893411191948766,0.03182356591998776,0.03010910104579931,0.7407407407407407,0.2962962962962963,0.9368058329835367,32,5204.270293724322,0.01591178295999388,0.015054550522899656,82.809219378885,2852.1772435784096,0.020685317847992046,0.019570915679769554,103.65198519255053,1687.6788423540884,0.027050031031989594,0.025592735888929415,118.77567294410451,986.9125410305915,0.03818827910398531,0.036130921254959175,38.74212650932404,495.16966034347377,digital_ads,118.77567294410451
tariff_17,MID,tariff_4,history,45,0.19499993857201695,0.1618705035971223,0.17479445836544613,0.11904654748774653,0.19149955735915497,0.15997426656469307,0.0207703031158081,0.18127459268828208,0.03168579424436513,0.04336247212389345,-0.05291005291005291,-0.021164021164021163,0.8193174263059204,32,5204.270293724322,0.015842897122182564,0.021681236061946725,82.45071885950527,1375.1308381757706,0.020595766258837335,0.028185606880530744,103.18593451735686,813.6868864945387,0.026932925107710358,0.036858101305309435,118.16622206115895,475.8238194379828,0.03802295309323815,0.05203496654867214,37.88172526281264,238.73799273884907,digital_ads,118.16622206115895
tariff_17,MID,tariff_10,history_sparse,16,0.5478067463532948,0.05755395683453238,0.4441491017380921,0.1626423063169421,0.2212521633885057,0.06100400395087711,0.013560712727909364,0.06912659270781896,0.030702514057392737,0.02535239795167228,0.42328042328042326,0.1693121693121693,0.9776482609229418,32,5204.270293724322,0.015351257028696368,0.01267619897583614,79.89209092577121,4022.851509354635,0.01995663413730528,0.016479058668586982,99.85971820350258,2380.385508493867,0.026097136948783822,0.02154953825892144,113.81655457381103,1391.9901416452021,0.03684301686887128,0.030422877542006736,31.74101822185088,698.4117203740686,digital_ads,113.81655457381103
tariff_17,MID,tariff_16,unseen_target,0,,,0.1740352750495488,0.3127172935012073,0.34683152344433776,0.09221311475409837,0.0,0.12698924056376656,0.022100607409848434,0.06416219058246955,-0.10582010582010581,-0.042328042328042326,0.6920910421938307,32,5204.270293724322,0.011050303704924217,0.032081095291234776,57.50876730816892,628.0782047283952,0.014365394816401483,0.04170542387860521,70.7613975006196,371.6439081233109,0.018785516298371167,0.05453786199509912,75.76490442388715,217.32809852193608,0.02652072889181812,0.07699462869896347,-21.978958460394608,109.04135498756862,digital_ads,75.76490442388715
tariff_17,MID,tariff_12,history_sparse,4,0.7220323225179949,0.014388489208633094,0.7104193053016372,0.2027819880584733,0.25223111362587053,0.017786622506058884,0.007488953634709369,0.020154883778024223,0.014318418532019206,0.01199854592127668,1.2698412698412698,0.5079365079365079,0.997572808640304,32,5204.270293724322,0.007159209266009603,0.00599927296063834,37.25846010964968,17960.352363995004,0.009306972045812484,0.007799054848829842,44.43599814254459,10627.427434316567,0.012170655752216326,0.010198764033085178,41.33938218640447,6214.654797230102,0.017182102238423046,0.014398255105532014,-70.57969573684076,3118.1167298602436,sms,44.43599814254459
tariff_17,MID,tariff_15,unseen_target,0,,,0.11246606098608838,0.31405074616537,0.3480342959638111,0.09221311475409837,0.0,0.12698924056376656,0.014281979673821618,0.0623484754450764,-0.2645502645502646,-0.10582010582010584,0.6267078481422338,32,5204.270293724322,0.007140989836910809,0.0311742377225382,37.16364127602222,665.1512503626248,0.009283286787984053,0.04052650903929966,44.31273365882888,393.5806215163459,0.012139682722748376,0.05299620412831494,41.178190169237766,230.15614199398777,0.017138375608585943,0.07481817053409168,-70.80726093754667,115.4776476324001,sms,44.31273365882888
tariff_17,MID,tariff_2,unseen_target,0,,,0.09399529676705028,0.31445197214708015,0.34839638744853263,0.09221311475409837,0.0,0.12698924056376656,0.011936391353013578,0.061967033634372774,-0.3121693121693122,-0.12486772486772489,0.6063406766533693,32,5204.270293724322,0.005968195676506789,0.030983516817186387,31.060103466378216,673.3652107864194,0.007758654379458826,0.04027857186234231,36.37813450629168,398.4409531280588,0.01014593265006154,0.05267197858921686,30.802175892842953,232.9983428326711,0.014323669623616293,0.07436044036124732,-85.45575168069229,116.90368242819784,sms,36.37813450629168
tariff_17,MID,tariff_9,history_sparse,5,1.425157731771691,0.017985611510791366,0.46053587356367437,0.19807031053510438,0.24845894613692757,0.017206133405127933,0.007367910421231853,0.019497103451282163,0.00897911556989756,0.008805631767313901,-0.10582010582010581,-0.042328042328042326,0.9680995980647058,32,5204.270293724322,0.00448955778494878,0.004402815883656951,23.364872212167707,33346.56070649312,0.005836425120433415,0.005723660648754036,26.37433387581802,19731.69272573557,0.007632248234412928,0.007484787002216816,17.72028276068511,11538.602320585853,0.010774938683877074,0.010566758120776681,-103.9243066907975,5789.33345598839,sms,26.37433387581802
tariff_17,MID,tariff_13,history,35,-0.04766569028085661,0.12589928057553956,-0.005764517167760746,0.13015173431128335,0.19859374094929297,0.12108857782481493,0.018483985490549543,0.13721133464625104,-0.0007909570941796789,0.031238335334178097,-0.3174603174603175,-0.126984126984127,0.48842165559649675,32,5204.270293724322,-0.00039547854708983947,0.015619167667089049,-2.058177254424907,2649.697668438901,-0.0005141221112167913,0.020304917967215765,-6.6756304307523795,1567.8684428632546,-0.0006723135300527271,0.026552585034051383,-25.49890133252234,916.850404304118,-0.0009491485130156146,0.03748600240101371,-164.93962541061978,460.01695632619817,push,-2.058177254424907
tariff_17,MID,tariff_1,history,23,-0.2840247096439122,0.08273381294964029,-0.2206402306500472,0.14804229546303915,0.21075227459262635,0.07853779270008474,0.015242267704498788,0.08899497830538411,-0.019635872539995897,0.024430937184380407,-0.8412698412698413,-0.33650793650793653,0.14756883002880739,32,5204.270293724322,-0.009817936269997949,0.012215468592190203,-51.095194075628896,4332.033782065269,-0.012763317150997334,0.015880109169847265,-70.42375229831758,2563.333598855189,-0.016690491658996512,0.020766296606723345,-108.86182992856912,1498.973627012204,-0.023563047047995073,0.029317124621256487,-282.62846578150936,752.0891982752204,push,-51.095194075628896
tariff_6,LOW,tariff_13,history,37,1.4561621157222115,0.2803030303030303,1.3610561905629361,0.24534123571590966,0.28756272697032476,0.2597504386736914,0.04645739939449307,0.29433580776652296,0.40060757326496843,0.24832846280752538,-0.4761904761904762,-0.1904761904761905,0.999998894285844,30,3234.6536385293825,0.20030378663248422,0.12416423140376269,647.9133722419782,41.92944254301927,0.26039492262222946,0.1614135008248915,838.2873839145716,24.81032103137234,0.3405164372752232,0.21107919338639658,1079.452732811363,14.508457627342304,0.4807290879179621,0.29799415536903046,1394.9920933807475,7.279417108163067,call,1394.9920933807475
tariff_6,LOW,tariff_4,history,23,1.5661858282354928,0.17424242424242425,1.4250897251514263,0.29792539261017653,0.33355590170453864,0.16598646233481523,0.03941944954066135,0.18808730302473092,0.2680412829719868,0.17592069577171743,-0.21164021164021163,-0.08465608465608465,0.999990331699766,30,3234.6536385293825,0.1340206414859934,0.08796034788585871,433.51035562071047,83.5484160629826,0.17422683393179145,0.11434845225161633,559.5634623069237,49.436932581646516,0.22783509052618878,0.1495325914059598,714.9676045552078,28.909486526983596,0.32164953956638415,0.2111048349260609,880.4248534897051,14.504933344267814,call,880.4248534897051
tariff_6,LOW,tariff_14,unseen_target,0,,,1.090130679182031,1.1753315528510349,1.1848646585695874,0.09221311475409837,0.0,0.12698924056376656,0.13843486706458918,0.24518600078665292,0.24867724867724855,0.09947089947089943,0.8212257913484228,30,3234.6536385293825,0.06921743353229459,0.12259300039332646,223.8944232249024,43.01111973249866,0.08998266359198298,0.1593709005113244,287.06275019237313,25.450366705620503,0.1176696370049008,0.20840810066865498,358.62051948233403,14.88274039186805,0.166121840477507,0.2942232009439835,377.34661573976564,7.46720828689213,call,377.34661573976564
tariff_6,LOW,tariff_19,unseen_target,0,,,1.0640717634704004,1.1819164171663104,1.1913968344624926,0.09221311475409837,0.0,0.12698924056376656,0.135125665148454,0.244498132907292,0.16402116402116396,0.06560846560846559,0.8141061100849152,30,3234.6536385293825,0.067562832574227,0.122249066453646,218.54236221557485,43.253474025810974,0.0878316823464951,0.1589237863897398,280.10507088024735,25.593771612905897,0.11485681537618589,0.2078234129711982,349.52201576647724,14.966600008931133,0.1621507981781448,0.2933977594887504,364.50166931737965,7.509283685036626,call,364.50166931737965
tariff_6,LOW,tariff_20,unseen_target,0,,,1.0461562589186542,1.1864520843310131,1.1958965458656554,0.09221311475409837,0.0,0.12698924056376656,0.13285058883111103,0.24405186127103443,0.10582010582010581,0.042328042328042326,0.8091554369816812,30,3234.6536385293825,0.06642529441555552,0.12202593063551721,214.86282027166212,43.411804693828174,0.08635288274022218,0.1586337098261724,275.3216663531608,25.687458398714885,0.11292300050644437,0.20744408208037926,343.26679446182555,15.021385707206978,0.15942070659733323,0.2928622335252413,355.6707686519891,7.536771648234057,call,355.6707686519891
tariff_6,LOW,tariff_18,unseen_target,0,,,1.0298694365988847,1.1905814021382737,1.1999933646139622,0.09221311475409837,0.0,0.12698924056376656,0.1307823376335265,0.2436651112012208,0.05291005291005291,0.021164021164021163,0.8046170633863767,30,3234.6536385293825,0.06539116881676325,0.1218325556006104,211.51778214083237,43.549722204797796,0.08500851946179225,0.15838232228079352,270.9731167830821,25.769066393371478,0.11116498698849753,0.2071153445210377,337.580229639415,15.069108029341796,0.15693880516023181,0.292398133441465,347.6426771379977,7.560715660555172,call,347.6426771379977
tariff_6,LOW,tariff_21,no_history_for_cell,0,,,1.0298694365988847,0.6324535239762026,0.6499980461431535,0.09221311475409837,0.0,0.12698924056376656,0.1307823376335265,0.16809144260764847,0.05291005291005291,0.021164021164021163,0.9434508313959554,30,3234.6536385293825,0.06539116881676325,0.08404572130382423,211.51778214083237,91.51259694683026,0.08500851946179225,0.10925943769497151,270.9731167830821,54.14946564901198,0.11116498698849753,0.1428777262165012,337.580229639415,31.665258459110817,0.15693880516023181,0.20170973112917814,347.6426771379977,15.887603636602478,call,347.6426771379977
tariff_6,LOW,tariff_5,unseen_target,0,,,1.0135826142791156,1.194716357952298,1.2040959994779499,0.09221311475409837,0.0,0.12698924056376656,0.128714086435942,0.24329649914678317,0.0,0.0,0.8000441396068578,30,3234.6536385293825,0.064357043217971,0.12164824957339158,208.17274401000265,43.68178422237029,0.08366415618336233,0.15814272444540906,266.6245672130035,25.84720959903568,0.10940697347055071,0.20680202427476568,331.8936648170045,15.114804229193874,0.15445690372313042,0.29195579897613977,339.61458562400634,7.583643094161512,call,339.61458562400634
tariff_6,LOW,tariff_7,unseen_target,0,,,1.0135826142791156,1.194716357952298,1.2040959994779499,0.09221311475409837,0.0,0.12698924056376656,0.128714086435942,0.24329649914678317,0.0,0.0,0.8000441396068578,30,3234.6536385293825,0.064357043217971,0.12164824957339158,208.17274401000265,43.68178422237029,0.08366415618336233,0.15814272444540906,266.6245672130035,25.84720959903568,0.10940697347055071,0.20680202427476568,331.8936648170045,15.114804229193874,0.15445690372313042,0.29195579897613977,339.61458562400634,7.583643094161512,call,339.61458562400634
tariff_6,LOW,tariff_3,unseen_target,0,,,0.9972957919593463,1.1988568934352428,1.208204391209203,0.09221311475409837,0.0,0.12698924056376656,0.1266458352383575,0.24294610766791105,-0.05291005291005291,-0.021164021164021163,0.795438040299286,30,3234.6536385293825,0.06332291761917876,0.12147305383395553,204.8277058791729,43.80787607491104,0.0823197929049324,0.1579149699841422,262.27601764292484,25.921820162669256,0.10764895995260387,0.2065041915177244,326.20709999459393,15.1584346279969,0.151975002286029,0.2915353292014933,331.58649411001494,7.605534040783167,call,331.58649411001494
tariff_6,LOW,tariff_17,unseen_target,0,,,0.9647221473198077,1.207154473671616,1.2164382118732526,0.09221311475409837,0.0,0.12698924056376656,0.1225093328431885,0.24230029851280455,-0.15873015873015872,-0.06349206349206349,0.786131837742307,30,3234.6536385293825,0.06125466642159425,0.12115014925640227,198.13762961751343,44.04171177939054,0.07963106634807253,0.15749519403332296,253.57891850276746,26.06018448484647,0.10413293291671022,0.20595525373588386,314.8339703497728,15.239346636467316,0.1470111994118262,0.29076035821536544,315.5303110820322,7.646130517255302,call,315.5303110820322
tariff_6,LOW,tariff_16,unseen_target,0,,,0.9321485026802692,1.215473690468914,1.2246943668614312,0.09221311475409837,0.0,0.12698924056376656,0.11837283044801951,0.24172827038209888,-0.26455026455026454,-0.10582010582010581,0.7767095273973128,30,3234.6536385293825,0.059186415224009754,0.12086413519104944,191.44755335585398,44.25039987878865,0.07694233979121269,0.15712337574836427,244.88181936261023,26.183668567330564,0.10061690588081657,0.20546902982478404,303.46084070495175,15.311557051483963,0.1420473965376234,0.29007392445851865,299.4741280540496,7.682361090067473,digital_ads,303.46084070495175
tariff_6,LOW,tariff_15,unseen_target,0,,,0.8832880357209613,1.227992121972167,1.237119497714633,0.09221311475409837,0.0,0.12698924056376656,0.11216807685526599,0.2410096982845053,-0.4232804232804233,-0.16931216931216933,0.7623825900967199,30,3234.6536385293825,0.056084038427632994,0.12050484914225265,181.41243896336476,44.51465898975954,0.07290924995592289,0.15665630388492846,231.8361706523742,26.34003490518315,0.09534286532697608,0.2048582435418295,286.40114623772007,15.402996190228214,0.13460169222631918,0.28921163794140636,275.38985351207543,7.728239407944365,digital_ads,286.40114623772007
tariff_6,LOW,tariff_2,unseen_target,0,,,0.8686298956331688,1.2317567341230362,1.2408564187920568,0.09221311475409837,0.0,0.12698924056376656,0.11030665077743992,0.24082695825782044,-0.47089947089947093,-0.1883597883597884,0.7580439983092642,30,3234.6536385293825,0.05515332538871996,0.12041347912891022,178.401904645618,44.5822402631395,0.07169932300533596,0.1565375228675833,227.92247603930343,26.380023824342896,0.09376065316082392,0.20470291451914738,281.2832378975506,15.426380713889099,0.1323679809329279,0.2889923499093845,268.16457114948315,7.7399722679061655,digital_ads,281.2832378975506
tariff_6,LOW,tariff_8,history_sparse,10,1.034425630096285,0.07575757575757576,1.0592465021385766,0.3978285753267455,0.4251677026145189,0.09131526309371729,0.03051869612143898,0.103473749116036,0.10960420681432577,0.08886912492895979,0.0,0.0,0.9936372738902322,30,3234.6536385293825,0.054802103407162885,0.044434562464479896,177.2658231850429,327.39367221152594,0.07124273442931175,0.057764931203823866,226.4455701405558,193.72406639735263,0.0931635757921769,0.07553875618961582,279.3518994145729,113.28500768564912,0.13152504817719093,0.10664294991475175,265.437975644103,56.839179203389925,digital_ads,279.3518994145729
tariff_6,LOW,tariff_9,history_sparse,18,0.48876572977073907,0.13636363636363635,0.575266414217152,0.3263727144164006,0.3591923561485258,0.14489534917759275,0.03729276015483836,0.16418794077716686,0.0944518079485789,0.08974627012788282,-0.26455026455026454,-0.10582010582010581,0.9453730066250319,30,3234.6536385293825,0.04722590397428945,0.04487313506394141,152.7594421232746,321.0253087229136,0.06139367516657628,0.058335075583123834,194.58727476025697,189.95580397805537,0.08028403675629206,0.0762843296087004,237.69105160956678,111.08142170343034,0.11334216953829467,0.10769552415345938,206.62266109585897,55.7335605421725,digital_ads,237.69105160956678
tariff_6,LOW,tariff_1,history_sparse,13,0.892528681060764,0.09848484848484848,0.8301601254667978,0.36572142585723183,0.3952874414031474,0.09862214279117057,0.03158845105097919,0.11175352854195059,0.09277332327574307,0.07963083378577406,-1.0,-0.4,0.9821418650787499,30,3234.6536385293825,0.046386661637871536,0.03981541689288703,150.0447838461725,407.76464013873544,0.06030266012923299,0.051760041960753136,191.05821900002422,241.2808521530979,0.07885732478438161,0.06768620871790794,233.07613253849323,141.09503118987388,0.11132798793089169,0.09555700054292886,200.10748123081396,70.79247224630824,digital_ads,233.07613253849323
tariff_6,LOW,tariff_12,history_sparse,3,1.6666666666666667,0.022727272727272728,1.4537562776578292,0.5232441874380602,0.5443201995955285,0.02531758860682856,0.016642953690313062,0.02868858636521009,0.041706212525552976,0.04367604592510575,1.111111111111111,0.4444444444444444,0.996216171858927,30,3234.6536385293825,0.020853106262776488,0.021838022962552876,67.45257604752982,1355.4561140205426,0.027109038141609434,0.02838942985131874,83.68834886178877,802.0450378819777,0.035450280646720025,0.03712463903633989,92.66937928080068,469.0159564084921,0.05004745503066357,0.052411255110126904,1.8861825140715496,235.32224201745527,digital_ads,92.66937928080068
tariff_6,LOW,tariff_11,history_sparse,7,0.06785630735002357,0.05303030303030303,0.6146152171879162,0.439725511571358,0.46460577431484046,0.052755229289095124,0.023683808266911008,0.059779506460123866,0.036741394346375474,0.04385057031200063,0.582010582010582,0.2328042328042328,0.9070614723571084,30,3234.6536385293825,0.018370697173187737,0.021925285156000316,59.42284245357315,1344.688208687904,0.023881906325144055,0.02850287070280041,73.2496951896451,795.673496265032,0.031230185194419148,0.03727298476520054,79.01883217107435,465.2900376082713,0.04408967321565056,0.052620684374400754,-17.385178111424437,233.4528140083167,digital_ads,79.01883217107435
tariff_6,LOW,tariff_10,history,21,-0.08638080574612246,0.1590909090909091,0.17699806594494347,0.308049596633793,0.3426288866780537,0.15614155204001104,0.038457559276624635,0.17693155815359188,0.03131654359781105,0.07321207738751213,0.26455026455026454,0.10582010582010581,0.6972781992733892,30,3234.6536385293825,0.015658271798905526,0.03660603869375607,50.64908584741178,482.399255215594,0.020355753338577188,0.04758785030188289,61.84381160163532,285.44334628141655,0.0266190620581394,0.06223026577938531,64.10344594060004,166.92015751404637,0.037579852317373263,0.08785449286501455,-38.44219396621172,83.74987069715176,digital_ads,64.10344594060004
tariff_7,LOW,tariff_9,history,20,1.6367438946725366,0.2857142857142857,1.4474626174540877,0.31412645654372556,0.3481026151879889,0.27372102865494113,0.06164220832694821,0.310166560192207,0.4489545010625428,0.2934304131619708,-0.26455026455026454,-0.10582010582010581,0.9999839581784895,29,3223.6590533574195,0.2244772505312714,0.1467152065809854,723.6381209479147,30.03044989655785,0.29182042569065286,0.19072976855528104,936.7295572322892,17.769496980211745,0.3816113259031614,0.2494158511876752,1208.184805611455,10.391159133757041,0.5387454012750513,0.352116495794365,1576.731490274995,5.2136197737079595,call,1576.731490274995
tariff_7,LOW,tariff_13,history_sparse,9,1.005144520654275,0.12857142857142856,0.9604847239049986,0.4104706728923783,0.43701964864834375,0.1280428987570489,0.04619528815977669,0.14509161265274223,0.13935827751970012,0.12081496970793348,-0.4761904761904762,-0.1904761904761905,0.9860185590890458,29,3223.6590533574195,0.06967913875985006,0.06040748485396674,224.6217864933385,177.1456899351081,0.09058288038780508,0.07852973031015677,288.0083224413401,104.81993487284502,0.11845453589174511,0.10269272425174346,359.8570370386755,61.29608648273637,0.16722993302364014,0.14497796364952018,379.0922875840124,30.75446005817849,call,379.0922875840124
tariff_7,LOW,tariff_14,unseen_target,0,,,1.090130679182031,1.1753315528510349,1.1848646585695874,0.09221311475409837,0.0,0.12698924056376656,0.13843486706458918,0.24518600078665292,0.24867724867724855,0.09947089947089943,0.8212257913484228,29,3223.6590533574195,0.06921743353229459,0.12259300039332646,223.1334062565469,43.01111973249866,0.08998266359198298,0.1593709005113244,286.073428133511,25.450366705620503,0.1176696370049008,0.20840810066865498,357.32679063612966,14.88274039186805,0.166121840477507,0.2942232009439835,375.5201750157124,7.46720828689213,call,375.5201750157124
tariff_7,LOW,tariff_19,unseen_target,0,,,1.0640717634704004,1.1819164171663104,1.1913968344624926,0.09221311475409837,0.0,0.12698924056376656,0.135125665148454,0.244498132907292,0.16402116402116396,0.06560846560846559,0.8141061100849152,29,3223.6590533574195,0.067562832574227,0.122249066453646,217.79953689837845,43.253474025810974,0.0878316823464951,0.1589237863897398,279.13939796789197,25.593771612905897,0.11485681537618589,0.2078234129711982,348.2592127272433,14.966600008931133,0.1621507981781448,0.2933977594887504,362.71888855610825,7.509283685036626,call,362.71888855610825
tariff_7,LOW,tariff_20,unseen_target,0,,,1.0461562589186542,1.1864520843310131,1.1958965458656554,0.09221311475409837,0.0,0.12698924056376656,0.13285058883111103,0.24405186127103443,0.10582010582010581,0.042328042328042326,0.8091554369816812,29,3223.6590533574195,0.06642529441555552,0.12202593063551721,214.13250171463758,43.411804693828174,0.08635288274022218,0.1586337098261724,274.3722522290289,25.687458398714885,0.11292300050644437,0.20744408208037926,342.0252529148838,15.021385707206978,0.15942070659733323,0.2928622335252413,353.9180041151302,7.536771648234057,call,353.9180041151302
tariff_7,LOW,tariff_18,unseen_target,0,,,1.0298694365988847,1.1905814021382737,1.1999933646139622,0.09221311475409837,0.0,0.12698924056376656,0.1307823376335265,0.2436651112012208,0.05291005291005291,0.021164021164021163,0.8046170633863767,29,3223.6590533574195,0.06539116881676325,0.1218325556006104,210.79883336578223,43.549722204797796,0.08500851946179225,0.15838232228079352,270.038483375517,25.769066393371478,0.11116498698849753,0.2071153445210377,336.3580167218298,15.069108029341796,0.15693880516023181,0.292398133441465,345.9172000778774,7.560715660555172,call,345.9172000778774
tariff_7,LOW,tariff_5,unseen_target,0,,,1.0135826142791156,1.194716357952298,1.2040959994779499,0.09221311475409837,0.0,0.12698924056376656,0.128714086435942,0.24329649914678317,0.0,0.0,0.8000441396068578,29,3223.6590533574195,0.064357043217971,0.12164824957339158,207.46516501692693,43.68178422237029,0.08366415618336233,0.15814272444540906,265.7047145220051,25.84720959903568,0.10940697347055071,0.20680202427476568,330.6907805287758,15.114804229193874,0.15445690372313042,0.29195579897613977,337.9163960406247,7.583643094161512,call,337.9163960406247
tariff_7,LOW,tariff_6,unseen_target,0,,,1.0135826142791156,1.194716357952298,1.2040959994779499,0.09221311475409837,0.0,0.12698924056376656,0.128714086435942,0.24329649914678317,0.0,0.0,0.8000441396068578,29,3223.6590533574195,0.064357043217971,0.12164824957339158,207.46516501692693,43.68178422237029,0.08366415618336233,0.15814272444540906,265.7047145220051,25.84720959903568,0.10940697347055071,0.20680202427476568,330.6907805287758,15.114804229193874,0.15445690372313042,0.29195579897613977,337.9163960406247,7.583643094161512,call,337.9163960406247
tariff_7,LOW,tariff_3,unseen_target,0,,,0.9972957919593463,1.1988568934352428,1.208204391209203,0.09221311475409837,0.0,0.12698924056376656,0.1266458352383575,0.24294610766791105,-0.05291005291005291,-0.021164021164021163,0.795438040299286,29,3223.6590533574195,0.06332291761917876,0.12147305383395553,204.13149666807163,43.80787607491104,0.0823197929049324,0.1579149699841422,261.37094566849316,25.921820162669256,0.10764895995260387,0.2065041915177244,325.02354433572174,15.1584346279969,0.151975002286029,0.2915353292014933,329.9155920033719,7.605534040783167,call,329.9155920033719
tariff_7,LOW,tariff_17,unseen_target,0,,,0.9647221473198077,1.207154473671616,1.2164382118732526,0.09221311475409837,0.0,0.12698924056376656,0.1225093328431885,0.24230029851280455,-0.15873015873015872,-0.06349206349206349,0.786131837742307,29,3223.6590533574195,0.06125466642159425,0.12115014925640227,197.46415997036104,44.04171177939054,0.07963106634807253,0.15749519403332296,252.70340796146934,26.06018448484647,0.10413293291671022,0.20595525373588386,313.6890719496137,15.239346636467316,0.1470111994118262,0.29076035821536544,313.91398392886646,7.646130517255302,call,313.91398392886646
tariff_7,LOW,tariff_16,unseen_target,0,,,0.9321485026802692,1.215473690468914,1.2246943668614312,0.09221311475409837,0.0,0.12698924056376656,0.11837283044801951,0.24172827038209888,-0.26455026455026454,-0.10582010582010581,0.7767095273973128,29,3223.6590533574195,0.059186415224009754,0.12086413519104944,190.79682327265044,44.25039987878865,0.07694233979121269,0.15712337574836427,244.0358702544456,26.183668567330564,0.10061690588081657,0.20546902982478404,302.3545995635057,15.311557051483963,0.1420473965376234,0.29007392445851865,297.9123758543611,7.682361090067473,digital_ads,302.3545995635057
tariff_7,LOW,tariff_4,history_sparse,10,0.6120815933893138,0.14285714285714285,0.7814262281051583,0.39805375390985204,0.4253784091861328,0.1326285495493111,0.04689142641355217,0.1502878357542988,0.11743885662356926,0.10970237714309404,-0.21164021164021163,-0.08465608465608465,0.9668961091204193,29,3223.6590533574195,0.05871942831178463,0.05485118857154702,189.2914166852565,214.8523023843102,0.07633525680532001,0.07130654514301113,242.0788416908334,127.13153987237288,0.09982302813003387,0.09324702057162994,299.795408364936,74.3433572264049,0.1409266279482831,0.13164285257171285,294.29940004461554,37.30074694172052,digital_ads,299.795408364936
tariff_7,LOW,tariff_15,unseen_target,0,,,0.8832880357209613,1.227992121972167,1.237119497714633,0.09221311475409837,0.0,0.12698924056376656,0.11216807685526599,0.2410096982845053,-0.4232804232804233,-0.16931216931216933,0.7623825900967199,29,3223.6590533574195,0.056084038427632994,0.12050484914225265,180.79581822608452,44.51465898975954,0.07290924995592289,0.15665630388492846,231.03456369390986,26.34003490518315,0.09534286532697608,0.2048582435418295,285.3528909843437,15.402996190228214,0.13460169222631918,0.28921163794140636,273.9099637426028,7.728239407944365,digital_ads,285.3528909843437
tariff_7,LOW,tariff_2,unseen_target,0,,,0.8686298956331688,1.2317567341230362,1.2408564187920568,0.09221311475409837,0.0,0.12698924056376656,0.11030665077743992,0.24082695825782044,-0.47089947089947093,-0.1883597883597884,0.7580439983092642,29,3223.6590533574195,0.05515332538871996,0.12041347912891022,177.79551671211473,44.5822402631395,0.07169932300533596,0.1565375228675833,227.13417172574918,26.380023824342896,0.09376065316082392,0.20470291451914738,280.252378410595,15.426380713889099,0.1323679809329279,0.2889923499093845,266.70924010907527,7.7399722679061655,digital_ads,280.252378410595
tariff_7,LOW,tariff_12,history_sparse,4,2.166421213336212,0.05714285714285714,1.7024151160746241,0.49844105990616594,0.5205223244015401,0.05520782406655723,0.03157481622743579,0.06255866043820482,0.10650080917137945,0.09895600983931457,1.111111111111111,0.4444444444444444,0.9994633830978532,29,3223.6590533574195,0.05325040458568973,0.04947800491965729,171.66114883760415,264.0509526074034,0.06922552596139665,0.06432140639555448,219.1594934888854,156.24316722331562,0.09052568779567254,0.08411260836341738,269.823953023927,91.3671116288593,0.12780097100565535,0.11874721180717748,251.98675721024995,45.84217927211865,digital_ads,269.823953023927
tariff_7,LOW,tariff_10,history_sparse,16,0.15623701675405158,0.22857142857142856,0.4386301127094563,0.341451854855208,0.3729468717981987,0.2099182986382462,0.05630325758408147,0.23786859537234878,0.1043363287982134,0.12218662332393852,0.26455026455026454,0.10582010582010581,0.8802264497063134,29,3223.6590533574195,0.0521681643991067,0.06109331166196926,168.17237546221855,173.1907778177585,0.06781861371883871,0.07942130516056005,214.6240881008841,102.47975018802275,0.08868587947848139,0.10385862982534774,263.8930382857715,59.92760478123132,0.12520359455785607,0.14662394798872622,243.61370110932444,30.067843371138625,digital_ads,263.8930382857715
tariff_7,LOW,tariff_8,history_sparse,3,0.3333333333333333,0.04285714285714286,0.7652895531308971,0.524450386731857,0.545479796274064,0.07241744563446625,0.03583193480551438,0.08205971649574643,0.0627994437670779,0.07458195675459127,0.0,0.0,0.9196864960719797,29,3223.6590533574195,0.03139972188353895,0.037290978377295635,101.22199772277541,464.841123209805,0.040819638448600634,0.04847827189048433,127.58859703960803,275.0539190590561,0.05337952720201621,0.06339466324140258,150.0773961287182,160.84467931135117,0.07535933252049347,0.08949834810550952,82.93279453466096,80.70158389059115,digital_ads,150.0773961287182
tariff_7,LOW,tariff_1,history_sparse,4,0.38622786942078563,0.05714285714285714,0.5508756856646918,0.49894583466030856,0.5210057062306247,0.061174065945242044,0.03313207110582995,0.06931929819365905,0.03818631592222716,0.05594181406603737,-1.0,-0.4,0.8548198131215845,29,3223.6590533574195,0.01909315796111358,0.027970907033018685,61.549831518527085,826.2262673448006,0.024821105349447658,0.03636217914292429,76.01478097408521,488.8912824525448,0.032458368533893084,0.047550541956131766,82.63471358149603,285.8914419878202,0.04582357910667259,0.06713017687924484,-12.280404355535012,143.4420603029168,digital_ads,82.63471358149603
tariff_7,LOW,tariff_11,history_sparse,3,-0.881127246853084,0.04285714285714286,0.5468697828576148,0.524268736229906,0.5453051510742428,0.046091409519404776,0.028989167721517967,0.05222840939658312,0.028562138905708016,0.045821315104413285,0.582010582010582,0.2328042328042328,0.8420380311751534,29,3223.6590533574195,0.014281069452854008,0.022910657552206642,46.037298833318914,1231.5072974187353,0.01856539028871021,0.029783854817868636,55.84848848331458,728.7025428513226,0.024277818069851815,0.03894811783875129,56.26340801664216,426.12709253243446,0.03427456668684962,0.05498557812529594,-49.51048280003461,213.80335024630824,digital_ads,56.26340801664216
tariff_7,LOW,tariff_21,history_sparse,1,-1.0,0.014285714285714285,0.7594969687890953,0.5888285051415884,0.6076339428202456,0.020798479234782334,0.019729869031690325,0.023567764571036112,0.01789964575283696,0.031008057092435034,0.05291005291005291,0.021164021164021163,0.8943365609222643,29,3223.6590533574195,0.00894982287641848,0.015504028546217517,28.851177541511777,2689.1992336776643,0.011634769739344025,0.020155237110082772,33.50653080396531,1591.2421501051267,0.015214698889911416,0.026356848528569777,27.047001820570017,930.5187659784307,0.021479574903404353,0.03720966851092204,-90.75717390037174,466.87486695792774,sms,33.50653080396531
tariff_17,HIGH,tariff_11,history_sparse,11,0.2611380321044756,0.05670103092783505,0.06192375994870785,0.08952902187776439,0.17468670744618553,0.05663368583237188,0.018211974225924746,0.06417437349242484,0.003973918499003636,0.013588121141488616,0.7407407407407407,0.2962962962962963,0.6385121548732717,27,8630.329594323839,0.001986959249501818,0.006794060570744308,17.148113213691026,14004.03761799227,0.0025830470243523636,0.008832278741967601,18.292547177798333,8286.412791711402,0.003377830724153091,0.011549902970265324,7.151792463274745,4845.687757090752,0.004768702198804363,0.016305745369786337,-118.84452828714154,2431.2565309014362,sms,18.292547177798333
tariff_17,HIGH,tariff_12,history_sparse,6,-0.06861693558288932,0.030927835051546393,-0.024982830509321083,0.0957492671702843,0.17795483180753052,0.028851395285831492,0.013188812282273416,0.03269291393695948,-0.0008167615277428797,0.007274027291294719,1.2698412698412698,0.5079365079365079,0.4441764804723489,27,8630.329594323839,-0.00040838076387143986,0.0036370136456473595,-3.524460592192263,48867.73797270858,-0.0005308949930328718,0.0047281177393415676,-8.581798769849943,28915.821285626374,-0.0006942472985814477,0.006182923197600511,-27.99158300672685,16909.25189367079,-0.0009801138332914557,0.008728832749553663,-168.45870542126144,8483.982286928573,push,-3.524460592192263
tariff_17,HIGH,tariff_10,history_sparse,14,0.194521207372689,0.07216494845360824,-0.018123007149272053,0.08553569288516431,0.17267412880146565,0.06953660793225618,0.02004175863014506,0.07879529970995049,-0.0014280077799724668,0.016069916738274216,0.42328042328042326,0.1693121693121693,0.45820577199065926,27,8630.329594323839,-0.0007140038899862334,0.008034958369137108,-6.162088902210533,10012.553176624033,-0.0009282050569821035,0.01044544587987824,-12.010715572873693,5924.587678475758,-0.0012138066129765968,0.013659429227533083,-32.475551133757904,3464.551272188247,-0.00171360933596696,0.01928390008592906,-174.78901336530527,1738.2904820527835,push,-6.162088902210533
tariff_17,HIGH,tariff_1,history_sparse,3,-0.6666781071724359,0.015463917525773196,-0.2984418207520064,0.1036206353927374,0.18231082271547847,0.01707403315875768,0.010207229877115259,0.019347414261457963,-0.00577407753903285,0.00681568609442771,-0.8412698412698413,-0.33650793650793653,0.050815805563485195,27,8630.329594323839,-0.002887038769516425,0.003407843047213855,-24.916096132517886,55661.246570172785,-0.003753150400371353,0.0044301959613780115,-36.390924972273254,32935.648858090404,-0.004907965908177923,0.0057933331802635536,-64.3573634252804,19259.94691009439,-0.00692889304683942,0.008178823313313252,-219.79863071804292,9663.41086287722,push,-24.916096132517886
tariff_17,HIGH,tariff_4,history,30,0.06820211449470155,0.15463917525773196,-0.04798565528401309,0.07235450006034196,0.1665388053247111,0.1392319030137152,0.02727670406002754,0.15777041551754178,-0.007570716773040271,0.030652548669239468,-0.05291005291005291,-0.021164021164021163,0.3866217088013077,27,8630.329594323839,-0.0037853583865201353,0.015326274334619734,-32.66889050830666,2751.9396620446055,-0.004920965902476176,0.019924156635005654,-46.46955766079866,1628.3666639317194,-0.0064351092570842285,0.026054666368853546,-77.53711386412131,952.2282567628392,-0.009084860127648324,0.03678305840308736,-238.40533721993597,477.76730243829945,push,-32.66889050830666
tariff_17,HIGH,tariff_14,unseen_target,0,,,-0.11464488600606013,0.29877419551597206,0.33431425322025426,0.09221311475409837,0.0,0.12698924056376656,-0.014558667008429164,0.06006805469462893,0.4074074074074073,0.16296296296296292,0.3658272497202136,27,8630.329594323839,-0.007279333504214582,0.030034027347314467,-62.823047368376166,716.613447756744,-0.009463133555478958,0.03904423555150881,-85.66996157888903,424.03162589156443,-0.012374866957164788,0.05105784649043459,-128.79918052623947,247.9631307116761,-0.017470400410114998,0.07208166563355471,-310.7753136841028,124.41205690221253,push,-62.823047368376166
tariff_17,HIGH,tariff_19,unseen_target,0,,,-0.12580515239145423,0.2778071427337693,0.31571634191771075,0.09221311475409837,0.0,0.12698924056376656,-0.015975900761199695,0.05724718167902719,0.3227513227513227,0.12910052910052908,0.3451399445338418,27,8630.329594323839,-0.007987950380599847,0.028623590839513595,-68.93864456768124,788.9761353316634,-0.010384335494779802,0.03721066809136767,-93.6202379379856,466.84978421991923,-0.013579515647019738,0.04866010442717311,-139.19569576505808,273.0021229521326,-0.019171080913439633,0.06869661801483262,-325.45274696243496,136.97502349508045,push,-68.93864456768124
tariff_17,HIGH,tariff_20,unseen_target,0,,,-0.13347783553141268,0.2635591144925236,0.30325468971160724,0.09221311475409837,0.0,0.12698924056376656,-0.016950248966229434,0.05540848412991343,0.26455026455026454,0.10582010582010581,0.32991389627505685,27,8630.329594323839,-0.008475124483114717,0.027704242064956714,-73.14311764220348,842.2083659640715,-0.011017661828049133,0.03601551468444373,-99.08605293486451,498.3481455408707,-0.014407711621295017,0.04709721151042641,-146.34329999174588,291.42157991836393,-0.02034029875947532,0.06649018095589611,-335.5434823412883,146.21673020209576,push,-73.14311764220348
tariff_17,HIGH,tariff_18,unseen_target,0,,,-0.14045300202228403,0.2507468903140729,0.29218830059086504,0.09221311475409837,0.0,0.12698924056376656,-0.01783602006171102,0.053816338688094476,0.21164021164021163,0.08465608465608465,0.31536719382131995,27,8630.329594323839,-0.00891801003085551,0.026908169344047238,-76.96536589176915,892.7786440790967,-0.011593413040112164,0.03498062014726141,-104.05497565929991,528.2713870290513,-0.015160617052454365,0.045743887884880305,-152.84112201600755,308.9199460481303,-0.02140322407405322,0.06457960642571337,-344.71687814024597,154.99629237484316,push,-76.96536589176915
tariff_17,HIGH,tariff_21,no_history_for_cell,0,,,-0.14045300202228403,0.11045316698496423,0.18627909731638811,0.09221311475409837,0.0,0.12698924056376656,-0.01783602006171102,0.0366936548181754,0.21164021164021163,0.08465608465608465,0.22542692751652993,27,8630.329594323839,-0.00891801003085551,0.0183468274090877,-76.96536589176915,1920.3931424001184,-0.011593413040112164,0.02385087563181401,-104.05497565929991,1136.327303195336,-0.015160617052454365,0.03118960659544909,-152.84112201600755,664.4958970242626,-0.02140322407405322,0.04403238578181048,-344.71687814024597,333.40158722224277,push,-76.96536589176915
tariff_17,HIGH,tariff_5,unseen_target,0,,,-0.14742816851315535,0.23809083637583311,0.28140228564484643,0.09221311475409837,0.0,0.12698924056376656,-0.0187217911571926,0.052306954309854284,0.15873015873015872,0.06349206349206349,0.30017217989019757,27,8630.329594323839,-0.0093608955785963,0.026153477154927142,-80.78761414133483,945.046597520951,-0.012169164252175192,0.03399952030140529,-109.02389838373529,559.1991701307401,-0.015913522483613707,0.04446091116337614,-159.33894404026918,327.00574308683423,-0.022466149388631118,0.06276834517182514,-353.89027393920355,164.0705898473873,push,-80.78761414133483
tariff_17,HIGH,tariff_6,unseen_target,0,,,-0.14742816851315535,0.23809083637583311,0.28140228564484643,0.09221311475409837,0.0,0.12698924056376656,-0.0187217911571926,0.052306954309854284,0.15873015873015872,0.06349206349206349,0.30017217989019757,27,8630.329594323839,-0.0093608955785963,0.026153477154927142,-80.78761414133483,945.046597520951,-0.012169164252175192,0.03399952030140529,-109.02389838373529,559.1991701307401,-0.015913522483613707,0.04446091116337614,-159.33894404026918,327.00574308683423,-0.022466149388631118,0.06276834517182514,-353.89027393920355,164.0705898473873,push,-80.78761414133483
tariff_17,HIGH,tariff_7,unseen_target,0,,,-0.14742816851315535,0.23809083637583311,0.28140228564484643,0.09221311475409837,0.0,0.12698924056376656,-0.0187217911571926,0.052306954309854284,0.15873015873015872,0.06349206349206349,0.30017217989019757,27,8630.329594323839,-0.0093608955785963,0.026153477154927142,-80.78761414133483,945.046597520951,-0.012169164252175192,0.03399952030140529,-109.02389838373529,559.1991701307401,-0.015913522483613707,0.04446091116337614,-159.33894404026918,327.00574308683423,-0.022466149388631118,0.06276834517182514,-353.89027393920355,164.0705898473873,push,-80.78761414133483
tariff_17,HIGH,tariff_3,unseen_target,0,,,-0.15440333500402667,0.22561723543200618,0.27093013291987533,0.09221311475409837,0.0,0.12698924056376656,-0.019607562252674182,0.05088769587748434,0.10582010582010581,0.042328042328042326,0.2843724466801385,27,8630.329594323839,-0.009803781126337091,0.02544384793874217,-84.6098623909005,998.4964259023292,-0.01274491546423822,0.03307700232036482,-113.99282110817066,590.8262875161711,-0.016666427914773053,0.043254541495861686,-165.83676606453082,345.5004933918094,-0.023529074703209016,0.061065235052981205,-363.06366973816114,173.35007394137656,push,-84.6098623909005
tariff_17,HIGH,tariff_13,history_sparse,16,-0.3074261204202863,0.08247422680412371,-0.2672466606344783,0.08354474550311954,0.17169660596872907,0.06685103731695792,0.019679270497156322,0.07575214952162354,-0.02024450899553758,0.019951045217715128,-0.3174603174603175,-0.126984126984127,0.05979400312444355,27,8630.329594323839,-0.01012225449776879,0.009975522608857564,-87.35839255337159,6495.921723532191,-0.013158930847099428,0.012968179391514834,-117.56591031938306,3843.7406648119468,-0.017207832646206945,0.01695838843505786,-170.5092673407317,2247.723779768924,-0.024293410794645098,0.023941254261258153,-369.6601421280918,1127.7641881132274,push,-87.35839255337159
tariff_17,HIGH,tariff_9,no_history_for_cell,0,,,-0.182304000967512,0.11045316698496423,0.18627909731638811,0.09221311475409837,0.0,0.12698924056376656,-0.023150646634600515,0.03926453467369127,-0.10582010582010581,-0.042328042328042326,0.16387386907328566,27,8630.329594323839,-0.011575323317300257,0.019632267336845637,-99.8988553891632,1677.1471900042654,-0.015047920312490337,0.02552194753789933,-133.86851200591218,992.3947869847723,-0.019678049639410437,0.033374854472637584,-191.82805416157746,580.3277474063201,-0.027780775961520617,0.047117441608429525,-399.7572529339917,291.17138715351837,push,-99.8988553891632
tariff_17,HIGH,tariff_16,unseen_target,0,,,-0.182304000967512,0.17830639667170362,0.23300895067367458,0.09221311475409837,0.0,0.12698924056376656,-0.023150646634600515,0.04627016007699332,-0.10582010582010581,-0.042328042328042326,0.21699254302149024,27,8630.329594323839,-0.011575323317300257,0.02313508003849666,-99.8988553891632,1207.7306410835554,-0.015047920312490337,0.030075604050045657,-133.86851200591218,714.6335154340564,-0.019678049639410437,0.03932963606544432,-191.82805416157746,417.8998758074588,-0.027780775961520617,0.05552419209239198,-399.7572529339917,209.6754585214506,push,-99.8988553891632
tariff_17,HIGH,tariff_15,unseen_target,0,,,-0.203229500440126,0.14727013362269759,0.21021059025949954,0.09221311475409837,0.0,0.12698924056376656,-0.025807959921045263,0.044142104822414076,-0.2645502645502646,-0.10582010582010584,0.16682450763869938,27,8630.329594323839,-0.012903979960522631,0.022071052411207038,-111.36560013786023,1326.9849989696067,-0.016775173948679424,0.02869236813456915,-148.77528017921833,785.1982242423708,-0.021936765932888472,0.03752078909905197,-211.32152023436237,459.1643595050541,-0.030969551905254314,0.05297052578689689,-427.2774403308645,230.37934009889,push,-111.36560013786023
tariff_17,HIGH,tariff_2,unseen_target,0,,,-0.2095071502819102,0.1391536360698197,0.20460629128023367,0.09221311475409837,0.0,0.12698924056376656,-0.026605153906978686,0.043759399217627504,-0.3121693121693122,-0.12486772486772489,0.15292882459599166,27,8630.329594323839,-0.013302576953489343,0.021879699608813752,-114.80562356246934,1350.2972623137655,-0.017293350039536148,0.02844360949145788,-153.24731063121015,798.9924629075537,-0.02261438082093188,0.03719548933498338,-217.16956005619784,467.23088661375976,-0.03192618468837442,0.052511279061153,-435.5334965499264,234.42660804058437,push,-114.80562356246934
tariff_17,HIGH,tariff_8,history,114,-0.05073296757969841,0.5876288659793815,-0.11409230007853512,0.04596760635245959,0.15688537482434325,0.6217881459434439,0.03820922408526373,0.7045782757111035,-0.08038695606124807,0.13272163085176344,0.15873015873015872,0.06349206349206349,0.233541464106867,27,8630.329594323839,-0.040193478030624036,0.06636081542588172,-346.8829629464997,146.78736339198156,-0.05225152143981125,0.08626906005364625,-454.9478518304496,86.85642804259263,-0.06832891265206086,0.11281338622399892,-611.7010370090494,50.79147522213896,-0.09646434727349769,0.15926595702211613,-992.5191110715992,25.483917255552363,push,-346.8829629464997
tariff_3,HIGH,tariff_12,history_sparse,10,0.1503428362143147,0.072992700729927,0.04993266199456028,0.09073466966617033,0.17530767319039134,0.0806994662316909,0.02487512097498658,0.09144447532375913,0.004566066077611172,0.019230194451527446,1.164021164021164,0.4656084656084656,0.6121123200988919,27,6668.505899744269,0.002283033038805586,0.009615097225763723,15.22441928858614,6992.053414018455,0.002967942950447262,0.01249962639349284,15.79174507516198,4137.309712436955,0.0038811561659694966,0.016345665283798327,3.8815127905964353,2419.395644989086,0.005479279293133407,0.023076233341832935,-123.46139370739326,1213.8981621559817,sms,15.79174507516198
tariff_3,HIGH,tariff_1,history_sparse,3,-0.6613959525191669,0.021897810218978103,-0.31319577271015825,0.1036206353927374,0.18231082271547847,0.022988595939989045,0.01368696492363571,0.026049491927576912,-0.008158590752964481,0.009403594021851654,-0.9470899470899471,-0.37883597883597886,0.04290542194902969,27,6668.505899744269,-0.0040792953764822405,0.004701797010925827,-27.202805284871342,29240.469823631483,-0.005303083989426913,0.006112336114203575,-39.363646870332744,17302.0531500778,-0.006934802140019809,0.007993054918573906,-68.24476898428128,10117.809627554147,-0.009790308903557376,0.011284312826221984,-225.2867326836912,5076.470455491577,push,-27.202805284871342
tariff_3,HIGH,tariff_13,history_sparse,5,-0.32009471792715577,0.0364963503649635,-0.2477348941766551,0.09780330978854711,0.1790683875104551,0.031044266506568045,0.015839584469506732,0.03517776256851187,-0.008714759287281788,0.010543819774508006,-0.4232804232804233,-0.16931216931216933,0.08326112538933939,27,6668.505899744269,-0.004357379643640894,0.005271909887254003,-29.05721186104488,23258.202154964893,-0.005664593536733162,0.006853482853430204,-41.77437541935835,13762.24979583721,-0.0074075453941895185,0.008962246808331804,-71.3972601637763,8047.820814866745,-0.010457711144738143,0.012652583729409606,-229.7373084665077,4037.8823185702936,push,-29.05721186104488
tariff_3,HIGH,tariff_4,history_sparse,6,-0.41689205014670044,0.043795620437956206,-0.24799697580486388,0.09514549835179338,0.177630700771604,0.034560629296735854,0.016682242802224332,0.03916232362461227,-0.009712137824395218,0.011472762099300081,-0.15873015873015872,-0.06349206349206349,0.0813364675121594,27,6668.505899744269,-0.004856068912197609,0.005736381049650041,-32.38272419055449,19644.27986057465,-0.006312889585856893,0.007457295364545053,-46.09754144772085,11623.83423702642,-0.008255317150735936,0.00975184778440507,-77.05063112394264,6797.328671479117,-0.01165456538927426,0.013767314519160098,-237.71853805733076,3410.465253571988,push,-32.38272419055449
tariff_3,HIGH,tariff_11,history_sparse,11,-0.1398268715406201,0.08029197080291971,-0.13938209254510928,0.09073622810856749,0.17530847980451486,0.09975279950876711,0.02736809384883449,0.11303473045244473,-0.015755017260734135,0.02523182946135258,0.6349206349206349,0.25396825396825395,0.2132870898012163,27,6668.505899744269,-0.007877508630367068,0.01261591473067629,-52.53121277688919,4061.3891803942206,-0.010240761219477187,0.016400689149879178,-72.29057660995595,2403.1888641385913,-0.013391764671624014,0.02144705504214969,-111.30306172071161,1405.3249759149558,-0.01890602071288096,0.030278195353623093,-286.07491066453406,705.1022882628856,push,-52.53121277688919
tariff_3,HIGH,tariff_14,unseen_target,0,,,-0.12859521898780277,0.27260881239125523,0.3111519959655901,0.09221311475409837,0.0,0.12698924056376656,-0.016330209199392327,0.05656850138819364,0.30158730158730146,0.1206349206349206,0.3396980070825989,27,6668.505899744269,-0.008165104599696164,0.02828425069409682,-54.44904819510294,808.0211743309922,-0.010614635979605014,0.036769525902325864,-74.78376265363383,478.11903806567574,-0.013880677819483477,0.04808322617996459,-114.56338193167498,279.592101844634,-0.019596251039270794,0.06788220166583236,-290.67771566824706,140.28145387690836,push,-54.44904819510294
tariff_3,HIGH,tariff_19,unseen_target,0,,,-0.1397554853731969,0.25202147579411566,0.2932828400391745,0.09221311475409837,0.0,0.12698924056376656,-0.01774744295216286,0.05397194685044816,0.21693121693121686,0.08677248677248675,0.31685156047545465,27,6668.505899744269,-0.00887372147608143,0.02698597342522408,-59.174464015936444,887.63807069622,-0.011535837918905861,0.035081765452791305,-80.92680322071739,525.2296276308994,-0.01508532650933843,0.04587615482288094,-122.59658882709195,307.14120093294804,-0.021296931542595432,0.06476633622053779,-302.01871363824745,154.1038317180938,push,-59.174464015936444
tariff_3,HIGH,tariff_20,unseen_target,0,,,-0.14742816851315535,0.23809083637583311,0.28140228564484643,0.09221311475409837,0.0,0.12698924056376656,-0.0187217911571926,0.052306954309854284,0.15873015873015872,0.06349206349206349,0.30017217989019757,27,6668.505899744269,-0.0093608955785963,0.026153477154927142,-62.42318739275947,945.046597520951,-0.012169164252175192,0.03399952030140529,-85.15014361058732,559.1991701307401,-0.015913522483613707,0.04446091116337614,-128.11941856769107,327.00574308683423,-0.022466149388631118,0.06276834517182514,-309.8156497426227,164.0705898473873,push,-62.42318739275947
tariff_3,HIGH,tariff_18,unseen_target,0,,,-0.15440333500402667,0.22561723543200618,0.27093013291987533,0.09221311475409837,0.0,0.12698924056376656,-0.019607562252674182,0.05088769587748434,0.10582010582010581,0.042328042328042326,0.2843724466801385,27,6668.505899744269,-0.009803781126337091,0.02544384793874217,-65.37657228078041,998.4964259023292,-0.01274491546423822,0.03307700232036482,-88.98954396501455,590.8262875161711,-0.016666427914773053,0.043254541495861686,-133.14017287732668,345.5004933918094,-0.023529074703209016,0.061065235052981205,-316.903773473873,173.35007394137656,push,-65.37657228078041
tariff_3,HIGH,tariff_21,no_history_for_cell,0,,,-0.15440333500402667,0.11045316698496423,0.18627909731638811,0.09221311475409837,0.0,0.12698924056376656,-0.019607562252674182,0.03749520593022139,0.10582010582010581,0.042328042328042326,0.20358567554266688,27,6668.505899744269,-0.009803781126337091,0.018747602965110695,-65.37657228078041,1839.1646143946446,-0.01274491546423822,0.024371883854643905,-88.98954396501455,1088.263085440618,-0.016666427914773053,0.03187092504068818,-133.14017287732668,636.3891399289427,-0.023529074703209016,0.044994247116265665,-316.903773473873,319.2994122212925,push,-65.37657228078041
tariff_3,HIGH,tariff_5,unseen_target,0,,,-0.16137850149489802,0.21335809025132002,0.26080965219042496,0.09221311475409837,0.0,0.12698924056376656,-0.020493333348155767,0.04956630586830286,0.05291005291005291,0.021164021164021163,0.2680373380774731,27,6668.505899744269,-0.010246666674077884,0.02478315293415143,-68.32995716880136,1052.443969004916,-0.01332066667630125,0.032218098814396856,-92.82894431944177,622.7479106537967,-0.0174193333459324,0.04213135998805743,-138.16092718696228,364.16746332350044,-0.02459200001778692,0.05947956704196343,-323.9918972051232,182.71596684113126,push,-68.32995716880136
tariff_3,HIGH,tariff_6,unseen_target,0,,,-0.16137850149489802,0.21335809025132002,0.26080965219042496,0.09221311475409837,0.0,0.12698924056376656,-0.020493333348155767,0.04956630586830286,0.05291005291005291,0.021164021164021163,0.2680373380774731,27,6668.505899744269,-0.010246666674077884,0.02478315293415143,-68.32995716880136,1052.443969004916,-0.01332066667630125,0.032218098814396856,-92.82894431944177,622.7479106537967,-0.0174193333459324,0.04213135998805743,-138.16092718696228,364.16746332350044,-0.02459200001778692,0.05947956704196343,-323.9918972051232,182.71596684113126,push,-68.32995716880136
tariff_3,HIGH,tariff_7,unseen_target,0,,,-0.16137850149489802,0.21335809025132002,0.26080965219042496,0.09221311475409837,0.0,0.12698924056376656,-0.020493333348155767,0.04956630586830286,0.05291005291005291,0.021164021164021163,0.2680373380774731,27,6668.505899744269,-0.010246666674077884,0.02478315293415143,-68.32995716880136,1052.443969004916,-0.01332066667630125,0.032218098814396856,-92.82894431944177,622.7479106537967,-0.0174193333459324,0.04213135998805743,-138.16092718696228,364.16746332350044,-0.02459200001778692,0.05947956704196343,-323.9918972051232,182.71596684113126,push,-68.32995716880136
tariff_3,HIGH,tariff_17,unseen_target,0,,,-0.182304000967512,0.17830639667170362,0.23300895067367458,0.09221311475409837,0.0,0.12698924056376656,-0.023150646634600515,0.04627016007699332,-0.10582010582010581,-0.042328042328042326,0.21699254302149024,27,6668.505899744269,-0.011575323317300257,0.02313508003849666,-77.19011183286418,1207.7306410835554,-0.015047920312490337,0.030075604050045657,-104.34714538272344,714.6335154340564,-0.019678049639410437,0.03932963606544432,-153.2231901158691,417.8998758074588,-0.027780775961520617,0.05552419209239198,-345.256268398874,209.6754585214506,push,-77.19011183286418
tariff_3,HIGH,tariff_9,no_history_for_cell,0,,,-0.19625433394925465,0.11045316698496423,0.18627909731638811,0.09221311475409837,0.0,0.12698924056376656,-0.024922188825563678,0.040225001363567374,-0.21164021164021163,-0.08465608465608465,0.14604450667004332,27,6668.505899744269,-0.012461094412781839,0.020112500681783687,-83.09688160890605,1598.0116967599329,-0.016199422736616394,0.026146250886318795,-112.02594609157788,945.5690513372382,-0.021183860501729126,0.034191251159032265,-163.26469873514029,552.9452237923643,-0.029906626590676413,0.04827000163628085,-359.4325158613745,277.4325862430439,push,-83.09688160890605
tariff_3,HIGH,tariff_16,unseen_target,0,,,-0.19625433394925465,0.1570161499410456,0.2171498822065278,0.09221311475409837,0.0,0.12698924056376656,-0.024922188825563678,0.044709490641855816,-0.21164021164021163,-0.08465608465608465,0.18305772770860906,27,6668.505899744269,-0.012461094412781839,0.022354745320927908,-83.09688160890605,1293.5185003720787,-0.016199422736616394,0.02906116891720628,-112.02594609157788,765.3955623503425,-0.021183860501729126,0.038003067045577446,-163.26469873514029,447.5842561841103,-0.029906626590676413,0.05365138877022698,-359.4325158613745,224.5691840923748,push,-83.09688160890605
tariff_3,HIGH,tariff_10,history_sparse,19,-0.21970508090225657,0.1386861313868613,-0.16180811697122816,0.08421422803635642,0.17202335947120506,0.14376006632966398,0.0320418797274791,0.1629014967742431,-0.026358784444834873,0.03605643470920332,0.31746031746031744,0.12698412698412698,0.1734505526623314,27,6668.505899744269,-0.013179392222417437,0.01802821735460166,-87.88685479023441,1988.8705938835953,-0.01713320988914267,0.023436682560982157,-118.25291122730475,1176.8465052565655,-0.02240496677810964,0.030647969502822822,-171.4076531433985,688.190516914739,-0.031630541333801845,0.043267721651043985,-370.9284514965626,345.29003366034647,push,-87.88685479023441
tariff_3,HIGH,tariff_15,unseen_target,0,,,-0.21717983342186864,0.13025081830352694,0.19865869139994452,0.09221311475409837,0.0,0.12698924056376656,-0.027579502112008426,0.04346104045055273,-0.3703703703703704,-0.14814814814814817,0.13714620178650416,27,6668.505899744269,-0.013789751056004213,0.021730520225276367,-91.95703627296886,1368.900401029646,-0.01792667637280548,0.028249676292859276,-123.54414715485954,810.0002372956483,-0.02344257679520716,0.036941884382969824,-178.32696166404705,473.6679588337874,-0.03309540253441011,0.05215324854066328,-380.6968870551252,237.6563196232024,push,-91.95703627296886
tariff_3,HIGH,tariff_2,unseen_target,0,,,-0.22345748326365283,0.12395677791840093,0.19459003775093875,0.09221311475409837,0.0,0.12698924056376656,-0.02837669609794185,0.04335803699979603,-0.417989417989418,-0.16719576719576723,0.12541203868914175,27,6668.505899744269,-0.014188348048970924,0.021679018499898017,-94.6150826721877,1375.4121787653678,-0.018444852463662204,0.028182724049867422,-126.99960747384402,813.8533602161939,-0.02412019168325057,0.036854331449826624,-182.84564054271908,475.92116912296467,-0.03405203531753022,0.052029644399755236,-387.0761984132505,238.78683659120972,push,-94.6150826721877
tariff_3,HIGH,tariff_8,history,83,-0.07951331031635951,0.6058394160583942,-0.14751360377032824,0.05236499628691364,0.1588776033181785,0.5871494868997499,0.044964717734478084,0.6653275327994324,-0.09814486205086553,0.13130050444689204,0.05291005291005291,0.021164021164021163,0.1765810702246941,27,6668.505899744269,-0.04907243102543277,0.06565025222344602,-327.2397958078921,149.98205490794228,-0.0637941603330626,0.08534532789047983,-429.4117345502597,88.74677805203684,-0.08342313274323569,0.11160542877985823,-578.3076528734165,51.89690481243679,-0.11777383446103863,0.15756060533627045,-945.375509938941,26.038551199295537,push,-327.2397958078921
tariff_19,MID,tariff_8,history,21,0.768894166772486,0.27631578947368424,0.4671496126131225,0.15117173142030418,0.21296218533019562,0.2844836514722095,0.04756136404144361,0.32236220958853634,0.15059138133039496,0.11608468570559305,-0.16402116402116396,-0.06560846560846559,0.9858671949705701,26,4586.500923031366,0.07529569066519748,0.058042342852796525,345.3437547362125,191.87669488999606,0.09788439786475672,0.07545504570863548,444.9468811570762,113.53650585206869,0.12800267413083571,0.09867198284975409,565.0843830515612,66.39332003114052,0.18070965759647392,0.13930162284671166,668.8250113669097,33.31192619617987,call,668.8250113669097
tariff_19,MID,tariff_12,no_history_for_cell,0,,,0.5824443950038362,0.22578534174760773,0.27107013953603226,0.09221311475409837,0.0,0.12698924056376656,0.07396417139215962,0.08456711647878691,0.9470899470899471,0.37883597883597886,0.9841703183724749,26,4586.500923031366,0.03698208569607981,0.042283558239393455,169.61837018069514,361.5505643666575,0.048076711404903764,0.05496862571121149,216.50388123490373,213.9352451873713,0.06286954568333568,0.07188204900696887,266.3512293071817,125.10400151095416,0.08875700567059155,0.10148053977454428,247.0840884336684,62.76919520254472,digital_ads,266.3512293071817
tariff_19,MID,tariff_10,history_sparse,13,0.255255808803157,0.17105263157894737,0.23365485155565063,0.17050360134360723,0.22709354475884985,0.15849650801966272,0.03849937458049333,0.17960007287897464,0.04196442836792086,0.05381068477079808,0.10052910052910058,0.04021164021164023,0.848234910234307,26,4586.500923031366,0.02098221418396043,0.02690534238539904,96.23494472197633,892.9662633900643,0.027276878439148555,0.03497694510101876,121.10542813856922,528.3824043728189,0.035669764112732726,0.04573908205517837,141.59940602735975,308.98486622493573,0.05035731404150502,0.0645728217249577,70.96386733274318,155.02886517188617,digital_ads,141.59940602735975
tariff_19,MID,tariff_14,unseen_target,0,,,0.24791833192570126,0.311125293159775,0.345396797963959,0.09221311475409837,0.0,0.12698924056376656,0.031482960693080604,0.06735806983319795,0.0846560846560846,0.03386243386243384,0.7635530071851631,26,4586.500923031366,0.015741480346540302,0.033679034916598974,72.1983141392872,569.8923420660116,0.020463924450502397,0.04378274539157867,89.85780838107338,337.21440358935587,0.026760516589118512,0.05725435935821825,100.73713403678825,197.19458202976182,0.037779552831696726,0.08082968379983753,13.275953934289305,98.9396427197937,digital_ads,100.73713403678825
tariff_19,MID,tariff_4,history_sparse,16,0.2035204015716805,0.21052631578947367,0.11560920682265863,0.1623529313082005,0.22103953108972446,0.20813723009837481,0.04279723502864399,0.2358503803115875,0.027266475396645014,0.06235987919002485,-0.3756613756613756,-0.15026455026455024,0.6995215815744582,26,4586.500923031366,0.013633237698322507,0.031179939595012425,62.5288572872622,664.9080003192951,0.01772320900781926,0.04053392147351615,77.28751447344085,393.43668657946455,0.02317650408714826,0.053005897311521125,84.29905738834573,230.07197242882182,0.03271977047597401,0.07483185502802982,-9.930742510570752,115.43541672209986,digital_ads,84.29905738834573
tariff_19,MID,tariff_20,unseen_target,0,,,0.19250603926858695,0.31231845601484937,0.3464719584143851,0.09221311475409837,0.0,0.12698924056376656,0.02444619573065648,0.06486170020488863,-0.058201058201058135,-0.023280423280423256,0.7107639710579238,26,4586.500923031366,0.01222309786532824,0.032430850102444314,56.061249641630695,614.6040697681555,0.015890027224926714,0.04216010513317761,68.87962453411991,363.6710472000919,0.02077926637105801,0.05513244517415533,73.30412439077219,212.66576808586694,0.029335434876787775,0.07783404024586635,-25.453000860086348,106.70209544586034,digital_ads,73.30412439077219
tariff_19,MID,tariff_11,history_sparse,4,0.31782270144522085,0.05263157894736842,0.3431655316037442,0.2031138731578491,0.25249801082222967,0.05881331695124949,0.024802278946239445,0.06664421912303732,0.022869998883673515,0.02638647733747755,0.417989417989418,0.16719576719576723,0.9129397158668531,26,4586.500923031366,0.011434999441836758,0.013193238668738776,52.44663549484745,3713.720880555949,0.014865499274387786,0.01715121026936041,64.18062614330168,2197.467976660325,0.01943949905112249,0.022428505736855918,67.15928034124067,1285.0245261439268,0.02744399866040822,0.03166377280497306,-34.12807481236612,644.7432084298524,digital_ads,67.15928034124067
tariff_19,MID,tariff_18,unseen_target,0,,,0.17198296791410014,0.3127616430579356,0.3468715113241494,0.09221311475409837,0.0,0.12698924056376656,0.02183998648531421,0.06408875653642057,-0.11111111111111105,-0.044444444444444425,0.6899863797811991,26,4586.500923031366,0.010919993242657106,0.032044378268210286,50.084559086943095,629.5183558623886,0.014195991215454238,0.04165769174867337,61.10992681302602,372.49606855762636,0.018563988512517077,0.05447544305595749,63.14375044780326,217.8264207136293,0.02620798378237705,0.07690650784370469,-39.79705819133659,109.29138122610911,digital_ads,63.14375044780326
tariff_19,MID,tariff_21,no_history_for_cell,0,,,0.17198296791410014,0.22578534174760773,0.27107013953603226,0.09221311475409837,0.0,0.12698924056376656,0.02183998648531421,0.05171874316442259,-0.11111111111111105,-0.044444444444444425,0.737109436246948,26,4586.500923031366,0.010919993242657106,0.025859371582211296,50.084559086943095,966.6653776030648,0.014195991215454238,0.03361718305687469,61.10992681302602,571.991347694121,0.018563988512517077,0.0439609316897592,63.14375044780326,334.4862898280501,0.02620798378237705,0.06206249179730711,-39.79705819133659,167.8238502783099,digital_ads,63.14375044780326
tariff_19,MID,tariff_5,unseen_target,0,,,0.15145989655961334,0.31320551464240903,0.3472717875129166,0.09221311475409837,0.0,0.12698924056376656,0.01923377723997194,0.06340268752459866,-0.16402116402116396,-0.06560846560846559,0.668633235326195,26,4586.500923031366,0.00961688861998597,0.03170134376229933,44.10786853225549,643.2158747370892,0.012501955205981762,0.04121174689098913,53.340229091932144,380.601109311887,0.016348710653976146,0.05389228439590885,52.983376504834325,222.5660466218302,0.023080532687966324,0.07608322502951838,-54.14111552258683,111.66942269741132,sms,53.340229091932144
tariff_19,MID,tariff_6,unseen_target,0,,,0.15145989655961334,0.31320551464240903,0.3472717875129166,0.09221311475409837,0.0,0.12698924056376656,0.01923377723997194,0.06340268752459866,-0.16402116402116396,-0.06560846560846559,0.668633235326195,26,4586.500923031366,0.00961688861998597,0.03170134376229933,44.10786853225549,643.2158747370892,0.012501955205981762,0.04121174689098913,53.340229091932144,380.601109311887,0.016348710653976146,0.05389228439590885,52.983376504834325,222.5660466218302,0.023080532687966324,0.07608322502951838,-54.14111552258683,111.66942269741132,sms,53.340229091932144
tariff_19,MID,tariff_7,unseen_target,0,,,0.15145989655961334,0.31320551464240903,0.3472717875129166,0.09221311475409837,0.0,0.12698924056376656,0.01923377723997194,0.06340268752459866,-0.16402116402116396,-0.06560846560846559,0.668633235326195,26,4586.500923031366,0.00961688861998597,0.03170134376229933,44.10786853225549,643.2158747370892,0.012501955205981762,0.04121174689098913,53.340229091932144,380.601109311887,0.016348710653976146,0.05389228439590885,52.983376504834325,222.5660466218302,0.023080532687966324,0.07608322502951838,-54.14111552258683,111.66942269741132,sms,53.340229091932144
tariff_19,MID,tariff_3,unseen_target,0,,,0.13093682520512656,0.31365006786202004,0.3476727844825502,0.09221311475409837,0.0,0.12698924056376656,0.01662756799462967,0.06280634017629726,-0.21693121693121686,-0.08677248677248675,0.6467680349557807,26,4586.500923031366,0.008313783997314835,0.03140317008814863,38.131177977567894,655.4885570855757,0.010807919196509287,0.04082412111459322,45.57053137083827,387.86305152992634,0.014133432795435219,0.05338538914985266,42.82300256186541,226.81264951057986,0.019953081593555605,0.0753676082115567,-68.48517285383706,113.80009671624579,sms,45.57053137083827
tariff_19,MID,tariff_9,history_sparse,7,0.3933529534808704,0.09210526315789473,0.15208671605354798,0.189534297699756,0.24170901928670294,0.08234470208759571,0.028978338657946193,0.09330877178880775,0.014191024680349714,0.028692277843226515,-0.4285714285714285,-0.1714285714285714,0.7353955409979761,26,4586.500923031366,0.007095512340174857,0.014346138921613258,32.54357389759243,3140.812664438303,0.009224166042227314,0.018649980598097235,38.306646066870165,1858.4690322120132,0.012062370978297255,0.024388436166742536,33.32407562590713,1086.7863890789974,0.017029229616419655,0.03443073341187182,-81.89542264577817,545.2799764649831,sms,38.306646066870165
tariff_19,MID,tariff_17,unseen_target,0,,,0.08989068249615295,0.3145412076416487,0.34847693080700015,0.09221311475409837,0.0,0.12698924056376656,0.011415149503945128,0.06189279488327549,-0.3227513227513227,-0.12910052910052908,0.6017784239010641,26,4586.500923031366,0.005707574751972564,0.030946397441637744,26.177796868192686,674.9815466809123,0.007419847177564334,0.04023031667412907,30.0311359286505,399.397364899948,0.009702877078353357,0.05260887565078416,22.50225467592756,233.55762860931225,0.013698179404734152,0.07427135385993058,-97.17328751633755,117.18429629876948,sms,30.0311359286505
tariff_19,MID,tariff_13,history_sparse,12,0.17736472528386563,0.15789473684210525,0.04343218942477061,0.17247203017123852,0.22857515436151107,0.1612087552458441,0.03876476189369199,0.18267345162765686,0.007933907953969064,0.04889403272647587,-0.6402116402116402,-0.2560846560846561,0.575350422991924,26,4586.500923031366,0.003966953976984532,0.024447016363237935,18.194438077062504,1081.584291374114,0.005157040170079892,0.03178112127220931,19.652769500181257,639.990704955097,0.006743821760873705,0.04155992781750449,8.930544731006261,374.25061985263454,0.009520689544762876,0.05867283927177104,-116.33334861505,187.77505058578365,sms,19.652769500181257
tariff_19,MID,tariff_16,unseen_target,0,,,0.04884453978717937,0.31543503938648054,0.3492839304530779,0.09221311475409837,0.0,0.12698924056376656,0.006202731013260588,0.06136459721005199,-0.4285714285714285,-0.1714285714285714,0.5556075592305518,26,4586.500923031366,0.003101365506630294,0.030682298605025995,14.224415758817486,686.6514049715367,0.004031775158619383,0.039886988186533794,14.491740486462731,406.30260649203353,0.0052723213612715,0.05215990762854419,2.1815067899897223,237.59564185866327,0.007443277215912706,0.07363751665206239,-125.86140217883803,119.21031336311401,sms,14.491740486462731
tariff_19,MID,tariff_15,unseen_target,0,,,-0.012724674276281073,0.31678078457310394,0.3504997367684479,0.09221311475409837,0.0,0.12698924056376656,-0.0016158967227662294,0.06131462887840654,-0.5873015873015873,-0.23492063492063495,0.4855198302981927,26,4586.500923031366,-0.0008079483613831147,0.03065731443920327,-3.7056559052453353,687.7710335676074,-0.0010503328697980493,0.03985450877096425,-8.817352676818937,406.965108619886,-0.0013735122143512949,0.05211743454664556,-28.299615038917068,237.983056597788,-0.0019390760673194752,0.07357755465408784,-168.8935741725888,119.40469332770962,push,-3.7056559052453353
tariff_19,MID,tariff_2,unseen_target,0,,,-0.031195438495319194,0.3171856678064478,0.3508657120064915,0.09221311475409837,0.0,0.12698924056376656,-0.003961485043574273,0.06147407463104356,-0.6349206349206349,-0.25396825396825395,0.46457675428418643,26,4586.500923031366,-0.0019807425217871367,0.03073703731552178,-9.084677404464179,684.2079069987564,-0.002574965278323278,0.039958148510178315,-15.810080625803433,404.8567497034061,-0.0033672622870381318,0.05225296343638702,-37.4439515875891,236.75014083001952,-0.004753782052289128,0.07376888955725228,-181.80322577071402,118.78609496506186,push,-9.084677404464179
tariff_19,MID,tariff_1,history_sparse,3,-0.46013548532219045,0.039473684210526314,-0.26886350881824417,0.2078864080663798,0.25635280115251596,0.041409390087935545,0.02100302581868458,0.04692298632058493,-0.012615878746382937,0.018203433783172306,-1.164021164021164,-0.4656084656084656,0.14713446834160593,26,4586.500923031366,-0.0063079393731914684,0.009101716891586153,-28.931369757568568,7803.069087889061,-0.00820032118514891,0.011832231959062,-41.61078068483914,4617.200643721337,-0.010723496934425496,0.015472918715696459,-71.18332858786655,2700.023905843966,-0.015139054495659525,0.021844120539806767,-229.43528741816456,1354.6994944251844,push,-28.931369757568568
tariff_2,MID,tariff_8,history,113,0.36202439207438514,0.37919463087248323,0.3493797380925507,0.08203474026742016,0.17096695180865537,0.3873257328951587,0.028931867533035643,0.43889755506312383,0.15334191283741505,0.11881525819856277,0.47089947089947093,0.1883597883597884,0.9795010531575754,20,4609.652107633216,0.07667095641870753,0.059407629099281385,353.42643584974957,183.15874394734496,0.09967224334431977,0.0772299178290658,455.4543666046744,108.37795499842898,0.1303406259118028,0.10099296946877835,578.8249409445742,63.37672800946193,0.18401029540489805,0.14257830983827532,688.2234460393989,31.798393046414052,call,688.2234460393989
tariff_2,MID,tariff_14,unseen_target,0,,,0.49419518817954283,0.30588450034664494,0.34068361796880786,0.09221311475409837,0.0,0.12698924056376656,0.06275747163718785,0.08414531685871744,0.7195767195767194,0.28783068783068777,0.9265541709550087,20,4609.652107633216,0.03137873581859393,0.04207265842935872,144.64505570104737,365.18437605066464,0.04079235656417211,0.05469445595816634,184.0385724113616,216.08542961577785,0.053343850891609666,0.07152351932990983,223.89659469178048,126.36137579607771,0.07530896596462541,0.10097438023046093,187.14813368251362,63.40006528657372,digital_ads,223.89659469178048
tariff_2,MID,tariff_19,unseen_target,0,,,0.461358274012364,0.30657730014138423,0.3413057880581289,0.09221311475409837,0.0,0.12698924056376656,0.05858753684464023,0.08148491378998611,0.6349206349206349,0.25396825396825395,0.9117714923976038,20,4609.652107633216,0.029293768422320114,0.040742456894993055,135.03408134846725,389.41947596103995,0.03808189894901615,0.052965193963490975,171.54430575300745,230.42572542073364,0.04979940631794419,0.0692621767214882,207.5579382923943,134.74722351593073,0.07030504421356827,0.09778189654798333,164.0817952363214,67.60754790990275,digital_ads,207.5579382923943
tariff_2,MID,tariff_20,unseen_target,0,,,0.43878289552242855,0.30705468007604036,0.3417346581144492,0.09221311475409837,0.0,0.12698924056376656,0.05572070667476373,0.07971807326900282,0.5767195767195767,0.23068783068783072,0.9004267669166821,20,4609.652107633216,0.027860353337381866,0.03985903663450141,128.4265364810684,406.87265391097816,0.03621845933859643,0.05181674762485183,162.95449742538895,240.75304965146634,0.047362600673549166,0.0677603622786524,196.32511201781625,140.78638543632462,0.06686484800971647,0.09566168792280338,148.22368755456415,70.63761352621148,digital_ads,196.32511201781625
tariff_2,MID,tariff_18,unseen_target,0,,,0.4182598241679417,0.30748942153771625,0.34212533428204256,0.09221311475409837,0.0,0.12698924056376656,0.05311449742942145,0.0781591814577088,0.5238095238095238,0.20952380952380956,0.8892471065871439,20,4609.652107633216,0.026557248714710727,0.0390795907288544,122.41967751070581,423.2647329135593,0.03452442332912395,0.05080346794751072,155.14558076391756,250.4525046825795,0.04514732281500823,0.06643530423905247,186.11345176819984,146.45838509119702,0.06373739691530575,0.09379101774925055,133.80722602569398,73.48346057527073,digital_ads,186.11345176819984
tariff_2,MID,tariff_5,unseen_target,0,,,0.39773675281345494,0.30792488335942575,0.3425167642494539,0.09221311475409837,0.0,0.12698924056376656,0.05050828818407919,0.07664820674091188,0.47089947089947093,0.1883597883597884,0.8772234434925976,20,4609.652107633216,0.025254144092039594,0.03832410337045594,116.41281854034324,440.11694700008337,0.032830387319651474,0.049821334381592725,147.3366641024462,260.4242289941322,0.042932044956467304,0.0651509757297751,175.90179151858348,152.28960103809115,0.060609945820895024,0.09197784808909426,119.39076449682375,76.40919218751449,digital_ads,175.90179151858348
tariff_2,MID,tariff_6,unseen_target,0,,,0.39773675281345494,0.30792488335942575,0.3425167642494539,0.09221311475409837,0.0,0.12698924056376656,0.05050828818407919,0.07664820674091188,0.47089947089947093,0.1883597883597884,0.8772234434925976,20,4609.652107633216,0.025254144092039594,0.03832410337045594,116.41281854034324,440.11694700008337,0.032830387319651474,0.049821334381592725,147.3366641024462,260.4242289941322,0.042932044956467304,0.0651509757297751,175.90179151858348,152.28960103809115,0.060609945820895024,0.09197784808909426,119.39076449682375,76.40919218751449,digital_ads,175.90179151858348
tariff_2,MID,tariff_7,unseen_target,0,,,0.39773675281345494,0.30792488335942575,0.3425167642494539,0.09221311475409837,0.0,0.12698924056376656,0.05050828818407919,0.07664820674091188,0.47089947089947093,0.1883597883597884,0.8772234434925976,20,4609.652107633216,0.025254144092039594,0.03832410337045594,116.41281854034324,440.11694700008337,0.032830387319651474,0.049821334381592725,147.3366641024462,260.4242289941322,0.042932044956467304,0.0651509757297751,175.90179151858348,152.28960103809115,0.060609945820895024,0.09197784808909426,119.39076449682375,76.40919218751449,digital_ads,175.90179151858348
tariff_2,MID,tariff_3,unseen_target,0,,,0.37721368145896816,0.3083610624893312,0.34290894543529954,0.09221311475409837,0.0,0.12698924056376656,0.04790207893873692,0.07518803799207457,0.417989417989418,0.16719576719576723,0.8643427324364613,20,4609.652107633216,0.02395103946936846,0.03759401899603729,110.40595956998067,457.37727683727485,0.031136351310179,0.048872224694848476,139.52774744097485,270.6374419155472,0.040716767097926376,0.06390983229326339,165.6901312689671,158.2620335077076,0.0574824947264843,0.09022564559048948,104.97430296795352,79.40577722869357,digital_ads,165.6901312689671
tariff_2,MID,tariff_10,history,30,0.2971271678240503,0.10067114093959731,0.367240020886532,0.13670233576183763,0.2029471078945009,0.1026141906128579,0.01802257257775382,0.11627711135566438,0.04270160880287979,0.036430982272973755,0.7354497354497355,0.2941798941798942,0.96481608430136,20,4609.652107633216,0.021350804401439896,0.018215491136486878,98.41978050876196,1948.1855896650338,0.027756045721871868,0.02368013847743294,123.94571466139055,1152.7725382633334,0.03629636748244782,0.030966334932027693,145.3136268648953,674.1126607837485,0.05124193056345575,0.04371717872756851,76.20747322102869,338.2266648724016,digital_ads,145.3136268648953
tariff_2,MID,tariff_17,unseen_target,0,,,0.33616753874999455,0.30923556052751405,0.3436955511710412,0.09221311475409837,0.0,0.12698924056376656,0.04268966044805238,0.07243230293330807,0.3121693121693122,0.12486772486772489,0.8359867891793843,20,4609.652107633216,0.02134483022402619,0.03621615146665404,98.39224162925548,492.84176226360114,0.027748279291234048,0.04708099690665025,123.90991411803213,291.6223445346753,0.036286211380844514,0.06156745749331186,145.2668107697343,170.53348175211113,0.05122759253766285,0.08691876351996969,76.14137991021312,85.56280594854188,digital_ads,145.2668107697343
tariff_2,MID,tariff_16,unseen_target,0,,,0.29512139604102094,0.31011289148187493,0.3444851309755606,0.09221311475409837,0.0,0.12698924056376656,0.03747724195736783,0.06991745132306837,0.2063492063492064,0.08253968253968257,0.8041954381140599,20,4609.652107633216,0.018738620978683916,0.034958725661534185,86.37852368853031,528.9333020195063,0.024360207272289096,0.045446343359994444,108.29208079508942,312.97828521864267,0.03185565566376266,0.05942983362460811,124.84349027050152,183.02190381297797,0.044972690348841396,0.08390094158768203,47.308456852472716,91.8286982672754,digital_ads,124.84349027050152
tariff_2,MID,tariff_4,history,23,0.46614815538551996,0.07718120805369127,0.37296627602562066,0.14742560415547806,0.2103195396548017,0.08011066475437303,0.016122650218196848,0.09077727584057294,0.03385686251800903,0.029532899030122906,0.2592592592592593,0.10370370370370373,0.9619131082772364,20,4609.652107633216,0.016928431259004516,0.014766449515061453,78.03417883199418,2964.5578371096526,0.02200696063670587,0.019196384369579888,97.44443248159243,1754.1762349761257,0.02877833314030768,0.02510296417560447,110.65810401439009,1025.7985595535129,0.04062823502161084,0.03543947883614749,27.282029196786027,514.680180053759,digital_ads,110.65810401439009
tariff_2,MID,tariff_15,unseen_target,0,,,0.23355218197756053,0.31143414723798235,0.3456750324594608,0.09221311475409837,0.0,0.12698924056376656,0.02965861422134102,0.06665578415833143,0.0476190476190476,0.019047619047619042,0.7503656589768644,20,4609.652107633216,0.01482930711067051,0.033327892079165714,68.35794677744255,581.9643814596348,0.019278099243871666,0.043326259702915426,84.86533081067532,344.35762216546436,0.025209822088139863,0.056657416534581714,94.20850952165232,201.371758290531,0.035590337065609226,0.07998694098999772,4.059072265862113,101.03548289229767,digital_ads,94.20850952165232
tariff_2,MID,tariff_9,history,42,0.17002006827757715,0.14093959731543623,0.19786650312783852,0.1212960313646313,0.19290600619164147,0.12518705139112393,0.019654444731884973,0.14185551362784937,0.028068454430945997,0.03512720100439806,0.2063492063492064,0.08253968253968257,0.8474869300861393,20,4609.652107633216,0.014034227215472999,0.01756360050219903,64.69290506280855,2095.487126623227,0.0182444953801149,0.02283268065285874,80.10077658165112,1239.9332110196608,0.023858186266304097,0.029858120853738353,87.97793860677452,725.0820507346806,0.0336821453171352,0.042152641205277674,-4.737027849259505,363.799848372088,digital_ads,87.97793860677452
tariff_2,MID,tariff_13,history,58,0.08017919857486347,0.19463087248322147,0.10416263955877328,0.10812330182135205,0.18490713452095675,0.19211396806966125,0.0233979599477003,0.2176936457306663,0.022675544754478676,0.047615305306403004,-0.005291005291005306,-0.0021164021164021226,0.7133928845946701,20,4609.652107633216,0.011337772377239338,0.023807652653201502,52.26318633460697,1140.4570707268417,0.01473910409041114,0.030949948449161952,63.94214223498906,674.826669069137,0.019274213041306876,0.040473009510442554,66.84741676883185,394.621823780914,0.027210653705374413,0.0571383663676836,-34.56835279694327,197.99601922341,digital_ads,66.84741676883185
tariff_2,MID,tariff_12,history_sparse,5,0.6219702418717526,0.016778523489932886,0.7330722265141931,0.1989726589072155,0.24917888954044065,0.018524111105521768,0.008008145928796043,0.020990567843660008,0.015387602304949068,0.01287492819669423,1.5820105820105819,0.6328042328042328,0.9983692453749857,20,4609.652107633216,0.007693801152474534,0.006437464098347115,35.4657466982151,15598.486359936716,0.010001941498216895,0.00836870332785125,42.10547070767963,9229.87358576137,0.013079461959206708,0.010943688967190095,38.29176938696567,5397.400124545577,0.018465122765938882,0.015449913836033075,-74.88220792428376,2708.070548600124,sms,42.10547070767963
tariff_2,MID,tariff_11,history_sparse,4,0.3861679369795417,0.013422818791946308,0.5638391083721305,0.20304708633053042,0.2524442894329715,0.01888369799750949,0.008084017433656164,0.021398033174059004,0.012065047945778697,0.01095135129647772,1.0529100529100528,0.42116402116402113,0.9872426294904014,20,4609.652107633216,0.006032523972889349,0.00547567564823886,27.807836845977285,21559.399886089028,0.007842281164756153,0.007118378342710519,32.150187899770465,12757.0413527154,0.010255290753911893,0.009308648602006062,25.27332263816139,7459.99996058444,0.014478057534934436,0.013141621555773265,-93.26119156965451,3742.9513691126776,sms,32.150187899770465
tariff_2,MID,tariff_21,history_sparse,3,-0.5220794073705212,0.010067114093959731,0.2749468923376174,0.2078690311727313,0.25633870975857304,0.010446434752817623,0.006038473633122736,0.011837361380218825,0.003254645724968495,0.00482971072373114,0.5238095238095238,0.20952380952380956,0.8582729297548675,20,4609.652107633216,0.0016273228624842475,0.00241485536186557,7.501392262850229,110848.5075063209,0.002115519721229522,0.003139311970425241,5.751809941705298,65590.83284397687,0.0027664488662232207,0.004105254115171469,-9.247633153154611,38355.88495028405,0.003905574869962194,0.005795652868477368,-141.99665856915945,19244.532553180714,push,7.501392262850229
tariff_2,MID,tariff_1,history,20,-0.5166428664933149,0.06711409395973154,-0.27496269164487447,0.15296408101911746,0.2142382087350973,0.06479414842097632,0.014619919230152262,0.07342138905101166,-0.02018814275777168,0.021823656762664487,-0.5291005291005291,-0.21164021164021163,0.09966832595265762,20,4609.652107633216,-0.01009407137888584,0.010911828381332244,-46.53015740628123,5428.965023954109,-0.013122292792551593,0.014185376895731917,-64.4892046281656,3212.405339617815,-0.017159921344105926,0.018550108248264814,-101.10126759067808,1878.534610364743,-0.024225771309326016,0.026188388115197383,-271.67237777507495,942.5286499920328,push,-46.53015740628123
tariff_18,LOW,tariff_8,history_sparse,14,2.061604565593929,0.2692307692307692,1.7061084194154374,0.3573822839115651,0.3875849543698085,0.2483105204785662,0.06721121729043672,0.28137268216050576,0.48005230202754273,0.3217497808898232,-0.05291005291005291,-0.021164021164021163,0.9999946345349042,19,3161.2094845025767,0.24002615101377137,0.1608748904449116,758.7729451133819,24.976729428311497,0.3120339963179028,0.20913735757838509,982.4048286473965,14.779129839237573,0.40804445672341133,0.2734873137563497,1267.9140066927491,8.64246693021159,0.5760627624330512,0.38609973706778783,1661.0550682721162,4.336237747970746,call,1661.0550682721162
tariff_18,LOW,tariff_9,history_sparse,13,1.7208956156309159,0.25,1.4302961826888636,0.36634559886052454,0.39586499946885473,0.2447755075170399,0.06688781017246041,0.2773669876915811,0.3967169436991774,0.27645516071927895,-0.31746031746031744,-0.12698412698412698,0.9998487156480791,19,3161.2094845025767,0.1983584718495887,0.13822758035963947,627.0526825423572,33.83161155826298,0.25786601340446536,0.17969585446753134,811.1684873050644,20.018705064060928,0.3372094021443008,0.23498688661138709,1043.9895603220073,11.706439985558127,0.4760603324390129,0.3317461928631347,1344.9264381016574,5.873543673309545,call,1344.9264381016574
tariff_18,LOW,tariff_10,history_sparse,9,0.6126114359902969,0.17307692307692307,0.8375623020870255,0.4113042886218478,0.43780271565937584,0.15818013872081937,0.05676890601184122,0.17924157949739247,0.15012598995355064,0.13803633828028491,0.21164021164021163,0.08465608465608465,0.9721326557659473,19,3161.2094845025767,0.07506299497677532,0.06901816914014246,237.28985165575142,135.70168132052999,0.09758189346980792,0.0897236198821852,304.47680715247685,80.29685285238457,0.12760709146051805,0.11733088753824217,381.3927478147774,46.95559907284775,0.18015118794426074,0.1656436059363419,409.49564397380334,23.559319673703126,call,409.49564397380334
tariff_18,LOW,tariff_13,history_sparse,6,1.2322815501560747,0.11538461538461539,1.0492077629680239,0.4567007726591396,0.4807032304316824,0.11594891059380175,0.04980775684207849,0.1313873286741502,0.13785260520054962,0.1263610725697245,-0.5291005291005292,-0.21164021164021168,0.9854692683682953,19,3161.2094845025767,0.06892630260027481,0.06318053628486225,217.89048151168336,161.93677337957376,0.08960419338035727,0.08213469717032093,279.2576259651884,95.82057596424481,0.11717471442046719,0.10740691168426583,348.41381856986175,56.033485598468424,0.16542312624065955,0.1516332870836694,362.93715562804005,28.114023156176,call,362.93715562804005
tariff_18,LOW,tariff_14,unseen_target,0,,,1.073843856862262,1.1794453508582325,1.1889454721143013,0.09221311475409837,0.0,0.12698924056376656,0.1363666158670047,0.2447507177600671,0.19576719576719565,0.07830687830687827,0.8167875115767327,19,3161.2094845025767,0.06818330793350234,0.12237535888003355,215.54171972414738,43.16424417567877,0.08863830031355306,0.1590879665440436,276.2042356413917,25.540972885017027,0.11591162348695397,0.20803811009605702,344.4209235310505,14.93572462826255,0.1636399390404056,0.2937008613120805,357.30012733795365,7.493792391610899,call,357.30012733795365
tariff_18,LOW,tariff_19,unseen_target,0,,,1.047784941150631,1.1860394649085393,1.1954871861799834,0.09221311475409837,0.0,0.12698924056376656,0.13305741395086948,0.24409153058456506,0.11111111111111105,0.044444444444444425,0.8096073213486251,19,3161.2094845025767,0.06652870697543474,0.12204576529228253,210.31117948243704,43.39769542465706,0.08648731906806517,0.1586594948799673,269.40453332716817,25.679109718731983,0.11309880185823905,0.2074778009968803,335.5290051201429,15.016503607147774,0.15966889674104337,0.2929098367014781,344.74683075784884,7.534322122336294,call,344.74683075784884
tariff_18,LOW,tariff_20,unseen_target,0,,,1.0298694365988847,1.1905814021382737,1.1999933646139622,0.09221311475409837,0.0,0.12698924056376656,0.1307823376335265,0.2436651112012208,0.05291005291005291,0.021164021164021163,0.8046170633863767,19,3161.2094845025767,0.06539116881676325,0.1218325556006104,206.71518306626115,43.549722204797796,0.08500851946179225,0.15838232228079352,264.7297379861395,25.769066393371478,0.11116498698849753,0.2071153445210377,329.4158112126439,15.069108029341796,0.15693880516023181,0.292398133441465,336.11643935902674,7.560715660555172,call,336.11643935902674
tariff_18,LOW,tariff_21,no_history_for_cell,0,,,1.0135826142791156,0.6324535239762026,0.6499980461431535,0.09221311475409837,0.0,0.12698924056376656,0.128714086435942,0.16665409803682846,0.0,0.0,0.940544703226562,19,3161.2094845025767,0.064357043217971,0.08332704901841423,203.44609541519216,93.0979448338457,0.08366415618336233,0.1083251637239385,260.4799240397499,55.08754132180219,0.10940697347055071,0.1416559833313042,323.8583622058267,32.21382174181511,0.15445690372313042,0.19998491764419415,328.27062899646126,16.162837644764874,call,328.27062899646126
tariff_18,LOW,tariff_5,unseen_target,0,,,0.9972957919593463,1.1988568934352428,1.208204391209203,0.09221311475409837,0.0,0.12698924056376656,0.1266458352383575,0.24294610766791105,-0.05291005291005291,-0.021164021164021163,0.795438040299286,19,3161.2094845025767,0.06332291761917876,0.12147305383395553,200.1770077641232,43.80787607491104,0.0823197929049324,0.1579149699841422,256.2301100933602,25.921820162669256,0.10764895995260387,0.2065041915177244,318.3009131990094,15.1584346279969,0.151975002286029,0.2915353292014933,320.42481863389565,7.605534040783167,call,320.42481863389565
tariff_18,LOW,tariff_6,unseen_target,0,,,0.9972957919593463,1.1988568934352428,1.208204391209203,0.09221311475409837,0.0,0.12698924056376656,0.1266458352383575,0.24294610766791105,-0.05291005291005291,-0.021164021164021163,0.795438040299286,19,3161.2094845025767,0.06332291761917876,0.12147305383395553,200.1770077641232,43.80787607491104,0.0823197929049324,0.1579149699841422,256.2301100933602,25.921820162669256,0.10764895995260387,0.2065041915177244,318.3009131990094,15.1584346279969,0.151975002286029,0.2915353292014933,320.42481863389565,7.605534040783167,call,320.42481863389565
tariff_18,LOW,tariff_7,unseen_target,0,,,0.9972957919593463,1.1988568934352428,1.208204391209203,0.09221311475409837,0.0,0.12698924056376656,0.1266458352383575,0.24294610766791105,-0.05291005291005291,-0.021164021164021163,0.795438040299286,19,3161.2094845025767,0.06332291761917876,0.12147305383395553,200.1770077641232,43.80787607491104,0.0823197929049324,0.1579149699841422,256.2301100933602,25.921820162669256,0.10764895995260387,0.2065041915177244,318.3009131990094,15.1584346279969,0.151975002286029,0.2915353292014933,320.42481863389565,7.605534040783167,call,320.42481863389565
tariff_18,LOW,tariff_3,unseen_target,0,,,0.981008969639577,1.203002950974241,1.2123184812798706,0.09221311475409837,0.0,0.12698924056376656,0.124577584040773,0.24261401570895713,-0.10582010582010581,-0.042328042328042326,0.7908001452365828,19,3161.2094845025767,0.0622887920203865,0.12130700785447857,196.90792011305422,43.92788728049084,0.08097542962650246,0.15769911021082214,251.98029614697052,25.992832710349603,0.10589094643465705,0.20622191335261356,312.74346419219216,15.199960996709635,0.1494931008489276,0.29113681885074855,312.57900827133017,7.62636931952966,digital_ads,312.74346419219216
tariff_18,LOW,tariff_17,unseen_target,0,,,0.9484353250000384,1.2113114053352227,1.2205635258745005,0.09221311475409837,0.0,0.12698924056376656,0.12044108164560399,0.24200502753846356,-0.21164021164021163,-0.08465608465608465,0.7814345031653904,19,3161.2094845025767,0.060220540822801996,0.12100251376923178,190.36974481091627,44.149248160220246,0.07828670306964261,0.15730326790000132,243.48066825419122,26.123815479420262,0.10237491939876339,0.205704273407694,301.62856617855766,15.276556456823617,0.1445292979747248,0.29040603304615625,296.8873875461991,7.664800027816016,digital_ads,301.62856617855766
tariff_18,LOW,tariff_16,unseen_target,0,,,0.9158616803604999,1.2196412742631269,1.2288306790954495,0.09221311475409837,0.0,0.12698924056376656,0.116304579250435,0.24147009070168485,-0.31746031746031744,-0.12698412698412698,0.7719582954331117,19,3161.2094845025767,0.0581522896252175,0.12073504535084242,183.83156950877836,44.34507546887087,0.07559797651278276,0.15695555895609514,234.98104036141189,26.239689626550817,0.09885889236286974,0.20524957709643213,290.51366816492316,15.344316771235594,0.139565495100522,0.2897641088420218,281.19576682106805,7.698797824456749,digital_ads,290.51366816492316
tariff_18,LOW,tariff_15,unseen_target,0,,,0.867001213401192,1.2321752796177845,1.2412718959604159,0.09221311475409837,0.0,0.12698924056376656,0.11009982565768148,0.24080759254919232,-0.4761904761904762,-0.1904761904761905,0.7575608699182528,19,3161.2094845025767,0.05504991282884074,0.12040379627459616,174.02430655557143,44.58941114493513,0.07156488667749297,0.15652493515697502,222.23159852224288,26.38426694966575,0.09358485180902924,0.20468645366681346,273.84132114447135,15.428861987866831,0.13211979078921776,0.2889691110590308,257.65833573337136,7.741217212662349,digital_ads,273.84132114447135
tariff_18,LOW,tariff_2,unseen_target,0,,,0.8523430733133996,1.2359444715909889,1.245013548864561,0.09221311475409837,0.0,0.12698924056376656,0.10823839957985543,0.24064176273880802,-0.5238095238095238,-0.20952380952380956,0.7532035396488346,19,3161.2094845025767,0.05411919978992771,0.12032088136940401,171.08212766960935,44.65088676958214,0.07035495972690604,0.15641714578022523,218.40676597049222,26.42064305892434,0.09200263964287711,0.20454549832798682,268.83961703833586,15.450133830305235,0.1298860794958265,0.2887701152865696,250.59710640706243,7.751890064163568,digital_ads,268.83961703833586
tariff_18,LOW,tariff_4,history_sparse,3,1.8631859933790273,0.057692307692307696,1.222933988752016,0.5240767744691166,0.5451205972424389,0.07477641336594763,0.04091952918363222,0.08473277713150912,0.10362259311547206,0.10362554481265106,-0.26455026455026454,-0.10582010582010581,0.9875651010408655,19,3161.2094845025767,0.05181129655773603,0.05181277240632553,163.78636208269086,240.78999354203197,0.06735468552505684,0.0673566041282232,208.92227070749811,142.4792861195455,0.08807920414815125,0.0880817130907534,256.43681554057446,83.31833686575499,0.12434711173856645,0.12435065377518126,233.08726899845794,41.80381832326944,digital_ads,256.43681554057446
tariff_18,LOW,tariff_11,history_sparse,2,3.0,0.038461538461538464,1.6051340001467067,0.5531413468264431,0.5731189663315737,0.03808096383639524,0.029774754596323727,0.043151385262505025,0.06926375563827634,0.07996194715365032,0.5291005291005291,0.21164021164021163,0.9974504010771115,19,3161.2094845025767,0.03463187781913817,0.03998097357682516,109.478620627994,404.394617660772,0.04502144116487962,0.05197526564987271,138.3222068163922,239.28675601229114,0.05887419229253489,0.06796765508060278,164.1136550675898,139.9289334466339,0.0831165067659316,0.09595433658438038,102.74868950718559,70.2073988994396,digital_ads,164.1136550675898
tariff_18,LOW,tariff_12,history_sparse,1,3.0,0.019230769230769232,1.5605167375863884,0.5888285051415884,0.6076339428202456,0.023243630987450952,0.02344067302564491,0.026338484497086194,0.04110164590036262,0.057872917471062664,1.0582010582010581,0.42328042328042326,0.9948883797530879,19,3161.2094845025767,0.02055082295018131,0.028936458735531332,64.96545642444637,772.0071737490179,0.0267160698352357,0.037617396356190734,80.45509335178028,456.80897854971465,0.03493639901530823,0.049191979850403265,88.44127592155886,267.130509947757,0.049321975080435135,0.06944750096527519,-4.082904581328705,134.0290232203156,digital_ads,88.44127592155886
tariff_18,LOW,tariff_1,history_sparse,4,-0.29571632027134725,0.07692307692307693,0.32590778038166335,0.49867974917779206,0.5207508926924904,0.08528804017073427,0.04345214411309437,0.09664401078456888,0.03149703504198038,0.06862092153860849,-1.0529100529100528,-0.42116402116402113,0.7342907098866718,19,3161.2094845025767,0.01574851752099019,0.034310460769304246,49.78436295420919,549.1095496615651,0.020473072777287247,0.04460359900009552,60.71967184047196,324.9168932908669,0.026772479785683322,0.05832778330781722,62.633417022155626,190.0033043811644,0.03779644205037645,0.08234510584633019,-40.51752890989793,95.33151903846615,digital_ads,62.633417022155626
tariff_15,HIGH,tariff_12,history_sparse,3,0.532592444204296,0.03896103896103896,0.07390914964735008,0.10307393264590169,0.18200064722712356,0.05232279704500305,0.026215876506452223,0.059289496531674715,0.004382036271675591,0.014095710310671536,1.5343915343915342,0.6137566137566137,0.6576627864581648,14,6923.097615780479,0.0021910181358377953,0.007047855155335768,15.16863243235043,13013.62108732502,0.002848323576589134,0.009162211701936498,15.719222162055559,7700.367507292912,0.0037247308309242516,0.011981353764070805,3.786675134995729,4502.983075198969,0.005258443526010708,0.016914852372805843,-123.59528216235898,2259.3092165494836,sms,15.719222162055559
tariff_15,HIGH,tariff_10,history_sparse,9,0.15111763713570703,0.11688311688311688,0.006969329065998038,0.09221870189491076,0.1760803480777523,0.10502103399272987,0.03609385330535452,0.11900442220834044,0.0008293809786788895,0.02511352728246503,0.6878306878306879,0.2751322751322752,0.515786169643257,14,6923.097615780479,0.0004146904893394447,0.012556763641232515,2.87094273803275,4099.743240392137,0.0005390976361412782,0.01632379273360227,-0.2677744405574245,2425.883574196531,0.0007049738318770561,0.021346498190095275,-17.119397345344325,1418.5962769522966,0.0009952571744146672,0.030136232738958036,-153.1097374287214,711.7609792347461,push,2.87094273803275
tariff_15,HIGH,tariff_11,history_sparse,5,-0.09135522441036335,0.06493506493506493,-0.07458520703768433,0.09958260291758601,0.18004636848279282,0.07740312932077122,0.0314611025146333,0.08770923625236342,-0.006541811544999694,0.01985806584043607,1.0052910052910051,0.4021164021164021,0.3393434823947513,14,6923.097615780479,-0.003270905772499847,0.009929032920218035,-22.644799955036294,6556.894504474408,-0.004252177504249801,0.012907742796283445,-33.43823994154718,3879.8192334168084,-0.00556053981324974,0.01687935596437066,-60.496159923561706,2268.821627845816,-0.007850173853999632,0.023829679008523282,-214.34751989208712,1138.3497403601402,push,-22.644799955036294
tariff_15,HIGH,tariff_14,unseen_target,0,,,-0.07976905355170347,0.36563435845265196,0.39520688769438517,0.09221311475409837,0.0,0.12698924056376656,-0.010129811531021249,0.06977626862985521,0.6719576719576719,0.26878306878306873,0.4200204148460649,14,6923.097615780479,-0.005064905765510624,0.034888134314927606,-35.0648370293594,531.0759152065137,-0.0065843774951638125,0.04535457460940589,-49.58428813816723,314.2461036724934,-0.00861033980136806,0.05930982833537693,-81.61022294991099,183.7632924590013,-0.012155773837225499,0.08373152235582625,-244.15560887046257,92.2006797233531,push,-35.0648370293594
tariff_15,HIGH,tariff_19,unseen_target,0,,,-0.09092931993709757,0.34406117941115455,0.3753373085343298,0.09221311475409837,0.0,0.12698924056376656,-0.011547045283791779,0.06654343374055041,0.5873015873015873,0.23492063492063495,0.4042892461276867,14,6923.097615780479,-0.005773522641895889,0.033271716870275206,-39.97066083676405,583.9311912285582,-0.007505579434464657,0.04325323193135777,-55.961859087793265,345.5214149281408,-0.009814988491223012,0.056561918679467846,-89.95012342249888,202.0523153039994,-0.013856454340550134,0.07985212048866049,-255.92958600823368,101.3769429216247,push,-39.97066083676405
tariff_15,HIGH,tariff_20,unseen_target,0,,,-0.09860200307705604,0.32931767928503874,0.3618703274512621,0.09221311475409837,0.0,0.12698924056376656,-0.01252139348882152,0.06438496392761818,0.5291005291005292,0.21164021164021168,0.39262693382865077,14,6923.097615780479,-0.00626069674441076,0.03219248196380909,-43.34341470435474,623.7393960171656,-0.00813890576773399,0.04185022655295182,-60.34643911566117,369.07656569063045,-0.010643184465498291,0.05472721933847545,-95.68380499740304,215.8267806287771,-0.015025672186585824,0.07726195671314182,-264.02419529045136,108.2880895863135,push,-43.34341470435474
tariff_15,HIGH,tariff_18,unseen_target,0,,,-0.10557716956792737,0.31598654099568935,0.3497820665649119,0.09221311475409837,0.0,0.12698924056376656,-0.013407164584303103,0.062473329992519214,0.4761904761904762,0.1904761904761905,0.3813881618684079,14,6923.097615780479,-0.006703582292151552,0.031236664996259607,-46.40955458398265,662.4952634824555,-0.008714656979797019,0.04060766449513749,-64.33242095917745,392.0090316464233,-0.011396089896657637,0.05310233049364133,-100.8962427927705,229.23711539185305,-0.016088597501163725,0.07496799599102305,-271.38293100155835,115.0165387990374,push,-46.40955458398265
tariff_15,HIGH,tariff_21,no_history_for_cell,0,,,-0.10557716956792737,0.11045316698496423,0.18627909731638811,0.09221311475409837,0.0,0.12698924056376656,-0.013407164584303103,0.03496250642606501,0.4761904761904762,0.1904761904761905,0.28543565518058744,14,6923.097615780479,-0.006703582292151552,0.017481253213032504,-46.40955458398265,2115.2756518335827,-0.008714656979797019,0.022725629176942257,-64.33242095917745,1251.6423975346638,-0.011396089896657637,0.029718130462155254,-100.8962427927705,731.9292912918971,-0.016088597501163725,0.041955007711278004,-271.38293100155835,367.23535622110825,push,-46.40955458398265
tariff_15,HIGH,tariff_5,unseen_target,0,,,-0.11255233605879869,0.3027333834994562,0.33785722056074047,0.09221311475409837,0.0,0.12698924056376656,-0.014292935679784685,0.06061461295688006,0.4232804232804233,0.16931216931216933,0.36951588773051913,14,6923.097615780479,-0.007146467839892342,0.03030730647844003,-49.475694463610544,703.748392782445,-0.009290408191860047,0.03939949842197204,-68.31840280269373,416.4191673268905,-0.012148995327816981,0.05152242101334805,-106.10868058813791,243.5115545960017,-0.017151522815741622,0.07273753554825607,-278.7416667126653,122.17854041361889,push,-49.475694463610544
tariff_15,HIGH,tariff_6,unseen_target,0,,,-0.11255233605879869,0.3027333834994562,0.33785722056074047,0.09221311475409837,0.0,0.12698924056376656,-0.014292935679784685,0.06061461295688006,0.4232804232804233,0.16931216931216933,0.36951588773051913,14,6923.097615780479,-0.007146467839892342,0.03030730647844003,-49.475694463610544,703.748392782445,-0.009290408191860047,0.03939949842197204,-68.31840280269373,416.4191673268905,-0.012148995327816981,0.05152242101334805,-106.10868058813791,243.5115545960017,-0.017151522815741622,0.07273753554825607,-278.7416667126653,122.17854041361889,push,-49.475694463610544
tariff_15,HIGH,tariff_7,unseen_target,0,,,-0.11255233605879869,0.3027333834994562,0.33785722056074047,0.09221311475409837,0.0,0.12698924056376656,-0.014292935679784685,0.06061461295688006,0.4232804232804233,0.16931216931216933,0.36951588773051913,14,6923.097615780479,-0.007146467839892342,0.03030730647844003,-49.475694463610544,703.748392782445,-0.009290408191860047,0.03939949842197204,-68.31840280269373,416.4191673268905,-0.012148995327816981,0.05152242101334805,-106.10868058813791,243.5115545960017,-0.017151522815741622,0.07273753554825607,-278.7416667126653,122.17854041361889,push,-49.475694463610544
tariff_15,HIGH,tariff_1,history_sparse,3,0.03765559370539958,0.03896103896103896,-0.22996617024342547,0.10316076938542779,0.18204984026412496,0.055920329712669956,0.027050660528011444,0.06336603510889885,-0.014572044417503907,0.01830210550026083,-0.5767195767195766,-0.23068783068783066,0.1032578551387568,14,6923.097615780479,-0.007286022208751954,0.009151052750130414,-50.44184298193427,7719.1588798951125,-0.009471828871377541,0.01189636857516954,-69.57439587651456,4567.54963307403,-0.012386237754878321,0.015556789675221703,-107.75113306928826,2670.989231797618,-0.01748645330100469,0.021962526600312993,-281.06042315664223,1340.1317499817903,push,-50.44184298193427
tariff_15,HIGH,tariff_3,unseen_target,0,,,-0.11952750254967003,0.2895689142043889,0.3261137164755704,0.09221311475409837,0.0,0.12698924056376656,-0.015178706775266268,0.058813830096629535,0.3703703703703704,0.14814814814814817,0.3569881989547522,14,6923.097615780479,-0.007589353387633134,0.029406915048314768,-52.54183434323845,747.5033848871681,-0.009866159403923075,0.0382289895628092,-72.30438464621,442.30969519950764,-0.012901900758976327,0.0499917555821351,-111.32111838350536,258.6516902723765,-0.01821444813031952,0.07057659611595545,-286.10040242377227,129.77489320957778,push,-52.54183434323845
tariff_15,HIGH,tariff_17,unseen_target,0,,,-0.13347783553141268,0.2635591144925236,0.30325468971160724,0.09221311475409837,0.0,0.12698924056376656,-0.016950248966229434,0.05540848412991343,0.2645502645502646,0.10582010582010584,0.32991389627505685,14,6923.097615780479,-0.008475124483114717,0.027704242064956714,-58.674114102494265,842.2083659640715,-0.011017661828049133,0.03601551468444373,-80.27634833324254,498.3481455408707,-0.014407711621295017,0.04709721151042641,-121.74599397424024,291.42157991836393,-0.02034029875947532,0.06649018095589611,-300.81787384598624,146.21673020209576,push,-58.674114102494265
tariff_15,HIGH,tariff_9,no_history_for_cell,0,,,-0.14742816851315535,0.11045316698496423,0.18627909731638811,0.09221311475409837,0.0,0.12698924056376656,-0.0187217911571926,0.037087113874104016,0.1587301587301588,0.06349206349206353,0.21434451520174314,14,6923.097615780479,-0.0093608955785963,0.018543556937052008,-64.80639386175007,1879.8621915686836,-0.012169164252175192,0.02410662401816761,-88.24831202027511,1112.3444920524753,-0.015913522483613707,0.03152404679298841,-132.1708695649751,650.4713465635583,-0.022466149388631118,0.04450453664892482,-315.53534526820016,326.3649638140075,push,-64.80639386175007
tariff_15,HIGH,tariff_16,unseen_target,0,,,-0.14742816851315535,0.23809083637583314,0.28140228564484643,0.09221311475409837,0.0,0.12698924056376656,-0.0187217911571926,0.052306954309854284,0.1587301587301588,0.06349206349206353,0.30017217989019757,14,6923.097615780479,-0.0093608955785963,0.026153477154927142,-64.80639386175007,945.046597520951,-0.012169164252175192,0.03399952030140529,-88.24831202027511,559.1991701307401,-0.015913522483613707,0.04446091116337614,-132.1708695649751,327.00574308683423,-0.022466149388631118,0.06276834517182514,-315.53534526820016,164.0705898473873,push,-64.80639386175007
tariff_15,HIGH,tariff_13,history_sparse,11,-0.23419960903556103,0.14285714285714285,-0.18763459659209775,0.08904846031790417,0.17444090198399387,0.10230845169866565,0.03567861719881068,0.1159306637780051,-0.021752603330640104,0.028236132599282024,-0.05291005291005291,-0.021164021164021163,0.1410454473429063,14,6923.097615780479,-0.010876301665320052,0.014118066299641012,-75.2976981276865,3243.1098809013447,-0.014139192164916067,0.018353486189533315,-101.88700756599245,1918.999929527423,-0.01848971283104409,0.02400071270938972,-150.00608681706706,1122.1833497928528,-0.026103123996768125,0.03388335911913843,-340.7144755064476,563.0399098787058,push,-75.2976981276865
tariff_15,HIGH,tariff_2,unseen_target,0,,,-0.17463131782755353,0.190804060289748,0.2427059731919546,0.09221311475409837,0.0,0.12698924056376656,-0.022176298429570772,0.04735415497925557,-0.0476190476190476,-0.019047619047619042,0.2359109060445912,14,6923.097615780479,-0.011088149214785386,0.023677077489627784,-76.7643393922989,1153.0706198804246,-0.014414593979221004,0.03078020073651612,-103.79364120998858,682.290307621553,-0.018849853665135155,0.04025103173236723,-152.4993769669081,398.9863736610466,-0.026611558115484928,0.05682498597510668,-344.23441454151737,200.18587150701816,push,-76.7643393922989
tariff_15,HIGH,tariff_4,history_sparse,16,-0.07477848308421789,0.2077922077922078,-0.12898548436456497,0.08614999003845188,0.17297924957527525,0.1703806963382001,0.044262741417209046,0.19306662248808013,-0.024902791816255626,0.04193614393190634,0.2116402116402117,0.08465608465608469,0.22793331024575286,14,6923.097615780479,-0.012451395908127813,0.02096807196595317,-86.20222932469848,1470.2632449937378,-0.016186814680566156,0.02725849355573912,-116.06289812210801,869.9782514755844,-0.02116737304381728,0.035645722342120385,-168.54378985198738,508.7416072642692,-0.02988335017950675,0.05032337271828761,-366.88535037927636,255.25403558919058,push,-86.20222932469848
tariff_15,HIGH,tariff_8,history,30,-0.09451185944022945,0.38961038961038963,-0.12910512892994147,0.07274326188086365,0.1667080746366771,0.4365688821703757,0.0583895989919003,0.4946973534884748,-0.06386796560343037,0.10070519375626602,0.4232804232804233,0.16931216931216933,0.2193358014197116,14,6923.097615780479,-0.03193398280171519,0.05035259687813301,-221.08208019692924,254.95782762915613,-0.04151417764222974,0.06545837594157292,-291.40670425600797,150.86261989890895,-0.05428777076291581,0.08559941469282611,-397.83953633477967,88.22070160178414,-0.07664155872411645,0.12084623250751922,-690.5969924726302,44.26351174117294,push,-221.08208019692924
tariff_15,LOW,tariff_8,history,21,1.4837494791951922,0.2692307692307692,1.3438967460966305,0.3091480659114223,0.34361683116048475,0.25867524435214717,0.05759267033611691,0.29311745298431885,0.3939195912897582,0.2600408701476005,0.4232804232804233,0.16931216931216933,0.9999540488824096,14,3097.647150359727,0.1969597956448791,0.13002043507380026,610.1119497147939,38.23744520287157,0.2560477343383428,0.16902656559594034,789.1455346292321,22.625707220634066,0.33483165259629444,0.22103473962546044,1015.1903145151496,13.230949897187397,0.4727035095477098,0.3120490441771206,1304.2686793155053,6.63844534772076,call,1304.2686793155053
tariff_15,LOW,tariff_9,history_sparse,19,1.4824401069688893,0.24358974358974358,1.3990552601064286,0.3207589411960656,0.35409927754405407,0.23365411034568767,0.05565249749420495,0.26476479369092154,0.37042057730427713,0.24676504837984628,0.1587301587301588,0.06349206349206353,0.9999610914773039,14,3097.647150359727,0.18521028865213857,0.12338252418992314,573.7161228605995,42.462425283027976,0.24077337524778014,0.16039728144690008,741.8309597187795,25.125695433744372,0.31485749070863556,0.20975029112286933,953.3174088630192,14.692880720770928,0.44450469276513255,0.29611805805581554,1216.918694865439,7.371948833859024,call,1216.918694865439
tariff_15,LOW,tariff_13,history_sparse,14,1.5678470782197238,0.1794871794871795,1.374883723247832,0.3576048989725736,0.38779023165776694,0.17671541212050462,0.05016464422553133,0.2002447958774165,0.2753133105169445,0.1942623003905852,-0.05291005291005291,-0.021164021164021163,0.9998040146137755,14,3097.647150359727,0.13765665525847226,0.0971311501952926,426.41174588945796,68.51647861388807,0.17895365183601394,0.1262704952538804,550.3352696562954,40.542295037803584,0.23401631393940284,0.16512295533199742,702.8999680120785,23.708124087850543,0.3303759726203334,0.23311476046870222,863.388190134699,11.895221981577793,call,863.388190134699
tariff_15,LOW,tariff_12,no_history_for_cell,0,,,1.485900461552425,0.6324535239762026,0.6499980461431535,0.09221311475409837,0.0,0.12698924056376656,0.18869337116589266,0.21175617315576814,1.5343915343915342,0.6137566137566137,0.9888730924909503,14,3097.647150359727,0.09434668558294633,0.10587808657788407,292.25274174189883,57.663357926569795,0.12265069125783025,0.1376415125512493,375.9285642644686,34.120330134064965,0.16038936549100874,0.1799927471824029,474.829660961228,19.952719005733492,0.2264320453990712,0.25410740778692176,541.4065801805573,10.010999640029478,call,541.4065801805573
tariff_15,LOW,tariff_14,unseen_target,0,,,1.2204252577401855,1.1426374384698803,1.152441024865485,0.09221311475409837,0.0,0.12698924056376656,0.15498087664526522,0.24930052468921465,0.6719576719576719,0.26878306878306873,0.8551981762014802,14,3097.647150359727,0.07749043832263261,0.12465026234460733,240.0380354502291,41.60310105679802,0.10073756981942242,0.16204534104798954,308.0494460852979,24.617219560235508,0.13173374514847544,0.21190544598583244,386.0646602653895,14.395536697853984,0.18597705197431827,0.2991606296270576,416.0912850805498,7.222760600138543,call,416.0912850805498
tariff_15,LOW,tariff_19,unseen_target,0,,,1.1943663420285546,1.1491446927509752,1.1588932327344625,0.09221311475409837,0.0,0.12698924056376656,0.15167167472913,0.24838904576999737,0.5873015873015873,0.23492063492063495,0.8486380036441338,14,3097.647150359727,0.075835837364565,0.12419452288499869,234.91266550748853,41.90899156014181,0.09858658857393453,0.1614528797504983,301.3864651597351,24.798219858072077,0.1289209235197605,0.21113068890449777,377.35153136273044,14.501381162678825,0.182006009674956,0.2980668549239968,403.79039721797244,7.2758665903024,call,403.79039721797244
tariff_15,LOW,tariff_20,unseen_target,0,,,1.1764508374768086,1.1536277578652148,1.1633387312890096,0.09221311475409837,0.0,0.12698924056376656,0.1493965984117871,0.2477878025693922,0.5291005291005292,0.21164021164021168,0.8440566527219169,14,3097.647150359727,0.07469829920589355,0.1238939012846961,231.38897367185442,42.11261793814414,0.09710778896766162,0.16106207167010494,296.8056657734108,24.918708839138542,0.126987108650019,0.21061963218398336,371.3612552421524,14.571840117004895,0.1792759180941445,0.29734536308327064,395.3335368124506,7.311218392038912,call,395.3335368124506
tariff_15,LOW,tariff_18,unseen_target,0,,,1.1601640151570392,1.157709781130052,1.1673867985051882,0.09221311475409837,0.0,0.12698924056376656,0.14732834721420257,0.24725932399158024,0.4761904761904762,0.1904761904761905,0.8398430084056728,14,3097.647150359727,0.07366417360710129,0.12362966199579012,228.1856174576415,42.29282873906271,0.09576342568923167,0.16071856059452716,292.641302694934,25.025342449149537,0.12522909513207217,0.2101704253928432,365.91554967799055,14.634196795523433,0.17679401665704306,0.2967111887898963,387.64548189833954,7.342504989420609,call,387.64548189833954
tariff_15,LOW,tariff_5,unseen_target,0,,,1.14387719283727,1.1617979364194089,1.1714411829316898,0.09221311475409837,0.0,0.12698924056376656,0.14526009601661807,0.24674820395072516,0.4232804232804233,0.16931216931216933,0.8355842006930212,14,3097.647150359727,0.07263004800830904,0.12337410197536258,224.98226124342867,42.46822293192857,0.09441906241080175,0.16038633256797136,288.4769396164573,25.12912599522401,0.12347108161412534,0.2097359733581164,360.4698441138287,14.694886827656946,0.17431211521994167,0.2960978447408702,379.95742698422873,7.372955370126489,call,379.95742698422873
tariff_15,LOW,tariff_6,unseen_target,0,,,1.14387719283727,1.1617979364194089,1.1714411829316898,0.09221311475409837,0.0,0.12698924056376656,0.14526009601661807,0.24674820395072516,0.4232804232804233,0.16931216931216933,0.8355842006930212,14,3097.647150359727,0.07263004800830904,0.12337410197536258,224.98226124342867,42.46822293192857,0.09441906241080175,0.16038633256797136,288.4769396164573,25.12912599522401,0.12347108161412534,0.2097359733581164,360.4698441138287,14.694886827656946,0.17431211521994167,0.2960978447408702,379.95742698422873,7.372955370126489,call,379.95742698422873
tariff_15,LOW,tariff_7,unseen_target,0,,,1.14387719283727,1.1617979364194089,1.1714411829316898,0.09221311475409837,0.0,0.12698924056376656,0.14526009601661807,0.24674820395072516,0.4232804232804233,0.16931216931216933,0.8355842006930212,14,3097.647150359727,0.07263004800830904,0.12337410197536258,224.98226124342867,42.46822293192857,0.09441906241080175,0.16038633256797136,288.4769396164573,25.12912599522401,0.12347108161412534,0.2097359733581164,360.4698441138287,14.694886827656946,0.17431211521994167,0.2960978447408702,379.95742698422873,7.372955370126489,call,379.95742698422873
tariff_15,LOW,tariff_3,unseen_target,0,,,1.1275903705175006,1.1658921592281737,1.1755018192030726,0.09221311475409837,0.0,0.12698924056376656,0.14319184481903355,0.24625455053373999,0.3703703703703704,0.14814814814814817,0.8312815026982419,14,3097.647150359727,0.07159592240951677,0.12312727526686999,221.77890502921576,42.63866117651321,0.09307469913237182,0.160065457846931,284.31257653798053,25.22997702752261,0.1217130680961785,0.20931636795367897,355.02413854966676,14.753861998793498,0.17183021378284025,0.295505460640488,372.2693720701178,7.402545343144653,call,372.2693720701178
tariff_15,LOW,tariff_17,unseen_target,0,,,1.095016725877962,1.174098553411852,1.1836415898082508,0.09221311475409837,0.0,0.12698924056376656,0.13905534242386453,0.24532006161440675,0.2645502645502646,0.10582010582010584,0.8225496208192957,14,3097.647150359727,0.06952767121193226,0.12266003080720338,215.37219260079002,42.9641237325395,0.09038597257551197,0.1594580400493644,275.9838503810271,25.422558421620998,0.11819704106028485,0.20852205237224575,344.132727421343,14.866478800186677,0.16686641090863744,0.2943840739372881,356.8932622418961,7.459049259121441,call,356.8932622418961
tariff_15,LOW,tariff_16,unseen_target,0,,,1.0624430812384233,1.182328463603243,1.1918056032115325,0.09221311475409837,0.0,0.12698924056376656,0.13491884002869553,0.2444566632688488,0.1587301587301588,0.06349206349206353,0.8136578924585842,14,3097.647150359727,0.06745942001434777,0.1222283316344244,208.9654801723643,43.26815031278511,0.0876972460186521,0.15889683112475173,267.65512422407363,25.60245580638172,0.11468101402439118,0.20778816377852147,333.2413162930193,14.971678308922186,0.16190260803443463,0.29334799592261857,341.5171524136743,7.511831651525192,call,341.5171524136743
tariff_15,LOW,tariff_2,unseen_target,0,,,0.9989244741913232,1.1984425904494511,1.2077932946506993,0.09221311475409837,0.0,0.12698924056376656,0.12685266035811596,0.2429803246112505,-0.0476190476190476,-0.019047619047619042,0.7959001038381969,14,3097.647150359727,0.06342633017905798,0.12149016230562525,196.47239093693412,43.79553872972161,0.08245422923277539,0.15793721099731284,251.4141082180144,25.914519958415156,0.10782476130439857,0.20653327591956291,312.003064592788,15.154165650422705,0.15222319242973917,0.29157638953350057,311.53373824864195,7.60339214057667,digital_ads,312.003064592788
tariff_15,LOW,tariff_4,history_sparse,7,0.9621020505296858,0.08974358974358974,1.0765910438149775,0.44046325217097887,0.4653040688765093,0.09569249317717145,0.038688557094508885,0.10843380061381966,0.11673885858765726,0.10263535124628036,0.2116402116402117,0.08465608465608469,0.9896589119048623,14,3097.647150359727,0.05836942929382863,0.05131767562314018,180.80789632015183,245.45853789995277,0.07588025808197722,0.06671297831008223,231.0502652161974,145.24173840233894,0.09922802979950866,0.0872400485593383,285.3734237442581,84.93375013839199,0.1400866303051887,0.12316242149553643,273.9389511683644,42.61432949651959,digital_ads,285.3734237442581
tariff_15,LOW,tariff_21,history_sparse,8,0.9505668558681228,0.10256410256410256,1.0841332189697928,0.42462832191550853,0.4503434375815648,0.09478525300468119,0.03852403129390425,0.10740576281580223,0.11644215537740174,0.10113018093518301,0.4761904761904762,0.1904761904761905,0.9919655675710515,14,3097.647150359727,0.05822107768870087,0.05056509046759151,180.34835539327653,252.81947219234192,0.07568740099531114,0.06573461760786896,230.45286201125953,149.59732082387094,0.09897583207079148,0.08596065379490556,284.59220416857016,87.48078622572385,0.1397305864528821,0.12135621712221961,272.83605294386376,43.89226947783714,digital_ads,284.59220416857016
tariff_15,LOW,tariff_10,history_sparse,4,2.012695338766508,0.05128205128205128,1.5375380959284886,0.4980736204285653,0.5201704829830491,0.057656940051288595,0.03065602510825055,0.06533387242768442,0.10045331781209668,0.09182189551840045,0.6878306878306879,0.2751322751322752,0.9984408804784305,14,3097.647150359727,0.05022665890604834,0.045910947759200224,155.58446683241067,306.6758524475833,0.06529465657786283,0.05968423208696029,198.25980688213383,181.4650014482741,0.08538532014028218,0.07804861119064038,242.49359361509812,106.11621191957899,0.12054398137451601,0.11018627462208054,213.40272039778557,53.242335494372085,digital_ads,242.49359361509812
tariff_15,LOW,tariff_1,history_sparse,4,0.6613803708146344,0.05128205128205128,0.7796082550159519,0.49877935540720975,0.5208462780710175,0.056617788696737344,0.03039525721788591,0.06415635967777236,0.05001682761656389,0.059019426443794605,-0.5767195767195766,-0.23068783068783066,0.9327787325741883,14,3097.647150359727,0.025008413808281945,0.029509713221897303,77.46724176824142,742.3045446817772,0.032510937950766525,0.038362627188466496,96.70741429871383,439.23345839158407,0.04251430347407931,0.050166512477225415,109.69431100601042,256.8527836269126,0.060020193139876665,0.07082331173255352,25.921380243779396,128.8723167850308,digital_ads,109.69431100601042
tariff_15,LOW,tariff_11,history_sparse,1,-1.0,0.01282051282051282,1.013611372282654,0.5888285051415884,0.6076339428202456,0.019046432060648873,0.017976973218257145,0.021582435025966677,0.021876201583871303,0.03317990893771107,1.0052910052910051,0.4021164021164021,0.952354869204314,14,3097.647150359727,0.010938100791935652,0.016589954468855535,33.88237674848695,2348.6684251477855,0.014219531029516346,0.021566940809512197,40.04708977303303,1389.7446302649616,0.018594771346290607,0.028202922597054408,35.60004047242781,812.6880363833169,0.026251441900645565,0.03981589072525328,-78.68229580363132,407.7549349214906,sms,40.04708977303303
tariff_19,LOW,tariff_9,history_sparse,12,1.103178619591725,0.24489795918367346,1.0239093440481608,0.3764531081114204,0.40523689689704806,0.24406701513609835,0.06727458652186098,0.27656416064610756,0.28317662831438617,0.2189798472364383,-0.4285714285714285,-0.1714285714285714,0.9942428993830823,14,2909.889313044804,0.14158831415719308,0.10948992361821915,412.0063222180465,53.9217268270894,0.18406480840435102,0.1423369007036849,531.6082188834605,31.90634723496413,0.24070013406722823,0.18613287015097255,678.410747770679,18.6580369643908,0.3398119539772634,0.26277581668372596,828.8151733233116,9.361410907480797,call,828.8151733233116
tariff_19,LOW,tariff_13,history_sparse,8,1.7819050088742001,0.16326530612244897,1.2977631858374827,0.4247262816669085,0.4504358049029829,0.15736256817962965,0.05703296307362174,0.17831515070337034,0.23141083805989673,0.1833401047752683,-0.6402116402116402,-0.2560846560846561,0.9980187262549431,14,2909.889313044804,0.11570541902994837,0.09167005238763415,336.68996229661764,76.92316384073573,0.1504170447389329,0.1191710681039244,433.696950985603,45.51666499451817,0.19669921235091223,0.15583908905897806,550.3729359042501,26.617011709597133,0.2776930056718761,0.22000812573032194,648.0559095118824,13.354715944572176,call,648.0559095118824
tariff_19,LOW,tariff_12,no_history_for_cell,0,,,1.3051167338029859,0.6324535239762026,0.6499980461431535,0.09221311475409837,0.0,0.12698924056376656,0.16573578287270466,0.19376830661619446,0.9470899470899471,0.37883597883597886,0.9776718677092572,14,2909.889313044804,0.08286789143635233,0.09688415330809723,241.13639168519867,68.86627635894747,0.10772825886725805,0.1259493993005264,309.4773091907584,40.749275952039916,0.14087541544179896,0.16470306062376527,387.9318658648378,23.829161369878026,0.19888293944724558,0.23252196793943333,418.7273400444768,11.955950756761714,call,418.7273400444768
tariff_19,LOW,tariff_8,history_sparse,11,0.3361003157374529,0.22448979591836735,0.5671619834488798,0.38706105627153836,0.4151099387897608,0.2116164689053335,0.06397324015533133,0.23979287438354283,0.13600140225227822,0.14597650573006601,-0.16402116402116396,-0.06560846560846559,0.914076559348999,14,2909.889313044804,0.06800070112613911,0.07298825286503301,197.87451348650598,121.34060655094244,0.08840091146398085,0.09488472872454291,253.23686753245778,71.79917547393043,0.11560119191443649,0.12408002987055611,314.38667292706015,41.98636904876902,0.16320168270273386,0.17517180687607922,314.8988323676143,21.066077526205287,call,314.8988323676143
tariff_19,LOW,tariff_14,unseen_target,0,,,1.0396415299907464,1.1881031311290289,1.1975345716089378,0.09221311475409837,0.0,0.12698924056376656,0.13202328835207722,0.24389499011289967,0.0846560846560846,0.03386243386243384,0.8073443212829874,14,2909.889313044804,0.06601164417603861,0.12194749505644983,192.08657792437103,43.46766685124188,0.0858151374288502,0.1585317435733848,245.71255130168237,25.720512929728926,0.11221979509926563,0.20731074159596471,304.54718247143074,15.040715173440097,0.15842794602249266,0.29267398813547957,301.0077870184905,7.5464699394517165,digital_ads,304.54718247143074
tariff_19,LOW,tariff_20,unseen_target,0,,,0.9956671097273694,1.1992712516410053,1.2086155447505147,0.09221311475409837,0.0,0.12698924056376656,0.12643901011859907,0.24291207372282506,-0.058201058201058135,-0.023280423280423256,0.7949756587998991,14,2909.889313044804,0.06321950505929953,0.12145603686141253,183.96176214803762,43.82015260998177,0.0821853565770894,0.1578928479198363,235.15029079244897,25.929084384604597,0.10747315860080921,0.2064752626644013,290.734995651664,15.162682564007534,0.15172681214231887,0.29149448846739007,281.5082291552903,7.607665383677391,digital_ads,290.734995651664
tariff_19,LOW,tariff_18,unseen_target,0,,,0.9793802874076001,1.20341785824452,1.2127302014635521,0.09221311475409837,0.0,0.12698924056376656,0.12437075892101457,0.24258181591602052,-0.11111111111111105,-0.044444444444444425,0.7903346601992428,14,2909.889313044804,0.062185379460507284,0.12129090795801026,180.95257111976602,43.93954984263322,0.08084099329865947,0.15767818034541334,231.23834245569583,25.999733634694206,0.10571514508286237,0.20619454352861744,285.61937090360215,15.203996485340214,0.14924491070521748,0.2910981790992246,274.2861706874384,7.628394069901603,digital_ads,285.61937090360215
tariff_19,LOW,tariff_5,unseen_target,0,,,0.9630934650878308,1.2075699243556064,1.2168504929563881,0.09221311475409837,0.0,0.12698924056376656,0.12230250772343006,0.24226994018952322,-0.16402116402116396,-0.06560846560846559,0.7856633876355695,14,2909.889313044804,0.06115125386171503,0.12113497009476161,177.94338009149436,44.05275001461976,0.07949663002022955,0.1574754611231901,227.32639411894272,26.06671598498211,0.10395713156491554,0.20592944916109474,280.5037461555404,15.24316609502414,0.14676300926811606,0.2907239282274279,267.06411221958643,7.648046877538154,digital_ads,280.5037461555404
tariff_19,LOW,tariff_6,unseen_target,0,,,0.9630934650878308,1.2075699243556064,1.2168504929563881,0.09221311475409837,0.0,0.12698924056376656,0.12230250772343006,0.24226994018952322,-0.16402116402116396,-0.06560846560846559,0.7856633876355695,14,2909.889313044804,0.06115125386171503,0.12113497009476161,177.94338009149436,44.05275001461976,0.07949663002022955,0.1574754611231901,227.32639411894272,26.06671598498211,0.10395713156491554,0.20592944916109474,280.5037461555404,15.24316609502414,0.14676300926811606,0.2907239282274279,267.06411221958643,7.648046877538154,digital_ads,280.5037461555404
tariff_19,LOW,tariff_7,unseen_target,0,,,0.9630934650878308,1.2075699243556064,1.2168504929563881,0.09221311475409837,0.0,0.12698924056376656,0.12230250772343006,0.24226994018952322,-0.16402116402116396,-0.06560846560846559,0.7856633876355695,14,2909.889313044804,0.06115125386171503,0.12113497009476161,177.94338009149436,44.05275001461976,0.07949663002022955,0.1574754611231901,227.32639411894272,26.06671598498211,0.10395713156491554,0.20592944916109474,280.5037461555404,15.24316609502414,0.14676300926811606,0.2907239282274279,267.06411221958643,7.648046877538154,digital_ads,280.5037461555404
tariff_19,LOW,tariff_3,unseen_target,0,,,0.9468066427680615,1.2117273938521462,1.2209763621838525,0.09221311475409837,0.0,0.12698924056376656,0.12023425652584555,0.24197651761955435,-0.21693121693121686,-0.08677248677248675,0.7809632265780799,14,2909.889313044804,0.06011712826292277,0.12098825880977718,174.93418906322273,44.159652191549306,0.07815226674179962,0.15728473645271032,223.41444578218957,26.12997171097592,0.10219911804696871,0.2056800399766212,275.38812140747865,15.280156467664115,0.14428110783101467,0.2903718211434652,259.84205375173457,7.666606283255088,digital_ads,275.38812140747865
tariff_19,LOW,tariff_17,unseen_target,0,,,0.9142329981285229,1.2200583219789667,1.229244609111682,0.09221311475409837,0.0,0.12698924056376656,0.11609775413067654,0.2414452968263825,-0.3227513227513227,-0.12910052910052908,0.7714817814071926,14,2909.889313044804,0.05804887706533827,0.12072264841319125,168.91580700667944,44.35418347584968,0.07546354018493975,0.15693944293714862,215.59054910868332,26.24507897979271,0.09868309101107504,0.20522850230242512,265.15687191135504,15.347468330743833,0.13931730495681185,0.289734356191659,245.39793681603072,7.700379075668347,digital_ads,265.15687191135504
tariff_19,LOW,tariff_16,unseen_target,0,,,0.8816593534889843,1.2284102073806944,1.2375344995583277,0.09221311475409837,0.0,0.12698924056376656,0.11196125173550753,0.24098864341290932,-0.4285714285714285,-0.1714285714285714,0.7619013908687686,14,2909.889313044804,0.055980625867753764,0.12049432170645466,162.89742495013618,44.52243770795209,0.0727748136280799,0.15664261821839107,207.76665243517706,26.344637697013066,0.09516706397518139,0.2048403469009729,254.9256224152315,15.405687788218717,0.13435350208260902,0.2891863720954912,230.95381988032682,7.729589879852794,digital_ads,254.9256224152315
tariff_19,LOW,tariff_15,unseen_target,0,,,0.8327988865296765,1.2409764044799558,1.2500089745581824,0.09221311475409837,0.0,0.12698924056376656,0.10575649814275402,0.24044438753502398,-0.5873015873015873,-0.23492063492063495,0.7473693321552318,14,2909.889313044804,0.05287824907137701,0.12022219376751199,153.8698518653213,44.72422260536455,0.06874172379279012,0.1562888518977656,196.0308074249177,26.46403704459441,0.08989302342134091,0.20437772940477036,239.5787481710462,15.47550955202926,0.12690779777130481,0.28853326504202875,209.2876444767711,7.764621980098015,digital_ads,239.5787481710462
tariff_19,LOW,tariff_2,unseen_target,0,,,0.8181407464418841,1.2447550637576623,1.25376041122311,0.09221311475409837,0.0,0.12698924056376656,0.10389507206492796,0.2403141910852705,-0.6349206349206349,-0.25396825396825395,0.7429766288034687,14,2909.889313044804,0.05194753603246398,0.12015709554263525,151.16157993987682,44.77269674946713,0.06753179684220319,0.15620422420542582,192.5100539218399,26.492719970098896,0.08831081125518876,0.2042670624224799,234.9746858977906,15.492282612272366,0.12467408647791355,0.28837702930232456,202.78779185570437,7.773037630115823,digital_ads,234.9746858977906
tariff_19,LOW,tariff_4,history_sparse,3,1.7452883456179709,0.061224489795918366,1.1963238981705133,0.524450386731857,0.545479796274064,0.07387403572065177,0.0409671532768676,0.08371024929866001,0.10014457175779842,0.10153445520072647,-0.3756613756613756,-0.15026455026455024,0.9858520355717464,14,2909.889313044804,0.05007228587889921,0.050767227600363236,145.70480955873307,250.81020494638938,0.06509397164256898,0.06599739588047221,185.41625242635303,148.40840529372153,0.08512288599412866,0.08630428692061749,225.69817624984623,86.78553804373337,0.12017348610935812,0.12184134624087176,189.69154294095938,43.54343835874816,digital_ads,225.69817624984623
tariff_19,LOW,tariff_10,history_sparse,3,0.8488371150400869,0.061224489795918366,1.00430996598694,0.523467042088512,0.5445344288039977,0.07656115070220029,0.04164502633774253,0.08675514948321443,0.08712906122667897,0.09356130803063355,0.10052910052910058,0.04021164021164023,0.9674336435846317,14,2909.889313044804,0.04356453061333949,0.046780654015316774,126.76796205956978,295.3789342476556,0.05663388979734133,0.06081485021991181,160.7983506774407,174.78043446606833,0.07405970204267712,0.07952711182603851,193.50553550126858,102.20724368430986,0.10455487347201477,0.11227356963676026,144.24310894296747,51.28106497355131,digital_ads,193.50553550126858
tariff_19,LOW,tariff_11,history_sparse,3,-0.22027479797848737,0.061224489795918366,0.7022716795751892,0.5235970904908862,0.544659446967113,0.0538978748862546,0.03536793259482553,0.061074293550948754,0.04289074671089293,0.05976841940336982,0.417989417989418,0.16719576719576723,0.9013665740304444,14,2909.889313044804,0.021445373355446464,0.02988420970168491,62.40366274126946,723.8166133345304,0.027878985362080402,0.038849472612190385,77.1247615636503,428.2938540441008,0.03645713470425899,0.05080315649286435,84.08622666015808,250.45557554828045,0.051468896053071506,0.07172210328404378,-10.23120942095332,125.66260648168934,digital_ads,84.08622666015808
tariff_19,LOW,tariff_21,history_sparse,1,3.0,0.02040816326530612,1.2485207199637414,0.5888285051415884,0.6076339428202456,0.02866170109568541,0.026133109125247356,0.032477962258839685,0.04054940882236174,0.05601780206310991,-0.11111111111111105,-0.044444444444444425,0.9800472183940319,14,2909.889313044804,0.02027470441118087,0.028008901031554956,58.99714569123756,823.9862402748588,0.026357115734535135,0.036411571341021444,72.69628939860884,487.56582264784544,0.03446699749900748,0.047615131753643423,78.29514767510386,285.1163461158681,0.04865929058683409,0.06722136247573189,-18.406850341029838,143.0531667143852,digital_ads,78.29514767510386
tariff_19,LOW,tariff_1,history_sparse,8,-0.5388546966071783,0.16326530612244897,0.009691715234733332,0.42491437750355127,0.4506131691475855,0.14373479503240225,0.05494648933139048,0.16287286064284395,0.0015785173848168496,0.08904091408780036,-1.164021164021164,-0.4656084656084656,0.508579724624803,14,2909.889313044804,0.0007892586924084248,0.04452045704390018,2.2966554342669916,326.13159109223454,0.0010260363001309523,0.057876594157070235,-1.0143479354529106,192.97727283564174,0.001341739777094322,0.0756847769746303,-18.095685761746115,112.84830141599815,0.0018942208617802195,0.10684909690536043,-154.48802695775922,56.6200678979574,push,2.2966554342669916
tariff_18,MID,tariff_8,history,50,0.562715860779361,0.36764705882352944,0.45061102409153014,0.11368722559401676,0.1882147317912837,0.3756800750733396,0.03895396711326855,0.425701295917384,0.19182569691042392,0.1388921509065432,-0.05291005291005291,-0.021164021164021163,0.9916701375255801,13,5385.85627163936,0.09591284845521196,0.0694460754532716,516.5728163832988,134.03452567502214,0.12468670299177555,0.09027989808925307,667.5446612982885,79.31037022190661,0.1630518423738603,0.11805832827056172,856.1737878516078,46.37872860727409,0.23019083629250867,0.16667058108785182,1079.774759319917,23.269882929691352,call,1079.774759319917
tariff_18,MID,tariff_10,history,27,0.5651522225362997,0.19852941176470587,0.428920358229895,0.1408448468472416,0.20576022668004365,0.1922651889651144,0.03169740757237581,0.21786500145442045,0.09344673446958661,0.07372506638964121,0.21164021164021163,0.08465608465608465,0.9814455517808786,13,5385.85627163936,0.046723367234793305,0.03686253319482061,251.6453404536205,475.709412117378,0.060740377405231305,0.04792129315326679,323.1389425897067,281.48485924105205,0.07942972429914862,0.06266630643119503,405.7970787711548,164.60533291258758,0.11213608136350392,0.08847007966756945,443.9488170886891,82.58843960371149,call,443.9488170886891
tariff_18,MID,tariff_12,history_sparse,6,1.2489169569647907,0.04411764705882353,0.7456225170120122,0.19407713137942634,0.24528744958612764,0.04842819039573809,0.017266683120531923,0.054876329031756356,0.04091702657703753,0.03179643024953853,1.0582010582010581,0.42328042328042326,0.9988162871014847,13,5385.85627163936,0.020458513288518766,0.015898215124769265,110.18661210338598,2557.498330694311,0.026596067275074395,0.020667679662200046,139.24259573440176,1513.3126217126098,0.0347794725904819,0.027026965712107748,165.31724057575616,884.9475192713882,0.049100431892445034,0.03815571629944623,104.44786904812634,444.01012685665137,digital_ads,165.31724057575616
tariff_18,MID,tariff_14,unseen_target,0,,,0.2910167817701235,0.31020077946295865,0.34456425174331,0.09221311475409837,0.0,0.12698924056376656,0.03695600010829937,0.06968024053382631,0.19576719576719565,0.07830687830687827,0.8008311243784134,13,5385.85627163936,0.018478000054149686,0.034840120266913154,99.51985247899452,532.540702054315,0.024021400070394595,0.0452921563469871,125.37580822269288,315.1128414522575,0.03141260009205446,0.05922820445375236,147.18374921429066,184.27013911914017,0.04434720012995925,0.08361628864059156,78.84764594958685,92.45498299554083,digital_ads,147.18374921429066
tariff_18,MID,tariff_19,unseen_target,0,,,0.25817986760294465,0.3109048916643596,0.34519827876283965,0.09221311475409837,0.0,0.12698924056376656,0.03278606531575174,0.06788222407978249,0.11111111111111105,0.044444444444444425,0.7727450690385769,13,5385.85627163936,0.01639303265787587,0.033941112039891246,88.2905177516096,561.1254449527751,0.021310942455238634,0.04412344565185862,110.7776730770925,332.02689050460066,0.027868155518388976,0.05769989046781512,128.0938801777363,194.16105361687715,0.039343278378902086,0.08145866889573898,51.89724260386302,97.41761197096788,digital_ads,128.0938801777363
tariff_18,MID,tariff_4,history_sparse,15,0.5050393893428585,0.11029411764705882,0.28129200042282954,0.16491933345201412,0.2229313494021346,0.10168832734534491,0.024310175150074175,0.11522797082633064,0.032412706418401986,0.03565394011065547,-0.26455026455026454,-0.10582010582010581,0.8964873777429031,13,5385.85627163936,0.016206353209200993,0.017826970055327736,87.28508907217784,2034.0284706807818,0.02106825917196129,0.02317506107192606,109.47061579383119,1203.5671424146635,0.027550800455641688,0.03030584909405715,126.38465142270232,703.8160798203398,0.038895247702082386,0.04278472813278657,49.48421377322683,353.12994282652465,digital_ads,126.38465142270232
tariff_18,MID,tariff_20,unseen_target,0,,,0.2356044891130092,0.31139000440326436,0.3456352627297524,0.09221311475409837,0.0,0.12698924056376656,0.02991923514587525,0.06675382086990296,0.05291005291005291,0.021164021164021163,0.7522718787679279,13,5385.85627163936,0.014959617572937624,0.03337691043495148,80.57035012653249,580.2562551552189,0.019447502844818915,0.043389983565436926,100.74145516449225,343.3468965415496,0.02543134987399396,0.056740747739417514,114.96959521510522,200.7807111263733,0.0359030821750503,0.08010458504388356,33.368840303677956,100.73893318666995,digital_ads,114.96959521510522
tariff_18,MID,tariff_21,no_history_for_cell,0,,,0.2150814177585224,0.22578534174760773,0.27107013953603226,0.09221311475409837,0.0,0.12698924056376656,0.027313025900532976,0.05399996694597053,0.0,0.0,0.7862430314029795,13,5385.85627163936,0.013656512950266488,0.026999983472985264,73.5520159219169,886.7171349221733,0.017753466835346437,0.03509997851488084,91.61762069849199,524.6846952202209,0.02321607201545303,0.045899971904074945,103.03842706725872,306.82253803535406,0.03277563108063957,0.06479996033516464,16.52483821260057,153.94394703509948,digital_ads,103.03842706725872
tariff_18,MID,tariff_11,history_sparse,5,1.0258213973373125,0.03676470588235294,0.540241861278403,0.19828267506863637,0.24862827520693304,0.04188995488546854,0.016113936858946323,0.047467537577507816,0.02564395085117536,0.022738317613174835,0.5291005291005291,0.21164021164021163,0.9851056965637461,13,5385.85627163936,0.01282197542558768,0.011369158806587417,69.05731676070717,5000.98361708578,0.016668568053263985,0.014779906448563643,85.77451178891931,2959.161903601053,0.021797358223499055,0.01932756997119861,95.39743849320216,1730.4441581611693,0.030772741021410432,0.0272859811358098,5.737560225697166,868.2263224107257,digital_ads,95.39743849320216
tariff_18,MID,tariff_5,unseen_target,0,,,0.1945583464040356,0.31227417507256633,0.34643204300014135,0.09221311475409837,0.0,0.12698924056376656,0.024706816655190703,0.06494365627549438,-0.05291005291005291,-0.021164021164021163,0.7128077861569224,13,5385.85627163936,0.012353408327595352,0.03247182813774719,66.53368171730132,613.0538413174914,0.01605943082587396,0.04221337657907135,82.49378623249173,362.7537522588705,0.021000794156912098,0.05520210783417022,91.10725891941225,212.12935685726347,0.029648179986228845,0.07793238753059326,-0.3191638784768145,106.43295856206446,digital_ads,91.10725891941225
tariff_18,MID,tariff_6,unseen_target,0,,,0.1945583464040356,0.31227417507256633,0.34643204300014135,0.09221311475409837,0.0,0.12698924056376656,0.024706816655190703,0.06494365627549438,-0.05291005291005291,-0.021164021164021163,0.7128077861569224,13,5385.85627163936,0.012353408327595352,0.03247182813774719,66.53368171730132,613.0538413174914,0.01605943082587396,0.04221337657907135,82.49378623249173,362.7537522588705,0.021000794156912098,0.05520210783417022,91.10725891941225,212.12935685726347,0.029648179986228845,0.07793238753059326,-0.3191638784768145,106.43295856206446,digital_ads,91.10725891941225
tariff_18,MID,tariff_7,unseen_target,0,,,0.1945583464040356,0.31227417507256633,0.34643204300014135,0.09221311475409837,0.0,0.12698924056376656,0.024706816655190703,0.06494365627549438,-0.05291005291005291,-0.021164021164021163,0.7128077861569224,13,5385.85627163936,0.012353408327595352,0.03247182813774719,66.53368171730132,613.0538413174914,0.01605943082587396,0.04221337657907135,82.49378623249173,362.7537522588705,0.021000794156912098,0.05520210783417022,91.10725891941225,212.12935685726347,0.029648179986228845,0.07793238753059326,-0.3191638784768145,106.43295856206446,digital_ads,91.10725891941225
tariff_18,MID,tariff_3,unseen_target,0,,,0.1740352750495488,0.3127172935012073,0.34683152344433776,0.09221311475409837,0.0,0.12698924056376656,0.022100607409848434,0.06416219058246955,-0.10582010582010581,-0.042328042328042326,0.6920910421938307,13,5385.85627163936,0.011050303704924217,0.032081095291234776,59.51534751268575,628.0782047283952,0.014365394816401483,0.04170542387860521,73.36995176649148,371.6439081233109,0.018785516298371167,0.05453786199509912,79.17609077156575,217.32809852193608,0.02652072889181812,0.07699462869896347,-17.1631659695542,109.04135498756862,digital_ads,79.17609077156575
tariff_18,MID,tariff_13,history,25,0.1794564457257161,0.18382352941176472,0.0852761917804429,0.1439126164885279,0.2078721751090658,0.18099476557911534,0.0309681570517637,0.20509393862916742,0.01748963004354727,0.05000546493105361,-0.5291005291005292,-0.21164021164021168,0.6591827747366419,13,5385.85627163936,0.008744815021773635,0.025002732465526804,47.09831682934561,1034.03954945339,0.011368259528305724,0.032503552205184846,57.227811878149296,611.8577215700532,0.014866185537015178,0.04250464519139557,58.067138609887536,357.79915205999646,0.02098755605225672,0.06000655791726433,-46.964039609570534,179.52075511343577,digital_ads,58.067138609887536
tariff_18,MID,tariff_17,unseen_target,0,,,0.13298913234057522,0.31360558194905774,0.3476326524214996,0.09221311475409837,0.0,0.12698924056376656,0.016888188919163893,0.06286186165147364,-0.21164021164021163,-0.08465608465608465,0.6489756871884937,13,5385.85627163936,0.008444094459581946,0.03143093082573682,45.478679103454596,654.3311742560891,0.010977322797456533,0.04086021007345787,55.12228283449099,387.1782096189875,0.014354960581289308,0.05343258240375259,55.31375447587281,226.41217102286825,0.020265826702996672,0.07543423398176836,-50.85117015170897,113.59916219723773,digital_ads,55.31375447587281
tariff_18,MID,tariff_16,unseen_target,0,,,0.09194298963160161,0.3144965865279953,0.3484366555598892,0.09221311475409837,0.0,0.12698924056376656,0.011675770428479351,0.06192943274730637,-0.31746031746031744,-0.12698412698412698,0.6040610695355878,13,5385.85627163936,0.005837885214239676,0.030964716373653185,31.442010694223445,674.1831357847491,0.0075892507785115795,0.04025413128574914,36.87461390249049,398.92493241701123,0.009924404864207448,0.05264001783521041,31.451418180179857,233.28136186323493,0.01401092451417522,0.07431531929676764,-84.53917433386374,117.04568329596336,sms,36.87461390249049
tariff_18,MID,tariff_9,history_sparse,3,0.987981492681487,0.022058823529411766,0.228081539288122,0.2078872510863035,0.256353484790474,0.022323304360342595,0.011882720622007542,0.02529561780326215,0.005769463445812055,0.009531901314135609,-0.31746031746031744,-0.12698412698412698,0.8131905296990307,13,5385.85627163936,0.0028847317229060273,0.004765950657067804,15.536750441810444,28458.56609872753,0.0037501512397778354,0.0061957358541881455,16.197775574353575,16839.388224099126,0.004904043928940246,0.008102116117015267,4.4124757510777535,9847.254705442052,0.006923356134974465,0.01143828157696273,-122.71179893965494,4940.723281029084,sms,16.197775574353575
tariff_18,MID,tariff_15,unseen_target,0,,,0.030373775568141193,0.31583813583838555,0.3496480059286289,0.09221311475409837,0.0,0.12698924056376656,0.003857142692452537,0.06125555036799589,-0.4761904761904762,-0.1904761904761905,0.5346124103003302,13,5385.85627163936,0.0019285713462262686,0.030627775183997945,10.387008080376711,689.0983282248734,0.0025071427500941495,0.03981610773919733,9.503110504489728,407.7504900738895,0.0032785712885846563,0.0520672178127965,-4.34208626335959,238.44232810549258,0.004628571230943045,0.07350666044159507,-135.0711806070959,119.63512642792942,push,10.387008080376711
tariff_18,MID,tariff_2,unseen_target,0,,,0.011903011349103071,0.31624177072292164,0.3500126534140858,0.09221311475409837,0.0,0.12698924056376656,0.0015115543716444934,0.0612270851352072,-0.5238095238095238,-0.20952380952380956,0.5135643649081363,13,5385.85627163936,0.0007557771858222467,0.0306135425676036,4.070507296222694,689.7392179223843,0.000982510341568921,0.03979760533788468,1.291659485089503,408.1297147469731,0.0012848212158978194,0.05204302236492612,-15.080137596421421,238.66408924649983,0.001813865245973392,0.07347250216224864,-150.23078248906555,119.74639200041399,push,4.070507296222694
tariff_18,MID,tariff_1,history_sparse,5,-0.6778137495498078,0.03676470588235294,-0.30368749319409893,0.1990437537585253,0.24923566339969175,0.03621169053119572,0.015026375647689239,0.041033221108359066,-0.012461276056076751,0.015357689196392509,-1.0529100529100528,-0.42116402116402113,0.11152170772268466,13,5385.85627163936,-0.006230638028038376,0.0076788445981962545,-33.55732089962518,10962.7709511837,-0.008099829436449888,0.00998249797765513,-47.62451716951273,6486.846716676746,-0.010592084647665237,0.013054035816933632,-79.04744552936279,3793.346349890553,-0.0149535312672921,0.01842922703567101,-240.53757015910043,1903.2588456916146,push,-33.55732089962518
tariff_21,MID,tariff_12,no_history_for_cell,0,,,0.6255428448482584,0.22578534174760773,0.27107013953603226,0.09221311475409837,0.0,0.12698924056376656,0.0794372108073784,0.08890588993433221,1.0582010582010581,0.42328042328042326,0.9894914991029687,13,4395.490597561068,0.0397186054036892,0.044452944967166105,174.5827566001541,327.12295580815703,0.05163418702479596,0.057788828457315936,222.95758358020035,193.5638791764243,0.06752162918627162,0.07557000644418238,274.79068622026193,113.19133418967373,0.09532465296885406,0.10668706792119866,258.9986158403698,56.79217982780504,digital_ads,274.79068622026193
tariff_21,MID,tariff_11,no_history_for_cell,0,,,0.4203121313033904,0.22578534174760773,0.27107013953603226,0.09221311475409837,0.0,0.12698924056376656,0.05337511835395568,0.06929074795790827,0.5291005291005291,0.21164021164021163,0.9394971325795205,13,4395.490597561068,0.02668755917697784,0.03464537397895413,117.3049154342607,538.5444940635814,0.0346938269300712,0.04503898617264038,148.49639006453893,318.6653811027109,0.04536885060086233,0.05889713576422202,177.41835623824318,186.34757580054725,0.06405014202474682,0.08314889754948991,121.53179704222566,93.49730799714959,digital_ads,177.41835623824318
tariff_21,MID,tariff_10,no_history_for_cell,0,,,0.29717370317646963,0.22578534174760773,0.27107013953603226,0.09221311475409837,0.0,0.12698924056376656,0.03773786288190206,0.059362786123296485,0.21164021164021163,0.08465608465608465,0.8635258492504625,13,4395.490597561068,0.01886893144095103,0.029681393061648242,82.93821073472468,733.7422668598026,0.024529610873236345,0.038585810980142715,103.8196739551421,434.16702181053415,0.03207718344961675,0.05045836820480201,118.99495824903192,253.89005773695595,0.04528543545828247,0.07123534334795578,39.051705763339214,127.38581021871576,digital_ads,118.99495824903192
tariff_21,MID,tariff_14,unseen_target,0,,,0.2910167817701235,0.31020077946295865,0.34456425174331,0.09221311475409837,0.0,0.12698924056376656,0.03695600010829937,0.06968024053382631,0.19576719576719565,0.07830687830687827,0.8008311243784134,13,4395.490597561068,0.018478000054149686,0.034840120266913154,81.21987549974786,532.540702054315,0.024021400070394595,0.0452921563469871,101.58583814967223,315.1128414522575,0.03141260009205446,0.05922820445375236,116.07378834957132,184.27013911914017,0.04434720012995925,0.08361628864059156,34.927701199394846,92.45498299554083,digital_ads,116.07378834957132
tariff_21,MID,tariff_19,unseen_target,0,,,0.25817986760294465,0.3109048916643596,0.34519827876283965,0.09221311475409837,0.0,0.12698924056376656,0.03278606531575174,0.06788222407978249,0.11111111111111105,0.044444444444444425,0.7727450690385769,13,4395.490597561068,0.01639303265787587,0.033941112039891246,72.05542091320491,561.1254449527751,0.021310942455238634,0.04412344565185862,89.6720471871664,332.02689050460066,0.027868155518388976,0.05769989046781512,100.49421555244834,194.16105361687715,0.039343278378902086,0.08145866889573898,12.933010191691778,97.41761197096788,digital_ads,100.49421555244834
tariff_21,MID,tariff_20,unseen_target,0,,,0.2356044891130092,0.31139000440326436,0.3456352627297524,0.09221311475409837,0.0,0.12698924056376656,0.02991923514587525,0.06675382086990296,0.05291005291005291,0.021164021164021163,0.7522718787679279,13,4395.490597561068,0.014959617572937624,0.03337691043495148,65.75485838495665,580.2562551552189,0.019447502844818915,0.043389983565436926,81.48131590044366,343.3468965415496,0.02543134987399396,0.056740747739417514,89.7832592544263,200.7807111263733,0.0359030821750503,0.08010458504388356,-2.1883398761040382,100.73893318666995,digital_ads,89.7832592544263
tariff_21,MID,tariff_18,unseen_target,0,,,0.2150814177585224,0.31183174439607664,0.3460332885909968,0.09221311475409837,0.0,0.12698924056376656,0.027313025900532976,0.06580861486583307,0.0,0.0,0.7328853039696931,13,4395.490597561068,0.013656512950266488,0.03290430743291654,60.02707426836731,597.0443447395868,0.017753466835346437,0.0427755996627915,74.03519654887752,353.2806773607022,0.02321607201545303,0.05593732263595811,80.04602625622442,206.5897386642169,0.03277563108063957,0.07897033783899969,-15.935021755918456,103.65353207284492,digital_ads,80.04602625622442
tariff_21,MID,tariff_5,unseen_target,0,,,0.1945583464040356,0.31227417507256633,0.34643204300014135,0.09221311475409837,0.0,0.12698924056376656,0.024706816655190703,0.06494365627549438,-0.05291005291005291,-0.021164021164021163,0.7128077861569224,13,4395.490597561068,0.012353408327595352,0.03247182813774719,54.29929015177797,613.0538413174914,0.01605943082587396,0.04221337657907135,66.58907719731137,362.7537522588705,0.021000794156912098,0.05520210783417022,70.30879325802255,212.12935685726347,0.029648179986228845,0.07793238753059326,-29.681703635732873,106.43295856206446,digital_ads,70.30879325802255
tariff_21,MID,tariff_6,unseen_target,0,,,0.1945583464040356,0.31227417507256633,0.34643204300014135,0.09221311475409837,0.0,0.12698924056376656,0.024706816655190703,0.06494365627549438,-0.05291005291005291,-0.021164021164021163,0.7128077861569224,13,4395.490597561068,0.012353408327595352,0.03247182813774719,54.29929015177797,613.0538413174914,0.01605943082587396,0.04221337657907135,66.58907719731137,362.7537522588705,0.021000794156912098,0.05520210783417022,70.30879325802255,212.12935685726347,0.029648179986228845,0.07793238753059326,-29.681703635732873,106.43295856206446,digital_ads,70.30879325802255
tariff_21,MID,tariff_7,unseen_target,0,,,0.1945583464040356,0.31227417507256633,0.34643204300014135,0.09221311475409837,0.0,0.12698924056376656,0.024706816655190703,0.06494365627549438,-0.05291005291005291,-0.021164021164021163,0.7128077861569224,13,4395.490597561068,0.012353408327595352,0.03247182813774719,54.29929015177797,613.0538413174914,0.01605943082587396,0.04221337657907135,66.58907719731137,362.7537522588705,0.021000794156912098,0.05520210783417022,70.30879325802255,212.12935685726347,0.029648179986228845,0.07793238753059326,-29.681703635732873,106.43295856206446,digital_ads,70.30879325802255
tariff_21,MID,tariff_8,no_history_for_cell,0,,,0.1945583464040356,0.22578534174760773,0.27107013953603226,0.09221311475409837,0.0,0.12698924056376656,0.024706816655190703,0.05286261815667614,-0.05291005291005291,-0.021164021164021163,0.7635417209325244,13,4395.490597561068,0.012353408327595352,0.02643130907833807,54.29929015177797,925.2833579727007,0.01605943082587396,0.03436070180183949,66.58907719731137,547.5049455459767,0.021000794156912098,0.04493322543317472,70.30879325802255,320.16725189366815,0.029648179986228845,0.06343514178801136,-29.681703635732873,160.63947187026056,digital_ads,70.30879325802255
tariff_21,MID,tariff_3,unseen_target,0,,,0.1740352750495488,0.3127172935012073,0.34683152344433776,0.09221311475409837,0.0,0.12698924056376656,0.022100607409848434,0.06416219058246955,-0.10582010582010581,-0.042328042328042326,0.6920910421938307,13,4395.490597561068,0.011050303704924217,0.032081095291234776,48.571506035188634,628.0782047283952,0.014365394816401483,0.04170542387860521,59.14295784574522,371.6439081233109,0.018785516298371167,0.05453786199509912,60.57156025982067,217.32809852193608,0.02652072889181812,0.07699462869896347,-43.42838551554729,109.04135498756862,digital_ads,60.57156025982067
tariff_21,MID,tariff_17,unseen_target,0,,,0.13298913234057522,0.31360558194905774,0.3476326524214996,0.09221311475409837,0.0,0.12698924056376656,0.016888188919163893,0.06286186165147364,-0.21164021164021163,-0.08465608465608465,0.6489756871884937,13,4395.490597561068,0.008444094459581946,0.03143093082573682,37.11593780200995,654.3311742560891,0.010977322797456533,0.04086021007345787,44.25071914261295,387.1782096189875,0.014354960581289308,0.05343258240375259,41.09709426341692,226.41217102286825,0.020265826702996672,0.07543423398176836,-70.92174927517611,113.59916219723773,sms,44.25071914261295
tariff_21,MID,tariff_4,no_history_for_cell,0,,,0.11246606098608841,0.22578534174760773,0.27107013953603226,0.09221311475409837,0.0,0.12698924056376656,0.014281979673821622,0.04929584252484144,-0.26455026455026454,-0.10582010582010581,0.6608911758728644,13,4395.490597561068,0.007140989836910811,0.02464792126242072,31.388153685420615,1064.0241901455418,0.009283286787984056,0.03204229764114694,36.80459979104681,629.6001125121547,0.012139682722748379,0.04190146614611522,31.359861265215045,368.1744602579729,0.017138375608585946,0.059155011029809725,-84.66843115499053,184.72642190026767,sms,36.80459979104681
tariff_21,MID,tariff_9,no_history_for_cell,0,,,0.09194298963160161,0.22578534174760773,0.27107013953603226,0.09221311475409837,0.0,0.12698924056376656,0.011675770428479351,0.0486768113987455,-0.31746031746031744,-0.12698412698412698,0.6327649051773503,13,4395.490597561068,0.005837885214239676,0.02433840569937275,25.660369568831275,1091.2590169187804,0.0075892507785115795,0.03163992740918458,29.358480439480665,645.7153946264971,0.009924404864207448,0.04137528968893368,21.62262826701317,377.598275750443,0.01401092451417522,0.0584121736784946,-98.41511303480493,189.45469043728826,sms,29.358480439480665
tariff_21,MID,tariff_16,unseen_target,0,,,0.09194298963160161,0.3144965865279953,0.3484366555598892,0.09221311475409837,0.0,0.12698924056376656,0.011675770428479351,0.06192943274730637,-0.31746031746031744,-0.12698412698412698,0.6040610695355878,13,4395.490597561068,0.005837885214239676,0.030964716373653185,25.660369568831275,674.1831357847491,0.0075892507785115795,0.04025413128574914,29.358480439480665,398.92493241701123,0.009924404864207448,0.05264001783521041,21.62262826701317,233.28136186323493,0.01401092451417522,0.07431531929676764,-98.41511303480493,117.04568329596336,sms,29.358480439480665
tariff_21,MID,tariff_15,unseen_target,0,,,0.030373775568141193,0.31583813583838555,0.3496480059286289,0.09221311475409837,0.0,0.12698924056376656,0.003857142692452537,0.06125555036799589,-0.4761904761904762,-0.1904761904761905,0.5346124103003302,13,4395.490597561068,0.0019285713462262686,0.030627775183997945,8.477017219063255,689.0983282248734,0.0025071427500941495,0.03981610773919733,7.020122384782233,407.7504900738895,0.0032785712885846563,0.0520672178127965,-7.589070727592468,238.44232810549258,0.004628571230943045,0.07350666044159507,-139.65515867424818,119.63512642792942,push,8.477017219063255
tariff_21,MID,tariff_2,unseen_target,0,,,0.011903011349103071,0.31624177072292164,0.3500126534140858,0.09221311475409837,0.0,0.12698924056376656,0.0015115543716444934,0.0612270851352072,-0.5238095238095238,-0.20952380952380956,0.5135643649081363,13,4395.490597561068,0.0007557771858222467,0.0306135425676036,3.3220115141328495,689.7392179223843,0.000982510341568921,0.03979760533788468,0.31861496837270575,408.1297147469731,0.0012848212158978194,0.05204302236492612,-16.352580425974157,238.66408924649983,0.001813865245973392,0.07347250216224864,-152.02717236608117,119.74639200041399,push,3.3220115141328495
tariff_21,MID,tariff_13,no_history_for_cell,0,,,0.00985070421365436,0.22578534174760773,0.27107013953603226,0.09221311475409837,0.0,0.12698924056376656,0.0012509334471102625,0.04741965096681137,-0.5291005291005292,-0.21164021164021168,0.5144943947646403,13,4395.490597561068,0.0006254667235551313,0.023709825483405684,2.7492331024739074,1149.8875789970728,0.0008131067406216707,0.03082277312842739,-0.4259969667839201,680.4068514775577,0.001063293430043723,0.040306703321789664,-17.326303725794357,397.884975431513,0.0015011201365323149,0.05690358116017364,-153.40184055406263,199.63326024254735,push,2.7492331024739074
tariff_21,MID,tariff_1,no_history_for_cell,0,,,-0.1933277021957649,0.22578534174760773,0.27107013953603226,0.09221311475409837,0.0,0.12698924056376656,-0.02455053808177821,0.0527973049112696,-1.0529100529100528,-0.42116402116402113,0.23786045686193824,13,4395.490597561068,-0.012275269040889105,0.0263986524556348,-53.95582965176053,927.5740293926625,-0.01595784975315584,0.03431824819232524,-74.14257854728871,548.8603724216938,-0.020867957369511476,0.04487770917457916,-113.7249104079929,320.95987176216704,-0.02946064569813385,0.06335676589352351,-289.49399116422524,161.0371578806706,push,-53.95582965176053
tariff_21,LOW,tariff_12,no_history_for_cell,0,,,1.3393190606745013,0.6324535239762026,0.6499980461431535,0.09221311475409837,0.0,0.12698924056376656,0.17007911038763213,0.19711347615104274,1.0582010582010581,0.42328042328042326,0.9803244765094303,12,4695.194109591288,0.08503955519381606,0.09855673807552137,399.27721862826843,66.54868143735354,0.1105514217519609,0.12812375949817778,515.060384216749,39.37791801026836,0.1445672438294873,0.16754645472838633,656.7712716680562,23.02722541084897,0.20409493246515853,0.23653617138125127,798.2653247078441,11.553590527318324,call,798.2653247078441
tariff_21,LOW,tariff_11,no_history_for_cell,0,,,1.1764508374768083,0.6324535239762026,0.6499980461431535,0.09221311475409837,0.0,0.12698924056376656,0.14939659841178707,0.1814667218147314,0.5291005291005291,0.21164021164021163,0.9648466633659318,12,4695.194109591288,0.07469829920589353,0.0907333609073657,350.7230144279989,78.51960410688409,0.0971077889676616,0.11795336917957541,451.93991875639864,46.461304205256845,0.126987108650019,0.15424671354252167,574.2291245275981,27.169413185773042,0.17927591809414445,0.21776006617767765,681.7352346271972,13.631875713000714,call,681.7352346271972
tariff_21,LOW,tariff_10,no_history_for_cell,0,,,1.0787299035581928,0.6324535239762026,0.6499980461431535,0.09221311475409837,0.0,0.12698924056376656,0.13698709122628006,0.17246502616908096,0.21164021164021163,0.08465608465608465,0.9515014644924119,12,4695.194109591288,0.06849354561314003,0.08623251308454048,321.59049190783725,86.93006643607596,0.08904160929708205,0.11210226700990263,414.0676394801885,51.43790913377275,0.11643902754233802,0.14659527224371882,524.7038362433233,30.07960776334808,0.16438450947153604,0.20695803140289715,611.8171805788094,15.092025422929854,call,611.8171805788094
tariff_21,LOW,tariff_14,unseen_target,0,,,1.073843856862262,1.1794453508582325,1.1889454721143013,0.09221311475409837,0.0,0.12698924056376656,0.1363666158670047,0.2447507177600671,0.19576719576719565,0.07830687830687827,0.8167875115767327,12,4695.194109591288,0.06818330793350234,0.12237535888003355,320.1338657818291,43.16424417567877,0.08863830031355306,0.1590879665440436,412.1740255163779,25.540972885017027,0.11591162348695397,0.20803811009605702,522.2275718291095,14.93572462826255,0.1636399390404056,0.2937008613120805,608.3212778763899,7.493792391610899,call,608.3212778763899
tariff_21,LOW,tariff_19,unseen_target,0,,,1.047784941150631,1.1860394649085393,1.1954871861799834,0.09221311475409837,0.0,0.12698924056376656,0.13305741395086948,0.24409153058456506,0.11111111111111105,0.044444444444444425,0.8096073213486251,12,4695.194109591288,0.06652870697543474,0.12204576529228253,312.36519310978605,43.39769542465706,0.08648731906806517,0.1586594948799673,402.07475104272186,25.679109718731983,0.11309880185823905,0.2074778009968803,509.0208282866362,15.016503607147774,0.15966889674104337,0.2929098367014781,589.6764634634865,7.534322122336294,call,589.6764634634865
tariff_21,LOW,tariff_20,unseen_target,0,,,1.0298694365988847,1.1905814021382737,1.1999933646139622,0.09221311475409837,0.0,0.12698924056376656,0.1307823376335265,0.2436651112012208,0.05291005291005291,0.021164021164021163,0.8046170633863767,12,4695.194109591288,0.06539116881676325,0.1218325556006104,307.0242306477563,43.549722204797796,0.08500851946179225,0.15838232228079352,395.1314998420833,25.769066393371478,0.11116498698849753,0.2071153445210377,499.9411921011857,15.069108029341796,0.15693880516023181,0.292398133441465,576.8581535546152,7.560715660555172,call,576.8581535546152
tariff_21,LOW,tariff_18,unseen_target,0,,,1.0135826142791156,1.194716357952298,1.2040959994779499,0.09221311475409837,0.0,0.12698924056376656,0.128714086435942,0.24329649914678317,0.0,0.0,0.8000441396068578,12,4695.194109591288,0.064357043217971,0.12164824957339158,302.1688102277294,43.68178422237029,0.08366415618336233,0.15814272444540906,388.8194532960483,25.84720959903568,0.10940697347055071,0.20680202427476568,491.68697738714,15.114804229193874,0.15445690372313042,0.29195579897613977,565.2051445465506,7.583643094161512,call,565.2051445465506
tariff_21,LOW,tariff_5,unseen_target,0,,,0.9972957919593463,1.1988568934352428,1.208204391209203,0.09221311475409837,0.0,0.12698924056376656,0.1266458352383575,0.24294610766791105,-0.05291005291005291,-0.021164021164021163,0.795438040299286,12,4695.194109591288,0.06332291761917876,0.12147305383395553,297.3133898077025,43.80787607491104,0.0823197929049324,0.1579149699841422,382.5074067500133,25.921820162669256,0.10764895995260387,0.2065041915177244,483.43276267309415,15.1584346279969,0.151975002286029,0.2915353292014933,553.5521355384859,7.605534040783167,call,553.5521355384859
tariff_21,LOW,tariff_6,unseen_target,0,,,0.9972957919593463,1.1988568934352428,1.208204391209203,0.09221311475409837,0.0,0.12698924056376656,0.1266458352383575,0.24294610766791105,-0.05291005291005291,-0.021164021164021163,0.795438040299286,12,4695.194109591288,0.06332291761917876,0.12147305383395553,297.3133898077025,43.80787607491104,0.0823197929049324,0.1579149699841422,382.5074067500133,25.921820162669256,0.10764895995260387,0.2065041915177244,483.43276267309415,15.1584346279969,0.151975002286029,0.2915353292014933,553.5521355384859,7.605534040783167,call,553.5521355384859
tariff_21,LOW,tariff_7,unseen_target,0,,,0.9972957919593463,1.1988568934352428,1.208204391209203,0.09221311475409837,0.0,0.12698924056376656,0.1266458352383575,0.24294610766791105,-0.05291005291005291,-0.021164021164021163,0.795438040299286,12,4695.194109591288,0.06332291761917876,0.12147305383395553,297.3133898077025,43.80787607491104,0.0823197929049324,0.1579149699841422,382.5074067500133,25.921820162669256,0.10764895995260387,0.2065041915177244,483.43276267309415,15.1584346279969,0.151975002286029,0.2915353292014933,553.5521355384859,7.605534040783167,call,553.5521355384859
tariff_21,LOW,tariff_8,no_history_for_cell,0,,,0.9972957919593463,0.6324535239762026,0.6499980461431535,0.09221311475409837,0.0,0.12698924056376656,0.1266458352383575,0.16522745956172585,-0.05291005291005291,-0.021164021164021163,0.9375227839732319,12,4695.194109591288,0.06332291761917876,0.08261372978086293,297.3133898077025,94.71257363502328,0.0823197929049324,0.10739784871512181,382.5074067500133,56.04294297930371,0.10764895995260387,0.14044334062746697,483.43276267309415,32.77251682872778,0.151975002286029,0.198272951474071,553.5521355384859,16.443155144969325,call,553.5521355384859
tariff_21,LOW,tariff_3,unseen_target,0,,,0.981008969639577,1.203002950974241,1.2123184812798706,0.09221311475409837,0.0,0.12698924056376656,0.124577584040773,0.24261401570895713,-0.10582010582010581,-0.042328042328042326,0.7908001452365828,12,4695.194109591288,0.0622887920203865,0.12130700785447857,292.4579693876755,43.92788728049084,0.08097542962650246,0.15769911021082214,376.1953602039782,25.992832710349603,0.10589094643465705,0.20622191335261356,475.1785479590484,15.199960996709635,0.1494931008489276,0.29113681885074855,541.8991265304213,7.62636931952966,call,541.8991265304213
tariff_21,LOW,tariff_17,unseen_target,0,,,0.9484353250000384,1.2113114053352227,1.2205635258745005,0.09221311475409837,0.0,0.12698924056376656,0.12044108164560399,0.24200502753846356,-0.21164021164021163,-0.08465608465608465,0.7814345031653904,12,4695.194109591288,0.060220540822801996,0.12100251376923178,282.7471285476216,44.149248160220246,0.07828670306964261,0.15730326790000132,363.5712671119082,26.123815479420262,0.10237491939876339,0.205704273407694,458.67011853095676,15.276556456823617,0.1445292979747248,0.29040603304615625,518.593108514292,7.664800027816016,call,518.593108514292
tariff_21,LOW,tariff_4,no_history_for_cell,0,,,0.9321485026802692,0.6324535239762026,0.6499980461431535,0.09221311475409837,0.0,0.12698924056376656,0.11837283044801951,0.15963367520131228,-0.26455026455026454,-0.10582010582010581,0.9242251300934546,12,4695.194109591288,0.059186415224009754,0.07981683760065614,277.8917081275947,101.46658971810542,0.07694233979121269,0.10376188888085298,357.2592205658732,60.03940220006238,0.10061690588081657,0.13568862392111544,450.41590381691094,35.10954661526139,0.1420473965376234,0.19156041024157472,506.9400995062274,17.615727381615528,call,506.9400995062274
tariff_21,LOW,tariff_9,no_history_for_cell,0,,,0.9158616803604999,0.6324535239762026,0.6499980461431535,0.09221311475409837,0.0,0.12698924056376656,0.116304579250435,0.15826491616922966,-0.31746031746031744,-0.12698412698412698,0.9205856988501913,12,4695.194109591288,0.0581522896252175,0.07913245808461483,273.0362877075678,103.22925301478035,0.07559797651278276,0.10287219550999928,350.94717401983814,61.08239823359784,0.09885889236286974,0.1345251787438452,442.1616891028652,35.71946471099667,0.139565495100522,0.1899178994030756,495.28709049816257,17.921745315066033,call,495.28709049816257
tariff_21,LOW,tariff_16,unseen_target,0,,,0.9158616803604999,1.2196412742631269,1.2288306790954495,0.09221311475409837,0.0,0.12698924056376656,0.116304579250435,0.24147009070168485,-0.31746031746031744,-0.12698412698412698,0.7719582954331117,12,4695.194109591288,0.0581522896252175,0.12073504535084242,273.0362877075678,44.34507546887087,0.07559797651278276,0.15695555895609514,350.94717401983814,26.239689626550817,0.09885889236286974,0.20524957709643213,442.1616891028652,15.344316771235594,0.139565495100522,0.2897641088420218,495.28709049816257,7.698797824456749,call,495.28709049816257
tariff_21,LOW,tariff_15,unseen_target,0,,,0.867001213401192,1.2321752796177845,1.2412718959604159,0.09221311475409837,0.0,0.12698924056376656,0.11009982565768148,0.24080759254919232,-0.4761904761904762,-0.1904761904761905,0.7575608699182528,12,4695.194109591288,0.05504991282884074,0.12040379627459616,258.47002644748693,44.58941114493513,0.07156488667749297,0.15652493515697502,332.01103438173305,26.38426694966575,0.09358485180902924,0.20468645366681346,417.3990449607277,15.428861987866831,0.13211979078921776,0.2889691110590308,460.32806347396854,7.741217212662349,call,460.32806347396854
tariff_21,LOW,tariff_2,unseen_target,0,,,0.8523430733133996,1.2359444715909889,1.245013548864561,0.09221311475409837,0.0,0.12698924056376656,0.10823839957985543,0.24064176273880802,-0.5238095238095238,-0.20952380952380956,0.7532035396488346,12,4695.194109591288,0.05411919978992771,0.12032088136940401,254.10014806946268,44.65088676958214,0.07035495972690604,0.15641714578022523,326.33019249030156,26.42064305892434,0.09200263964287711,0.20454549832798682,409.9702517180865,15.450133830305235,0.1298860794958265,0.2887701152865696,449.84035536671036,7.751890064163568,call,449.84035536671036
tariff_21,LOW,tariff_13,no_history_for_cell,0,,,0.8507143910814227,0.6324535239762026,0.6499980461431535,0.09221311475409837,0.0,0.12698924056376656,0.10803157446009697,0.15291819472907361,-0.5291005291005292,-0.21164021164021168,0.9046981511301473,12,4695.194109591288,0.05401578723004848,0.07645909736453681,253.61460602745996,110.57418936267251,0.07022052339906304,0.09939682657389785,325.698987835698,65.42851441578254,0.09182683829108242,0.12998046551971257,409.1448302466819,38.260965177395335,0.12963788935211637,0.18350183367488834,448.67505446590394,19.19690787546398,call,448.67505446590394
tariff_21,LOW,tariff_1,no_history_for_cell,0,,,0.6894748501157067,0.6324535239762026,0.6499980461431535,0.09221311475409837,0.0,0.12698924056376656,0.08755588760401038,0.14069029371862252,-1.0529100529100528,-0.42116402116402113,0.8555945360760527,12,4695.194109591288,0.04377794380200519,0.07034514685931126,205.5459438691932,130.6302675048986,0.056911326942606755,0.09144869091710464,263.2097270299512,77.29601627508794,0.07442250446340881,0.11958674966082913,327.4281045776284,45.20078460377114,0.10506706512481245,0.168828352462347,333.31026528606367,22.678865886267115,call,333.31026528606367
tariff_1,HIGH,tariff_12,history_sparse,2,0.40998918056931744,0.028169014084507043,0.13767494632271837,0.10492465443951825,0.18305513680105323,0.05749124504446543,0.025142526910592485,0.06514611538702185,0.00896898793904185,0.01612863482936849,2.111111111111111,0.8444444444444446,0.7740031878005006,11,7512.589246273987,0.004484493969520925,0.008064317414684245,33.69016117040345,9939.782253947778,0.005829842160377204,0.010483612639089519,39.797209521524486,5881.527960915845,0.007623639748185572,0.013709339604963216,35.273273989685855,3439.3710221272595,0.01076278552685022,0.01935436179524219,-79.14361319103173,1725.6566413103783,sms,39.797209521524486
tariff_1,HIGH,tariff_11,history_sparse,4,0.023996354399308452,0.056338028169014086,0.04218848706264406,0.10141871096521589,0.18106837088195718,0.06023189375505321,0.025697387894902845,0.06825167723382398,0.0028794350019829412,0.01536526979737173,1.5820105820105819,0.6328042328042328,0.59211834644892,11,7512.589246273987,0.0014397175009914706,0.007682634898685865,10.81600621562098,10951.95644637711,0.0018716327512889118,0.009987425368291626,10.060808080307273,6480.447601406571,0.0024475197516855003,0.01306047932776597,-3.612789433444334,3789.6043067048818,0.0034553220023795296,0.018438323756846075,-134.04158508250964,1901.3813274960264,push,10.81600621562098
tariff_1,HIGH,tariff_10,history_sparse,9,0.17665679289610392,0.1267605633802817,0.0016006064113206746,0.09315315315255585,0.17657154341020956,0.16270938198943355,0.03986665339419429,0.18437388450078596,0.0002951100216120556,0.03798144455616883,1.2645502645502644,0.5058201058201058,0.5036163291904607,11,7512.589246273987,0.0001475550108060278,0.018990722278084415,1.1085201874152062,1792.3760499958385,0.00019182151404783612,0.02468793896150974,-2.558923756360232,1060.5775443762357,0.0002508435183702472,0.0322842278727435,-20.11551568139415,620.1993252580756,0.0003541320259344667,0.04557773346740259,-157.3395515502035,311.17639756872205,push,1.1085201874152062
tariff_1,HIGH,tariff_14,unseen_target,0,,,-0.003739738801205955,0.5151901091512027,0.5365825645389796,0.09221311475409837,0.0,0.12698924056376656,-0.000474906590271995,0.09383885564944193,1.2486772486772486,0.49947089947089945,0.4972195744965628,11,7512.589246273987,-0.0002374532951359975,0.046919427824720965,-1.783889071531018,293.6342309384892,-0.0003086892836767968,0.060995256172137254,-6.319055792990324,173.74806564407646,-0.00040367060173119576,0.07976302730202564,-25.03261142160273,101.60354011712428,-0.000569887908326394,0.11260662677933031,-164.28133377167444,50.97816509348771,push,-1.783889071531018
tariff_1,HIGH,tariff_19,unseen_target,0,,,-0.01490000518660009,0.49303984889947877,0.5153525905657416,0.09221311475409837,0.0,0.12698924056376656,-0.0018921403430425285,0.09014287626918928,1.164021164021164,0.4656084656084656,0.4884672860688028,11,7512.589246273987,-0.0009460701715212642,0.04507143813459464,-7.107436596791236,318.2066607105034,-0.0012298912229776436,0.05859286957497303,-13.239667575828607,188.28796491745763,-0.001608319291586149,0.07662144482881089,-34.0826422145451,110.1061109724925,-0.002270568411651034,0.10817145152302714,-177.05784783229896,55.244211928906836,push,-7.107436596791236
tariff_1,HIGH,tariff_20,unseen_target,0,,,-0.022572688326558538,0.47784159661983194,0.5008318994035725,0.09221311475409837,0.0,0.12698924056376656,-0.0028664885480722676,0.08762772848656825,1.1058201058201058,0.44232804232804235,0.4820256019535832,11,7512.589246273987,-0.0014332442740361338,0.04381386424328412,-10.767375520407626,336.73555979829683,-0.0018632175562469742,0.056958023516269364,-17.997588176529916,199.25181053153656,-0.0024365152658614273,0.07448356921358301,-40.30453838469296,116.5174947398951,-0.0034397862576867207,0.10515327418388189,-185.8417012489783,58.46103468720432,push,-10.767375520407626
tariff_1,HIGH,tariff_18,unseen_target,0,,,-0.029547854817429886,0.4640485936275718,0.4876895500702545,0.09221311475409837,0.0,0.12698924056376656,-0.0037522596435538525,0.08536131255794041,1.0529100529100528,0.42116402116402113,0.4758438936245721,11,7512.589246273987,-0.0018761298217769263,0.042680656278970205,-14.094592723695268,354.8541756474269,-0.0024389687683100043,0.05548485316266127,-22.322970540803848,209.9728849984775,-0.0031894206970207745,0.07255711567424934,-45.96080763028195,122.78691198872907,-0.004502711572264623,0.10243357506952849,-193.82702253686864,61.60662771656718,push,-14.094592723695268
tariff_1,HIGH,tariff_21,no_history_for_cell,0,,,-0.029547854817429886,0.11045316698496423,0.18627909731638811,0.09221311475409837,0.0,0.12698924056376656,-0.0037522596435538525,0.03276971969242467,1.0529100529100528,0.42116402116402113,0.43698357611371164,11,7512.589246273987,-0.0018761298217769263,0.016384859846212334,-14.094592723695268,2407.8345165446417,-0.0024389687683100043,0.021300317800076036,-22.322970540803848,1424.7541518015632,-0.0031894206970207745,0.027854261738560968,-45.96080763028195,833.1607323683882,-0.004502711572264623,0.039323663630909604,-193.82702253686864,418.02682578900027,push,-14.094592723695268
tariff_1,HIGH,tariff_5,unseen_target,0,,,-0.03652302130830121,0.4502801908025002,0.47460746963057376,0.09221311475409837,0.0,0.12698924056376656,-0.004638030739035434,0.08311563948305839,1.0,0.4,0.4693300040932665,11,7512.589246273987,-0.002319015369517717,0.041557819741529195,-17.421809926982895,374.28858954188183,-0.0030147199803730327,0.054025165663987955,-26.64835290507777,221.47253819046261,-0.003942326128180119,0.07064829356059962,-51.61707687587092,129.51162267885186,-0.005565636886842521,0.09973876737967007,-201.81234382475895,64.98065790657671,push,-17.421809926982895
tariff_1,HIGH,tariff_6,unseen_target,0,,,-0.03652302130830121,0.4502801908025002,0.47460746963057376,0.09221311475409837,0.0,0.12698924056376656,-0.004638030739035434,0.08311563948305839,1.0,0.4,0.4693300040932665,11,7512.589246273987,-0.002319015369517717,0.041557819741529195,-17.421809926982895,374.28858954188183,-0.0030147199803730327,0.054025165663987955,-26.64835290507777,221.47253819046261,-0.003942326128180119,0.07064829356059962,-51.61707687587092,129.51162267885186,-0.005565636886842521,0.09973876737967007,-201.81234382475895,64.98065790657671,push,-17.421809926982895
tariff_1,HIGH,tariff_7,unseen_target,0,,,-0.03652302130830121,0.4502801908025002,0.47460746963057376,0.09221311475409837,0.0,0.12698924056376656,-0.004638030739035434,0.08311563948305839,1.0,0.4,0.4693300040932665,11,7512.589246273987,-0.002319015369517717,0.041557819741529195,-17.421809926982895,374.28858954188183,-0.0030147199803730327,0.054025165663987955,-26.64835290507777,221.47253819046261,-0.003942326128180119,0.07064829356059962,-51.61707687587092,129.51162267885186,-0.005565636886842521,0.09973876737967007,-201.81234382475895,64.98065790657671,push,-17.421809926982895
tariff_1,HIGH,tariff_3,unseen_target,0,,,-0.04349818779917254,0.4365387158138625,0.4615907824084188,0.09221311475409837,0.0,0.12698924056376656,-0.005523801834517017,0.08089243682140955,0.9470899470899471,0.37883597883597886,0.4624610860037205,11,7512.589246273987,-0.0027619009172585086,0.040446218410704775,-20.74902713027053,395.14478264116127,-0.003590471192436062,0.05258008393391621,-30.973735269351696,233.8134808527582,-0.004695231559339465,0.06875857129819811,-57.2733461214599,136.72829849175136,-0.0066285622014204204,0.09707092418569145,-209.79766511264927,68.60152476409053,push,-20.74902713027053
tariff_1,HIGH,tariff_17,unseen_target,0,,,-0.0574485207809152,0.4091473968346753,0.4357769984023839,0.09221311475409837,0.0,0.12698924056376656,-0.007295344025480183,0.07652125744429276,0.8412698412698413,0.33650793650793653,0.44755934306435013,11,7512.589246273987,-0.0036476720127400913,0.03826062872214638,-27.4034615368458,441.57847246849394,-0.004741973616562119,0.0497388173387903,-39.62449999789954,261.28903696360584,-0.006201042421658155,0.06504306882764885,-68.58588461263786,152.79531919325052,-0.008754412830576219,0.09182550893315132,-225.7683076884299,76.66292924800243,push,-27.4034615368458
tariff_1,HIGH,tariff_4,history_sparse,10,-0.031744067881944796,0.14084507042253522,-0.05103076377095052,0.092293536013111,0.17611955254827164,0.132855837097774,0.036660749770401145,0.15054538628824088,-0.007682446044481713,0.03152658473321059,0.7883597883597884,0.31534391534391537,0.38600348283356367,11,7512.589246273987,-0.0038412230222408567,0.015763292366605296,-28.857530769426724,2601.4664912906424,-0.0049935899289131145,0.020492280076586888,-41.51479000025475,1539.329284787362,-0.006530079137809456,0.026797597023229,-71.05780230802543,900.1614156715027,-0.009218935253378056,0.03783190167985271,-229.25807384662414,451.643488071292,push,-28.857530769426724
tariff_1,HIGH,tariff_9,no_history_for_cell,0,,,-0.07139885376265785,0.11045316698496423,0.18627909731638811,0.09221311475409837,0.0,0.12698924056376656,-0.009066886216443347,0.033688734772128505,0.7354497354497355,0.2941798941798942,0.3507524987814499,11,7512.589246273987,-0.004533443108221674,0.016844367386064252,-34.057895943421066,2278.2568636267165,-0.005893476040688177,0.02189767760188353,-48.27526472644739,1348.0809843945065,-0.007706853283976844,0.028635424556309227,-79.8984231038158,788.3241742652999,-0.010880263459732016,0.040426481726554206,-241.73895026421053,395.5307054907493,push,-34.057895943421066
tariff_1,HIGH,tariff_16,unseen_target,0,,,-0.07139885376265785,0.3819001480023966,0.4103019900564125,0.09221311475409837,0.0,0.12698924056376656,-0.009066886216443347,0.07226550490700509,0.7354497354497355,0.2941798941798942,0.4309266904012403,11,7512.589246273987,-0.004533443108221674,0.036132752453502545,-34.057895943421066,495.1194714748079,-0.005893476040688177,0.04697257818955331,-48.27526472644739,292.9701014643833,-0.007706853283976844,0.061425679170954324,-79.8984231038158,171.3216164272692,-0.010880263459732016,0.0867186058884061,-241.73895026421053,85.95824157548749,push,-34.057895943421066
tariff_1,HIGH,tariff_15,unseen_target,0,,,-0.09232435323527186,0.3413748278062994,0.37287635089903537,0.09221311475409837,0.0,0.12698924056376656,-0.011724199502888097,0.0661468892776699,0.5767195767195766,0.23068783068783066,0.4022217802639272,11,7512.589246273987,-0.0058620997514440484,0.03307344463883495,-44.03954755328397,590.9534036872894,-0.007620729676877264,0.04299547803048544,-61.251411819269165,349.67657022916524,-0.009965569577454881,0.056224855886019415,-96.86723084058274,204.48214660459843,-0.014069039403465716,0.07937626713320388,-265.69491412788153,102.5960770290433,push,-44.03954755328397
tariff_1,HIGH,tariff_2,unseen_target,0,,,-0.09860200307705605,0.3293176792850387,0.361870327451262,0.09221311475409837,0.0,0.12698924056376656,-0.012521393488821522,0.06438496392761817,0.5291005291005291,0.21164021164021163,0.39262693382865077,11,7512.589246273987,-0.006260696744410761,0.03219248196380908,-47.03404303624284,623.7393960171661,-0.00813890576773399,0.04185022655295181,-65.1442559471157,369.07656569063073,-0.010643184465498293,0.05472721933847544,-101.95787316161282,215.82678062877716,-0.015025672186585825,0.0772619567131418,-272.8817032869828,108.28808958631353,push,-47.03404303624284
tariff_1,HIGH,tariff_13,history_sparse,14,-0.3547309197953163,0.19718309859154928,-0.22566282468195076,0.08547295445815352,0.1726430593560181,0.15284341144252525,0.03886606546084832,0.17319427523755396,-0.03908350936884966,0.042224449809966695,0.5238095238095237,0.2095238095238095,0.09558831173184973,11,7512.589246273987,-0.01954175468442483,0.021112224904983348,-146.8091760955343,1450.2540604626104,-0.025404281089752283,0.02744589237647835,-194.8519289241946,858.1384973151542,-0.033220982963522216,0.03589078233847169,-271.5755993624083,501.8180140009033,-0.046900211242619595,0.05066933977196003,-512.3420226292824,251.78021883031434,push,-146.8091760955343
tariff_1,HIGH,tariff_8,history,32,-0.23717832716346202,0.4507042253521127,-0.1966355409754774,0.07334323587461009,0.1669707466850367,0.4338032042924547,0.05352977914465249,0.4915634298794275,-0.09665884095810238,0.10778662547189441,1.0,0.4,0.11946516845052557,11,7512.589246273987,-0.04832942047905119,0.053893312735947205,-363.07908456957375,222.5575531230368,-0.06282824662276655,0.07006130655673137,-476.0028099404459,131.69085983611643,-0.08216001481438702,0.09161863165111024,-639.2344437682754,77.00953395260791,-0.11599060914972284,0.1293439505662733,-1031.3898029669767,38.63846408386056,push,-363.07908456957375
tariff_16,MID,tariff_8,history,44,0.7859728597164545,0.22797927461139897,0.6416338279652481,0.11911825726852668,0.19154414429757677,0.23851921182632174,0.03008173705152335,0.2702776759077152,0.173419299806218,0.1124819479811894,0.26455026455026454,0.10582010582010581,0.9995956446645161,10,4720.716015030426,0.086709649903109,0.0562409739905947,409.3316329552881,204.36495829479887,0.11272254487404171,0.07311326618777311,528.1311228418746,120.92601082532478,0.1474064048352853,0.095609655784011,673.8637760239898,70.71451844110689,0.20810315976746163,0.13497833757742728,822.3959190926915,35.48002748173592,call,822.3959190926915
tariff_16,MID,tariff_9,history,22,0.8086027470209799,0.11398963730569948,0.5559606450861828,0.1482898632567225,0.21092625143565574,0.1082264534870207,0.021928340123085293,0.12263663834972634,0.06818114456811476,0.04959656597543253,0.0,0.0,0.9958031127286477,10,4720.716015030426,0.03409057228405738,0.024798282987716264,160.93191054290205,1051.1601159285099,0.04431774396927459,0.03223776788403115,205.21148370577265,621.9882342772248,0.057953972882897546,0.04215708107911765,251.58424792293346,363.72322350467476,0.08181737348173772,0.05951587917051903,226.23658530296495,182.493075682033,digital_ads,251.58424792293346
tariff_16,MID,tariff_14,unseen_target,0,,,0.4141552098970443,0.30757645637109055,0.34220356005424224,0.09221311475409837,0.0,0.12698924056376656,0.05259325558035299,0.07785306259504138,0.513227513227513,0.20529100529100522,0.8869103897268011,10,4720.716015030426,0.026296627790176497,0.03892653129752069,124.13891195038035,426.5998374840463,0.03418561612722945,0.050604490686776894,157.38058553549448,252.42593933967245,0.04470426724330004,0.06617510320578517,189.03615031564658,147.6124005135109,0.0631119066964236,0.09342367511404966,137.93338868091286,74.06247178542472,digital_ads,189.03615031564658
tariff_16,MID,tariff_19,unseen_target,0,,,0.3813182957298654,0.3082737694247716,0.3428304492243319,0.09221311475409837,0.0,0.12698924056376656,0.04842332078780536,0.07547586424940297,0.4285714285714285,0.1714285714285714,0.8669878774232541,10,4720.716015030426,0.02421166039390268,0.03773793212470149,114.29637297197426,453.89552336682254,0.03147515851207349,0.04905931176211194,144.58528486356656,268.5772327614334,0.041159822669634555,0.06415448461199252,172.30383405235622,157.0572745213919,0.05810798494536643,0.09057103709928356,114.31129513273822,78.80130614007338,digital_ads,172.30383405235622
tariff_16,MID,tariff_20,unseen_target,0,,,0.35874291723993,0.3087542344922656,0.3432625486663305,0.09221311475409837,0.0,0.12698924056376656,0.04555649061792887,0.07391981583197609,0.37037037037037035,0.14814814814814814,0.8520111030441263,10,4720.716015030426,0.022778245308964436,0.03695990791598804,107.5296274243201,473.206102243901,0.02961171890165377,0.04804788029078446,135.78851565161614,280.0036107952077,0.03872301702523954,0.06283184345717967,160.80036662134415,163.73913572453327,0.05466778874151464,0.0887037789983713,98.07110581836821,82.15383719512172,digital_ads,160.80036662134415
tariff_16,MID,tariff_18,unseen_target,0,,,0.3382198458854432,0.30919176814371996,0.34365615008004713,0.09221311475409837,0.0,0.12698924056376656,0.0429502813725866,0.07256458710839826,0.31746031746031744,0.12698412698412698,0.8374867315701732,10,4720.716015030426,0.0214751406862933,0.03628229355419913,101.37804056281628,491.0465135437438,0.02791768289218129,0.047166981620458875,127.79145273166117,290.5600671856471,0.036507739166698604,0.06167989904213852,150.34266895678763,169.9122884234408,0.05154033764710392,0.08707750453007791,83.30729735075906,85.25113082356663,digital_ads,150.34266895678763
tariff_16,MID,tariff_13,history,43,0.20368371846350652,0.22279792746113988,0.16491685853356644,0.12038833962518651,0.1923365600131947,0.22423285601444692,0.029439272109514365,0.25408911391952693,0.04190357845518587,0.060474227309847604,-0.2116402116402117,-0.08465608465608469,0.8043988301693935,10,4720.716015030426,0.020951789227592936,0.030237113654923802,98.90744695023993,707.0195663458292,0.027237325995870816,0.039308247751400946,124.57968103531192,418.3547729856976,0.03561804168690799,0.051403093213370464,146.14265981540788,244.6434485625706,0.05028429414622305,0.07256907277181712,77.37787268057585,122.74645249059535,digital_ads,146.14265981540788
tariff_16,MID,tariff_5,unseen_target,0,,,0.3176967745309564,0.3096300103221449,0.34405049526499965,0.09221311475409837,0.0,0.12698924056376656,0.04034407212724433,0.07126922857610388,0.26455026455026454,0.10582010582010581,0.822101018402237,10,4720.716015030426,0.020172036063622164,0.03563461428805194,95.22645370131247,509.05882748291555,0.026223646882708816,0.04632499857446752,119.79438981170622,301.2182411141511,0.034292461308157676,0.060578844289688294,139.88497129223117,176.14492300446904,0.04841288655269319,0.08552307429132465,68.5434888831499,88.37826866022839,digital_ads,139.88497129223117
tariff_16,MID,tariff_6,unseen_target,0,,,0.3176967745309564,0.3096300103221449,0.34405049526499965,0.09221311475409837,0.0,0.12698924056376656,0.04034407212724433,0.07126922857610388,0.26455026455026454,0.10582010582010581,0.822101018402237,10,4720.716015030426,0.020172036063622164,0.03563461428805194,95.22645370131247,509.05882748291555,0.026223646882708816,0.04632499857446752,119.79438981170622,301.2182411141511,0.034292461308157676,0.060578844289688294,139.88497129223117,176.14492300446904,0.04841288655269319,0.08552307429132465,68.5434888831499,88.37826866022839,digital_ads,139.88497129223117
tariff_16,MID,tariff_7,unseen_target,0,,,0.3176967745309564,0.3096300103221449,0.34405049526499965,0.09221311475409837,0.0,0.12698924056376656,0.04034407212724433,0.07126922857610388,0.26455026455026454,0.10582010582010581,0.822101018402237,10,4720.716015030426,0.020172036063622164,0.03563461428805194,95.22645370131247,509.05882748291555,0.026223646882708816,0.04632499857446752,119.79438981170622,301.2182411141511,0.034292461308157676,0.060578844289688294,139.88497129223117,176.14492300446904,0.04841288655269319,0.08552307429132465,68.5434888831499,88.37826866022839,digital_ads,139.88497129223117
tariff_16,MID,tariff_3,unseen_target,0,,,0.29717370317646963,0.3100689580233079,0.34444558166662537,0.09221311475409837,0.0,0.12698924056376656,0.03773786288190206,0.0700370622705945,0.21164021164021163,0.08465608465608465,0.8058651488511415,10,4720.716015030426,0.01886893144095103,0.03501853113529725,89.07486683980866,527.1281951912845,0.024529610873236345,0.04552409047588643,111.7973268917513,311.910174669399,0.03207718344961675,0.05953150293000532,129.4272736276747,182.39729937414688,0.04528543545828247,0.0840444747247134,53.77968041554081,91.51531166515358,digital_ads,129.4272736276747
tariff_16,MID,tariff_11,history_sparse,9,0.8661998691136938,0.046632124352331605,0.6634252658894374,0.18271551328865082,0.2363999974541775,0.04722825572859919,0.014972941927249043,0.05351662491990665,0.03550428111699436,0.02732922027248787,0.8465608465608465,0.3386243386243386,0.997494824193975,10,4720.716015030426,0.01775214055849718,0.013664610136243935,83.8028142355688,3461.9246153098015,0.023077782726046332,0.017763993177117115,104.94365850623944,2048.4761037336107,0.030178638949445207,0.02322983723161469,120.464784200467,1197.897790764637,0.04260513734039323,0.032795064326985444,41.12675416536513,601.0285790468405,digital_ads,120.464784200467
tariff_16,MID,tariff_4,history_sparse,15,0.5186405556109019,0.07772020725388601,0.37377812319639847,0.1642901810313669,0.2224663201100771,0.07823071169682205,0.018954464104400656,0.08864700994157078,0.033134313002932805,0.03038547337455127,0.05291005291005291,0.021164021164021163,0.9535365164726943,10,4720.716015030426,0.016567156501466403,0.015192736687275636,78.2088410199879,2800.529009015224,0.021537303451906322,0.019750557693458327,97.67149332598426,1657.1177568137418,0.028164166052492882,0.02582765236836858,110.95502973397942,969.0411795900428,0.03976117560351936,0.036462568049461526,27.701218447970916,486.20295295403196,digital_ads,110.95502973397942
tariff_16,MID,tariff_17,unseen_target,0,,,0.256127560467496,0.3109489580377246,0.34523796793624334,0.09221311475409837,0.0,0.12698924056376656,0.03252544439121752,0.06777591696867115,0.10582010582010581,0.042328042328042326,0.7709220986804697,10,4720.716015030426,0.01626272219560876,0.033887958484335574,76.77169311680105,562.887085657573,0.02114153885429139,0.044054346029636246,95.80320105184137,333.06928145418516,0.027646627732534887,0.05760952942337048,108.51187829856175,194.77061787459272,0.03903053326946102,0.08133110036240537,24.252063480322505,97.72345237110645,digital_ads,108.51187829856175
tariff_16,MID,tariff_15,unseen_target,0,,,0.15351220369506197,0.3131610967625215,0.3472317274177366,0.09221311475409837,0.0,0.12698924056376656,0.01949439816450616,0.06346730197743004,-0.1587301587301588,-0.06349206349206353,0.6707926791477278,10,4720.716015030426,0.00974719908225308,0.03173365098871502,46.01375880928198,641.9068578297275,0.012671358806929005,0.04125374628532953,55.81788645206659,379.8265430945132,0.016570238439830232,0.05394720668081553,56.223389975779355,222.11309959506147,0.02339327779740739,0.07616076237291605,-49.56697885772324,111.44216281766101,digital_ads,56.223389975779355
tariff_16,MID,tariff_21,history_sparse,7,0.7644975504378636,0.03626943005181347,0.47103557272696084,0.18952276158159173,0.24169997343299993,0.034300970157972,0.012846530488541414,0.03886809127319734,0.018308253633674297,0.016875751271058295,0.31746031746031744,0.12698412698412698,0.9743429786475151,10,4720.716015030426,0.009154126816837149,0.008437875635529148,43.21403306786262,9079.163923169772,0.011900364861888293,0.010969238326187892,52.17824298822141,5372.286345070872,0.015562015588623154,0.014344388580399551,51.46385621536646,3141.579212169471,0.021969904360409156,0.020250901525269954,-56.286320637129705,1576.2437366614186,sms,52.17824298822141
tariff_16,MID,tariff_2,unseen_target,0,,,0.13504143947602387,0.3135611028263834,0.34759252754582887,0.09221311475409837,0.0,0.12698924056376656,0.01714880984369812,0.06291830392928334,-0.2063492063492064,-0.08253968253968257,0.6511788275396924,10,4720.716015030426,0.00857440492184906,0.03145915196464167,40.47733063392857,653.1577358670197,0.011146726398403778,0.040896897554034174,48.62052982410714,386.4838673769347,0.0145764883671434,0.053480558339890835,46.811462077678556,226.00613697820756,0.020578571812437742,0.07550196471514001,-62.85440647857145,113.39544025469093,sms,48.62052982410714
tariff_16,MID,tariff_10,history_sparse,4,1.4021321184665076,0.02072538860103627,0.5702178096456387,0.20345407844622906,0.2527717587793469,0.02604716191991204,0.01124244887205305,0.029515301236329478,0.016830150422011008,0.015264093211150949,0.5291005291005291,0.21164021164021163,0.9879603134711474,10,4720.716015030426,0.008415075211005504,0.007632046605575474,39.72518031627923,11097.62562656333,0.010939597774307154,0.009921660587248117,47.642734411162984,6566.642382581851,0.014305627858709357,0.012974479229478307,45.53280653767469,3840.008867322951,0.02019618050641321,0.01831691185338114,-64.65956724092985,1926.6711157228003,sms,47.642734411162984
tariff_16,MID,tariff_12,history_sparse,1,-0.5047697597233539,0.0051813471502590676,0.6778020426179289,0.21930867802270476,0.2656996354082301,0.00702268647577285,0.005894311122437263,0.007957746316395328,0.005393776707888053,0.006660572215132116,1.3756613756613756,0.5502645502645502,0.9946294155189791,10,4720.716015030426,0.0026968883539440266,0.003330286107566058,12.73124404321261,58283.95391165288,0.0035059548601272346,0.004329371939835876,12.550617256176395,34487.54669328572,0.004584710201704844,0.005661486382862299,-0.35688512653856463,20167.45810091795,0.006472532049465663,0.007992686658158539,-129.44501429628974,10118.741998550848,push,12.73124404321261
tariff_16,MID,tariff_1,history,48,-0.38329861897865986,0.24870466321243523,-0.297168904971374,0.11508328929298743,0.18906126910209142,0.23619169269313248,0.029980319071866306,0.26764025120245827,-0.07953436037609798,0.07258180885972644,-0.7354497354497355,-0.2941798941798942,0.05799699698105154,10,4720.716015030426,-0.03976718018804899,0.03629090442986322,-187.72956438632355,490.81351638355045,-0.0516973342444637,0.04717817575882219,-248.04843370222065,290.4221990435209,-0.06760420631968328,0.06169453753076747,-341.14025945675,169.83166656870262,-0.09544123245131757,0.08709817063167173,-610.5509545271765,85.21067992769972,push,-187.72956438632355
tariff_2,LOW,tariff_13,history_sparse,15,2.2039487064090224,0.18518518518518517,1.8356354650958222,0.34867645468641734,0.3795724832659623,0.1784454185894699,0.04913494912824791,0.20220515003152012,0.3711749446228799,0.2463332371854908,-0.005291005291005306,-0.0021164021164021226,0.9999993378116143,9,2661.265239990538,0.18558747231143996,0.1231666185927454,493.8974890401416,42.61142524473405,0.24126371400487195,0.16011660417056903,638.0667357521841,25.213861091558606,0.315498702929448,0.2093832516076672,817.6257313682407,14.744437800946036,0.4454099335474559,0.29559988462258896,1025.3539736963396,7.397816882766328,call,1025.3539736963396
tariff_2,LOW,tariff_9,history_sparse,14,1.1061584378200002,0.1728395061728395,1.0885208601560457,0.3572071618033787,0.387423484630998,0.17922361632040204,0.04921864379540008,0.203086963586506,0.221064396289663,0.16480590878902193,0.2063492063492064,0.08253968253968257,0.9975201596334904,9,2661.265239990538,0.1105321981448315,0.08240295439451097,294.1554968225867,95.1977166944738,0.14369185758828096,0.10712384071286427,378.4021458693627,56.33000987838687,0.18790473684621356,0.14008502247066865,478.0643445983974,32.940386399471905,0.2652772755475956,0.1977670905468263,545.9731923742081,16.527381370568374,call,545.9731923742081
tariff_2,LOW,tariff_8,history_sparse,17,0.8651478862815364,0.20987654320987653,0.9482994227775539,0.3335249802740293,0.36570331208069695,0.2045544961079429,0.05176417886846361,0.23179061083257965,0.21980690245779191,0.16586906576949248,0.47089947089947093,0.1883597883597884,0.9952440238259406,9,2661.265239990538,0.10990345122889596,0.08293453288474624,292.4822345104562,93.98126614561184,0.14287448659756474,0.10781489275017012,376.226904863593,55.61021665420819,0.18683586708912311,0.14098870590406862,475.2197986677754,32.519469254536965,0.2637682829493503,0.19904287892339098,541.9573628250947,16.31619203916872,call,541.9573628250947
tariff_2,LOW,tariff_12,no_history_for_cell,0,,,1.5005586016402173,0.6324535239762026,0.6499980461431535,0.09221311475409837,0.0,0.12698924056376656,0.1905547972437187,0.21324525964377108,1.5820105820105819,0.6328042328042328,0.9895159571906835,9,2661.265239990538,0.09527739862185935,0.10662262982188554,253.55842910907668,56.86084603826951,0.12386061820841718,0.1386094187684512,325.62595784179973,33.64547102856184,0.1619715776571609,0.1812584706972054,409.0493294854303,19.675033231235126,0.22866575669246245,0.2558943115725253,448.54022986178404,9.87167465942179,call,448.54022986178404
tariff_2,LOW,tariff_21,history_sparse,13,1.0237808844582619,0.16049382716049382,1.064383246916624,0.3665318198279955,0.396037340343587,0.14089235147329088,0.04464646725833986,0.15965195012090716,0.16993086104626204,0.1325654567006448,0.5238095238095238,0.20952380952380956,0.9964014399866727,9,2661.265239990538,0.08496543052313102,0.0662827283503224,226.11554685203964,147.1334248163027,0.11045505968007033,0.08616754685541912,289.9502109076515,87.06119811615544,0.14444123188932273,0.11268063819554806,362.39642964846735,50.91121965962032,0.20391703325551447,0.15907854804077373,382.67731244489516,25.54399736394145,call,382.67731244489516
tariff_2,LOW,tariff_11,no_history_for_cell,0,,,1.3376903784425243,0.6324535239762026,0.6499980461431535,0.09221311475409837,0.0,0.12698924056376656,0.16987228526787365,0.19695352363472673,1.0529100529100528,0.42116402116402113,0.9802045197454325,9,2661.265239990538,0.08493614263393683,0.09847676181736337,226.03760401057443,66.65681813159273,0.11041698542411789,0.12801979036257238,289.8488852137468,39.44190421987735,0.1443914424776926,0.16741049508951772,362.2639268179765,23.064642952108212,0.20384674232144837,0.23634422836167207,382.4902496253786,11.572364258957071,call,382.4902496253786
tariff_2,LOW,tariff_14,unseen_target,0,,,1.2350833978279778,1.1389842652939184,1.1488190269085583,0.09221311475409837,0.0,0.12698924056376656,0.15684230272309127,0.24983231520045585,0.7195767195767194,0.28783068783068777,0.8588326942848794,9,2661.265239990538,0.07842115136154564,0.12491615760022792,208.69948419851804,41.42617768514063,0.10194749677000935,0.1623910048802963,267.3093294580735,24.512531174639417,0.1333159573146276,0.21235746792038745,332.78912313748066,14.334317538110943,0.18821076326770952,0.299798778240547,340.8787620764433,7.192044737003581,call,340.8787620764433
tariff_2,LOW,tariff_19,unseen_target,0,,,1.209024482116347,1.1454823695345029,1.1552618140120356,0.09221311475409837,0.0,0.12698924056376656,0.15353310080695606,0.24889638941846562,0.6349206349206349,0.25396825396825395,0.8523434640151236,9,2661.265239990538,0.07676655040347803,0.12444819470923281,204.29615218275768,41.738313387399536,0.09979651552452146,0.16178265312200266,261.58499783758504,24.697226856449422,0.13050313568591265,0.21156193100569576,325.30345871068806,14.442322971418523,0.1842397209683473,0.2986756673021587,330.31076523861844,7.246234963090196,call,330.31076523861844
tariff_2,LOW,tariff_20,unseen_target,0,,,1.1911089775646009,1.149959233780923,1.1597009266867073,0.09221311475409837,0.0,0.12698924056376656,0.15125802448961315,0.24827818329887913,0.5767195767195767,0.23068783068783072,0.8478092823188276,9,2661.265239990538,0.07562901224480657,0.12413909164943956,201.26886142192248,41.94642675974554,0.09831771591824855,0.16138081914427144,257.6495198484992,24.82037086375476,0.12856932081617115,0.21103645580404726,320.15706441726815,14.514334518943093,0.18150962938753576,0.2979338199586549,323.0452674126139,7.282365756900268,call,323.0452674126139
tariff_2,LOW,tariff_18,unseen_target,0,,,1.1748221552448315,1.1540356823953315,1.1637432518565503,0.09221311475409837,0.0,0.12698924056376656,0.14918977329202862,0.24773417671492107,0.5238095238095238,0.20952380952380956,0.8436373565076913,9,2661.265239990538,0.07459488664601431,0.12386708835746053,198.51677891207223,42.130851752916236,0.09697335263981861,0.1610272148646987,254.07181258569392,24.92949807864866,0.12681130729822432,0.2105740502076829,315.4785241505228,14.578149395472744,0.17902772795043434,0.29728101205790525,316.4402693889734,7.3143839848812915,call,316.4402693889734
tariff_2,LOW,tariff_5,unseen_target,0,,,1.1585353329250623,1.1581183217885997,1.1677919537582209,0.09221311475409837,0.0,0.12698924056376656,0.14712152209444412,0.24720742904811324,0.47089947089947093,0.1883597883597884,0.8394191391369892,9,2661.265239990538,0.07356076104722206,0.12360371452405662,195.76469640222203,42.31058722095461,0.0956289893613887,0.1606848288812736,250.49410532288866,25.035850426600362,0.1250532937802775,0.21012631469089624,310.79998388377743,14.640341598946234,0.17654582651333295,0.29664891485773587,309.83527136533286,7.345588059193511,digital_ads,310.79998388377743
tariff_2,LOW,tariff_6,unseen_target,0,,,1.1585353329250623,1.1581183217885997,1.1677919537582209,0.09221311475409837,0.0,0.12698924056376656,0.14712152209444412,0.24720742904811324,0.47089947089947093,0.1883597883597884,0.8394191391369892,9,2661.265239990538,0.07356076104722206,0.12360371452405662,195.76469640222203,42.31058722095461,0.0956289893613887,0.1606848288812736,250.49410532288866,25.035850426600362,0.1250532937802775,0.21012631469089624,310.79998388377743,14.640341598946234,0.17654582651333295,0.29664891485773587,309.83527136533286,7.345588059193511,digital_ads,310.79998388377743
tariff_2,LOW,tariff_7,unseen_target,0,,,1.1585353329250623,1.1581183217885997,1.1677919537582209,0.09221311475409837,0.0,0.12698924056376656,0.14712152209444412,0.24720742904811324,0.47089947089947093,0.1883597883597884,0.8394191391369892,9,2661.265239990538,0.07356076104722206,0.12360371452405662,195.76469640222203,42.31058722095461,0.0956289893613887,0.1606848288812736,250.49410532288866,25.035850426600362,0.1250532937802775,0.21012631469089624,310.79998388377743,14.640341598946234,0.17654582651333295,0.29664891485773587,309.83527136533286,7.345588059193511,digital_ads,310.79998388377743
tariff_2,LOW,tariff_3,unseen_target,0,,,1.1422485106052929,1.1622070867192127,1.1718469662973743,0.09221311475409837,0.0,0.12698924056376656,0.1450532708968596,0.24669805085177784,0.417989417989418,0.16719576719576723,0.8351558847804604,9,2661.265239990538,0.0725266354484298,0.12334902542588892,193.01261389237177,42.48549205491085,0.09428462608295875,0.1603537330536556,246.91639806008334,25.139344411189846,0.12329528026233065,0.20969334322401117,306.121443617032,14.700862302737313,0.1740639250762315,0.2960376610221334,303.2302733416922,7.375953481755355,digital_ads,306.121443617032
tariff_2,LOW,tariff_17,unseen_target,0,,,1.1096748659657543,1.170402736303872,1.1799756629471605,0.09221311475409837,0.0,0.12698924056376656,0.14091676850169058,0.24573183125031633,0.3121693121693122,0.12486772486772489,0.826499384120767,9,2661.265239990538,0.07045838425084529,0.12286591562515817,187.50844887267132,42.82025552517087,0.0915958995260989,0.15972569031270561,239.76098353447276,25.337429304834842,0.11977925322643698,0.2088720565627689,296.76436308354124,14.816697413553937,0.1691001222020287,0.2948781975003796,290.02027729441113,7.43407213978661,digital_ads,296.76436308354124
tariff_2,LOW,tariff_16,unseen_target,0,,,1.0771012213262159,1.1786221253749456,1.1881288290515275,0.09221311475409837,0.0,0.12698924056376656,0.1367802661065216,0.24483634554396233,0.2063492063492064,0.08253968253968257,0.8176782685122999,9,2661.265239990538,0.0683901330532608,0.12241817277198117,182.00428385297093,43.134057380953,0.08890717296923906,0.1591436246035755,232.60556900886223,25.523110876303548,0.11626322619054336,0.208110893712368,287.4072825500505,14.92527937057197,0.1641363193278259,0.2938036146527548,276.81028124713015,7.488551628637673,digital_ads,287.4072825500505
tariff_2,LOW,tariff_15,unseen_target,0,,,1.0282407543669079,1.1909946449776732,1.2004033673584449,0.09221311475409837,0.0,0.12698924056376656,0.13057551251376806,0.24362743239490128,0.0476190476190476,0.019047619047619042,0.8041613031322268,9,2661.265239990538,0.06528775625688403,0.12181371619745064,173.74803632342022,43.563193827602724,0.08487408313394926,0.15835783105668583,221.87244722044633,25.777037767812264,0.11098918563670285,0.20708331753566608,273.37166174981434,15.073769490519975,0.15669061501652168,0.29235291887388154,256.99528717620854,7.563054483958805,digital_ads,273.37166174981434
tariff_2,LOW,tariff_10,history_sparse,6,1.6685044672382485,0.07407407407407407,1.4192177921691795,0.45694143982218033,0.4809318864733001,0.0802157776445113,0.03485719816948421,0.09089638434943048,0.12900176591255988,0.1080674950024075,0.7354497354497355,0.2941798941798942,0.9984161352873907,9,2661.265239990538,0.06450088295627994,0.05403374750120375,171.65395776024593,221.40219362155844,0.08385114784316394,0.07024387175156488,219.15014508831976,131.0072151606855,0.10965150102567592,0.09185737075204638,269.8117281924181,76.60975557839392,0.15480211909507186,0.129680994002889,251.9694986245902,38.43788083707613,digital_ads,269.8117281924181
tariff_2,LOW,tariff_1,history_sparse,12,0.2255016789989217,0.14814814814814814,0.4261606243484547,0.37615487959221444,0.4049598664572001,0.13883758774698532,0.04437268013404169,0.15732359778302618,0.0670451226559596,0.08723755909055993,-0.5291005291005291,-0.21164021164021163,0.8536811281274049,9,2661.265239990538,0.0335225613279798,0.04361877954527996,89.21242721760369,339.7543906363074,0.04357932972637374,0.05670441340886395,111.97615538288478,201.03810096822926,0.05698835425756566,0.07415192522697593,129.66112626992626,117.56207288453547,0.08045414718715152,0.1046850709086719,54.10982532224884,58.985137263247815,digital_ads,129.66112626992626
tariff_2,LOW,tariff_4,history_sparse,4,0.806776271381729,0.04938271604938271,0.9366680848304698,0.49867974917779206,0.5207508926924904,0.06308304170984357,0.031197979002100026,0.07148245112825932,0.06695533059729432,0.06996851446069503,0.2592592592592593,0.10370370370370373,0.9639659307919426,9,2661.265239990538,0.03347766529864716,0.03498425723034752,89.09294697532714,528.1615509368886,0.0435209648882413,0.04547953439945177,111.82083106792525,312.5216277733069,0.05691203100770017,0.05947323729159078,129.45800985805613,182.7548619158784,0.08034639671675319,0.08396221735283403,53.823072740785136,91.69471370432095,digital_ads,129.45800985805613
tariff_9,HIGH,tariff_12,no_history_for_cell,0,,,0.01300066077688522,0.11045316698496423,0.18627909731638811,0.09221311475409837,0.0,0.12698924056376656,0.0016509440388838015,0.03261404653900318,1.3756613756613756,0.5502645502645502,0.5278201149369682,9,5837.468083955163,0.0008254720194419007,0.01630702326950159,4.818666567690111,2430.87549504455,0.0010731136252744712,0.02119913025035207,2.2642665379971456,1438.3878668902662,0.001403302433051231,0.027721939558152706,-13.808266834926812,841.1333892887717,0.0019811328466605616,0.03913685584680382,-148.43520023754374,422.02699566745673,push,4.818666567690111
tariff_9,HIGH,tariff_11,history_sparse,7,0.27205430637456607,0.22580645161290322,-0.03919857584233974,0.09755216795264855,0.17893134290073875,0.2545958141250012,0.07613031259923608,0.2884948529330344,-0.011308587372820198,0.06146943958307166,0.8465608465608465,0.3386243386243386,0.41329757144357976,9,5837.468083955163,-0.005654293686410099,0.03073471979153583,-33.006758931728136,684.3110950564025,-0.007350581792333129,0.03995513572899658,-46.908786611246576,404.9178077256818,-0.009612299266897167,0.05224902364561091,-78.11149018393783,236.78584604027768,-0.013570304847384237,0.07376332749968599,-239.21622143614752,118.80400955840321,push,-33.006758931728136
tariff_9,HIGH,tariff_14,unseen_target,0,,,-0.10069455302431747,0.3253107191510113,0.3582276706154176,0.09221311475409837,0.0,0.12698924056376656,-0.012787124817466,0.06380619791953174,0.513227513227513,0.20529100529100522,0.38932032460699867,9,5837.468083955163,-0.006393562408733,0.03190309895976587,-37.32221650375438,635.1062044846806,-0.0083116311313529,0.04147402864769563,-52.5188814548807,375.80248786075765,-0.010869056094846098,0.05423526823160198,-85.44776805638244,219.75993234764033,-0.015344549780959199,0.07656743750343808,-249.57331960901053,110.26149383414591,push,-37.32221650375438
tariff_9,HIGH,tariff_4,history_sparse,2,-0.12852862791015807,0.06451612903225806,-0.15883721814712715,0.10481720854821187,0.18299357149320666,0.07564936362478433,0.046212246549572185,0.08572195936691421,-0.013615837559961722,0.023986462041275892,0.05291005291005291,0.021164021164021163,0.19269896412898907,9,5837.468083955163,-0.006807918779980861,0.011993231020637946,-39.74100859629725,4494.068612989827,-0.00885029441397512,0.01559120032682933,-55.66331117518642,2659.2121970354005,-0.011573461925967463,0.02038849273508451,-89.55971461370531,1555.041042557034,-0.016339005071954064,0.02878375444953107,-255.37842063111339,780.2202453107338,push,-39.74100859629725
tariff_9,HIGH,tariff_19,unseen_target,0,,,-0.11185481940971158,0.30405489902621824,0.3390418582149463,0.09221311475409837,0.0,0.12698924056376656,-0.014204358570236528,0.060797963997276626,0.4285714285714285,0.1714285714285714,0.37073228984954865,9,5837.468083955163,-0.007102179285118264,0.030398981998638313,-41.45874490340536,699.5101444486629,-0.009232833070653744,0.03951867659822981,-57.89636837442698,413.9113280761319,-0.012073704784701048,0.051678269397685134,-92.47986633578911,242.04503268119822,-0.017045230284283834,0.07295755679673195,-259.5009877681729,121.44273341122623,push,-41.45874490340536
tariff_9,HIGH,tariff_20,unseen_target,0,,,-0.11952750254967004,0.2895689142043889,0.3261137164755704,0.09221311475409837,0.0,0.12698924056376656,-0.01517870677526627,0.05881383009662954,0.37037037037037035,0.14814814814814814,0.3569881989547522,9,5837.468083955163,-0.007589353387633135,0.02940691504831477,-44.30260817816542,747.503384887168,-0.009866159403923077,0.03822898956280921,-61.59339063161505,442.3096951995075,-0.012901900758976329,0.04999175558213511,-97.3144339028812,258.6516902723764,-0.018214448130319524,0.07057659611595545,-266.326259627597,129.77489320957778,push,-44.30260817816542
tariff_9,HIGH,tariff_18,unseen_target,0,,,-0.12650266904054136,0.27650580076349246,0.31457186437420015,0.09221311475409837,0.0,0.12698924056376656,-0.016064477870747853,0.05707646520697217,0.31746031746031744,0.12698412698412698,0.3437896331075176,9,5837.468083955163,-0.008032238935373926,0.028538232603486084,-46.88793842794729,793.7028700197877,-0.010441910615986105,0.03709970238453191,-64.95431995633149,469.64666865076185,-0.013654806190135673,0.04851499542592634,-101.70949532751038,274.63767128712374,-0.01927737344489742,0.0684917582483666,-272.5310522270735,137.7956371562131,push,-46.88793842794729
tariff_9,HIGH,tariff_21,no_history_for_cell,0,,,-0.12650266904054136,0.11045316698496423,0.18627909731638811,0.09221311475409837,0.0,0.12698924056376656,-0.016064477870747853,0.035952539585619,0.31746031746031744,0.12698412698412698,0.24853634302885141,9,5837.468083955163,-0.008032238935373926,0.0179762697928095,-46.88793842794729,2000.3820210274612,-0.010441910615986105,0.023369150730652353,-64.95431995633149,1183.6580006079653,-0.013654806190135673,0.030559658647776152,-101.70949532751038,692.1737096980835,-0.01927737344489742,0.0431430475027428,-272.5310522270735,347.28854531726756,push,-46.88793842794729
tariff_9,HIGH,tariff_5,unseen_target,0,,,-0.13347783553141268,0.2635591144925236,0.30325468971160724,0.09221311475409837,0.0,0.12698924056376656,-0.016950248966229434,0.05540848412991343,0.26455026455026454,0.10582010582010581,0.32991389627505685,9,5837.468083955163,-0.008475124483114717,0.027704242064956714,-49.47326867772916,842.2083659640715,-0.011017661828049133,0.03601551468444373,-68.31524928104791,498.3481455408707,-0.014407711621295017,0.04709721151042641,-106.10455675213956,291.42157991836393,-0.02034029875947532,0.06649018095589611,-278.73584482654996,146.21673020209576,push,-49.47326867772916
tariff_9,HIGH,tariff_6,unseen_target,0,,,-0.13347783553141268,0.2635591144925236,0.30325468971160724,0.09221311475409837,0.0,0.12698924056376656,-0.016950248966229434,0.05540848412991343,0.26455026455026454,0.10582010582010581,0.32991389627505685,9,5837.468083955163,-0.008475124483114717,0.027704242064956714,-49.47326867772916,842.2083659640715,-0.011017661828049133,0.03601551468444373,-68.31524928104791,498.3481455408707,-0.014407711621295017,0.04709721151042641,-106.10455675213956,291.42157991836393,-0.02034029875947532,0.06649018095589611,-278.73584482654996,146.21673020209576,push,-49.47326867772916
tariff_9,HIGH,tariff_7,unseen_target,0,,,-0.13347783553141268,0.2635591144925236,0.30325468971160724,0.09221311475409837,0.0,0.12698924056376656,-0.016950248966229434,0.05540848412991343,0.26455026455026454,0.10582010582010581,0.32991389627505685,9,5837.468083955163,-0.008475124483114717,0.027704242064956714,-49.47326867772916,842.2083659640715,-0.011017661828049133,0.03601551468444373,-68.31524928104791,498.3481455408707,-0.014407711621295017,0.04709721151042641,-106.10455675213956,291.42157991836393,-0.02034029875947532,0.06649018095589611,-278.73584482654996,146.21673020209576,push,-49.47326867772916
tariff_9,HIGH,tariff_13,history_sparse,2,-0.6912950643470258,0.06451612903225806,-0.2499191276647763,0.10481720854821187,0.18299357149320666,0.06022535673898712,0.04157551350221571,0.06824426982418103,-0.017055548382578938,0.023586132572888073,-0.2116402116402117,-0.08465608465608469,0.08601244798797975,9,5837.468083955163,-0.008527774191289469,0.011793066286444037,-49.78060966882882,4647.919720357436,-0.011086106448676311,0.015330986172377247,-68.71479256947748,2750.2483552410854,-0.014497216125192098,0.02004821268695486,-106.62703643700901,1608.2767198468634,-0.020466658059094724,0.028303359087465688,-279.4734632051892,806.9305070064992,push,-49.78060966882882
tariff_9,HIGH,tariff_3,unseen_target,0,,,-0.14045300202228403,0.2507468903140729,0.29218830059086504,0.09221311475409837,0.0,0.12698924056376656,-0.01783602006171102,0.053816338688094476,0.21164021164021163,0.08465608465608465,0.31536719382131995,9,5837.468083955163,-0.00891801003085551,0.026908169344047238,-52.058598927511035,892.7786440790967,-0.011593413040112164,0.03498062014726141,-71.67617860576435,528.2713870290513,-0.015160617052454365,0.045743887884880305,-110.49961817676875,308.9199460481303,-0.02140322407405322,0.06457960642571337,-284.94063742602646,154.99629237484316,push,-52.058598927511035
tariff_9,HIGH,tariff_17,unseen_target,0,,,-0.15440333500402667,0.22561723543200618,0.27093013291987533,0.09221311475409837,0.0,0.12698924056376656,-0.019607562252674182,0.05088769587748434,0.10582010582010581,0.042328042328042326,0.2843724466801385,9,5837.468083955163,-0.009803781126337091,0.02544384793874217,-57.229259427074766,998.4964259023292,-0.01274491546423822,0.03307700232036482,-78.39803725519721,590.8262875161711,-0.016666427914773053,0.043254541495861686,-119.2897410260271,345.5004933918094,-0.023529074703209016,0.061065235052981205,-297.35022262497944,173.35007394137656,push,-57.229259427074766
tariff_9,HIGH,tariff_16,unseen_target,0,,,-0.16835366798576934,0.20135257540262813,0.25108337185339663,0.09221311475409837,0.0,0.12698924056376656,-0.02137910444363735,0.04835080895192587,0.0,0.0,0.2512666761590585,9,5837.468083955163,-0.010689552221818674,0.024175404475962933,-62.39991992663851,1106.0241238294327,-0.013896417888364277,0.031428025818751815,-85.11989590463007,654.4521442777706,-0.018172238777091745,0.041098187609136985,-128.07986387528547,382.7073092835407,-0.025654925332364818,0.05802097074231104,-309.7598078239324,192.01807705372093,push,-62.39991992663851
tariff_9,HIGH,tariff_15,unseen_target,0,,,-0.18927916745838333,0.16739861893469177,0.2247716566234323,0.09221311475409837,0.0,0.12698924056376656,-0.024036417730082096,0.04542105956403987,-0.1587301587301588,-0.06349206349206353,0.1998672911863245,9,5837.468083955163,-0.012018208865041048,0.022710529782019935,-70.15591067598412,1253.3072926896577,-0.015623671524553365,0.029523688716625918,-95.20268387877937,741.6019483370754,-0.02043095507056978,0.03860790062943389,-141.265048149173,433.6703434912311,-0.028843701276098515,0.05450527147684784,-328.3741856223619,217.58807164751008,push,-70.15591067598412
tariff_9,HIGH,tariff_2,unseen_target,0,,,-0.19555681730016752,0.15802776606178426,0.21788247943898106,0.09221311475409837,0.0,0.12698924056376656,-0.02483361171601552,0.04477426180249508,-0.2063492063492064,-0.08253968253968257,0.1847171615716358,9,5837.468083955163,-0.01241680585800776,0.02238713090124754,-72.4827079007878,1289.7787583633235,-0.016141847615410092,0.029103270171621804,-98.22752027102416,763.1826972564045,-0.02110856995861319,0.03805812253212082,-145.22060343133924,446.29022780737847,-0.029800334059218624,0.05372911416299409,-333.9584989618907,223.91992332696597,push,-72.4827079007878
tariff_9,HIGH,tariff_10,history_sparse,4,-0.6211800225280417,0.12903225806451613,-0.1969311535859467,0.09952059183476111,0.18001207792573565,0.12012621986095398,0.05681528158097012,0.13612084020820547,-0.02680643408929022,0.03679540362006778,0.5291005291005291,0.21164021164021163,0.13697999820591505,9,5837.468083955163,-0.01340321704464511,0.01839770181003389,-78.24085172043968,1909.787060138272,-0.017424182158038645,0.023917012353044057,-105.71310723657159,1130.051514874717,-0.02278546897589669,0.03127609307705761,-155.00944792474746,660.8259723661841,-0.03216772090714827,0.044154484344081334,-347.7780441290553,331.56025349622774,push,-78.24085172043968
tariff_9,HIGH,tariff_1,history_sparse,4,-0.753666151190971,0.12903225806451613,-0.35719867457854837,0.09952059183476111,0.18001207792573565,0.07396734450398897,0.04573716426501039,0.08381598200215612,-0.029938957679669632,0.033146628011145755,-0.7354497354497355,-0.2941798941798942,0.023610983892185855,9,5837.468083955163,-0.014969478839834816,0.016573314005572878,-87.3838549609779,2353.3871617045406,-0.01946032249178526,0.02154530820724474,-117.59901144927126,1392.536782073693,-0.025448114027719185,0.02817463380947389,-170.5525534336624,814.3208171988032,-0.03592674921560356,0.0397759536133749,-369.72125190634694,408.5741600181496,push,-87.3838549609779
tariff_9,HIGH,tariff_8,history_sparse,12,-0.11114828965681163,0.3870967741935484,-0.13537120678149472,0.0884184180582679,0.1741201213298642,0.3819861411597894,0.08491002725528952,0.43284700494818173,-0.05859502141159098,0.09405823723773905,0.26455026455026454,0.10582010582010581,0.21844408979649227,9,5837.468083955163,-0.02929751070579549,0.04702911861886953,-171.02328368441587,292.2660824043109,-0.038086763917534135,0.061137854204530384,-226.33026878974061,172.9385102984088,-0.04980576819985233,0.07994950165207819,-312.739582263507,101.13013231983075,-0.07031402569390917,0.11286988468528686,-570.455880842598,50.740639306303976,push,-171.02328368441587
tariff_16,LOW,tariff_9,history,108,1.244845362066241,0.4976958525345622,1.2358464229589923,0.15133189353210513,0.2130759066624202,0.4781286208990058,0.04221974758595925,0.5417907071386835,0.669570107409765,0.3860953553668366,0.0,0.0,0.9999999966848261,8,2625.765983544362,0.3347850537048825,0.1930476776834183,879.0672058173528,17.345344681257693,0.43522056981634727,0.2509619809884438,1138.7873675625588,10.26351756287437,0.5691345912983001,0.3281810520618111,1472.4142498894994,6.001849370677402,0.8034841288917179,0.4633144264402039,1949.7612939616465,3.0113445627183495,call,1949.7612939616465
tariff_16,LOW,tariff_8,history,25,1.9386228455700572,0.1152073732718894,1.7834392655434959,0.28854473326697344,0.3252046480235313,0.12111699103526093,0.027575893474817082,0.13724353103171458,0.24476550218379703,0.1539289744174533,0.26455026455026454,0.10582010582010581,0.9999999792153988,8,2625.765983544362,0.12238275109189851,0.07696448720872665,321.34846478968376,109.12677912622472,0.15909757641946806,0.10005383337134464,413.7530042265888,64.57205865457081,0.20805067685622747,0.1308396282548353,524.2923901424623,37.76013118554487,0.29371860262055643,0.18471476930094394,611.236315495241,18.94562137608068,call,611.236315495241
tariff_16,LOW,tariff_12,no_history_for_cell,0,,,1.4370399945931172,0.6324535239762026,0.6499980461431535,0.09221311475409837,0.0,0.12698924056376656,0.18248861757313917,0.2068235920553057,1.3756613756613756,0.5502645502645502,0.9864764507709989,8,2625.765983544362,0.09124430878656958,0.10341179602765285,239.58620220379234,60.44660807346716,0.11861760142254046,0.13443533483594872,307.4620628649301,35.76722371211074,0.15511532493716826,0.17580005324700984,385.2965437464469,20.915781340300057,0.218986341087767,0.24818831046636683,415.00688528910155,10.494202790532496,call,415.00688528910155
tariff_16,LOW,tariff_21,history,29,1.037370747822608,0.1336405529953917,1.0549890221004858,0.27166809275410253,0.3103281370108931,0.12663113643230428,0.028108044124579727,0.14349187635835983,0.15138235431866987,0.10310288489546512,0.31746031746031744,0.12698412698412698,0.9996625675213345,8,2625.765983544362,0.07569117715933493,0.05155144244773256,198.74731823941164,243.2374569168201,0.09839853030713543,0.06701687518205234,254.37151371123514,143.9274892998935,0.12867500117086939,0.08763745216114535,315.8704410069998,84.16521000582009,0.18165882518240384,0.12372346187455814,316.9935637745879,42.22872515917015,call,316.9935637745879
tariff_16,LOW,tariff_14,unseen_target,0,,,1.1715647907808777,1.1548517171112684,1.1645524842250972,0.09221311475409837,0.0,0.12698924056376656,0.14877612305251173,0.24762744289179459,0.513227513227513,0.20529100529100522,0.842797376522109,8,2625.765983544362,0.07438806152625586,0.12381372144589729,195.32564153744772,42.1671785504818,0.09670447998413263,0.1609578378796665,249.92333399868207,24.950993225137147,0.12645970459463496,0.2104833264580254,310.05359061366113,14.590719221619999,0.17853134766301407,0.2971529314701535,308.78153968987453,7.320690720569758,digital_ads,310.05359061366113
tariff_16,LOW,tariff_19,unseen_target,0,,,1.1455058750692468,1.161388846794133,1.1710354620837944,0.09221311475409837,0.0,0.12698924056376656,0.14546692113637652,0.2467985317182545,0.4285714285714285,0.1714285714285714,0.8360120776872009,8,2625.765983544362,0.07273346056818826,0.12339926585912725,190.9810466254139,42.45090424764529,0.09455349873864474,0.16041904561686543,244.2753606130381,25.118878253044553,0.12364688296592002,0.20977875196051632,302.6677792632036,14.688894203337473,0.1745603053636518,0.2961582380619054,298.3545119009933,7.3699486541050865,digital_ads,302.6677792632036
tariff_16,LOW,tariff_20,unseen_target,0,,,1.1275903705175006,1.1658921592281737,1.1755018192030726,0.09221311475409837,0.0,0.12698924056376656,0.14319184481903355,0.24625455053373999,0.37037037037037035,0.14814814814814814,0.8312815026982419,8,2625.765983544362,0.07159592240951677,0.12312727526686999,187.99413762339063,42.63866117651321,0.09307469913237182,0.160065457846931,240.39237891040787,25.22997702752261,0.1217130680961785,0.20931636795367897,297.59003395976407,14.753861998793498,0.17183021378284025,0.295505460640488,291.1859302961375,7.402545343144653,digital_ads,297.59003395976407
tariff_16,LOW,tariff_18,unseen_target,0,,,1.1113035481977314,1.1699923858590713,1.1795686427538679,0.09221311475409837,0.0,0.12698924056376656,0.14112359362144905,0.24577846898735903,0.31746031746031744,0.12698412698412698,0.8269362063980841,8,2625.765983544362,0.07056179681072453,0.12288923449367951,185.2787658033695,42.80400633661348,0.0917303358539419,0.15975600484178337,236.8623955443804,25.327814400363003,0.11995505457823169,0.20891169863925516,292.9739018657281,14.811074856959687,0.16934831234573886,0.2949341627848308,284.66903792808677,7.4312511001065085,digital_ads,292.9739018657281
tariff_16,LOW,tariff_5,unseen_target,0,,,1.095016725877962,1.174098553411852,1.1836415898082508,0.09221311475409837,0.0,0.12698924056376656,0.13905534242386453,0.24532006161440675,0.26455026455026454,0.10582010582010581,0.8225496208192957,8,2625.765983544362,0.06952767121193226,0.12266003080720338,182.56339398334833,42.9641237325395,0.09038597257551197,0.1594580400493644,233.3324121783529,25.422558421620998,0.11819704106028485,0.20852205237224575,288.3577697716922,14.866478800186677,0.16686641090863744,0.2943840739372881,278.15214556003605,7.459049259121441,digital_ads,288.3577697716922
tariff_16,LOW,tariff_6,unseen_target,0,,,1.095016725877962,1.174098553411852,1.1836415898082508,0.09221311475409837,0.0,0.12698924056376656,0.13905534242386453,0.24532006161440675,0.26455026455026454,0.10582010582010581,0.8225496208192957,8,2625.765983544362,0.06952767121193226,0.12266003080720338,182.56339398334833,42.9641237325395,0.09038597257551197,0.1594580400493644,233.3324121783529,25.422558421620998,0.11819704106028485,0.20852205237224575,288.3577697716922,14.866478800186677,0.16686641090863744,0.2943840739372881,278.15214556003605,7.459049259121441,digital_ads,288.3577697716922
tariff_16,LOW,tariff_7,unseen_target,0,,,1.095016725877962,1.174098553411852,1.1836415898082508,0.09221311475409837,0.0,0.12698924056376656,0.13905534242386453,0.24532006161440675,0.26455026455026454,0.10582010582010581,0.8225496208192957,8,2625.765983544362,0.06952767121193226,0.12266003080720338,182.56339398334833,42.9641237325395,0.09038597257551197,0.1594580400493644,233.3324121783529,25.422558421620998,0.11819704106028485,0.20852205237224575,288.3577697716922,14.866478800186677,0.16686641090863744,0.2943840739372881,278.15214556003605,7.459049259121441,digital_ads,288.3577697716922
tariff_16,LOW,tariff_3,unseen_target,0,,,1.0787299035581928,1.178210599772612,1.1877205973698268,0.09221311475409837,0.0,0.12698924056376656,0.13698709122628006,0.24487942767156395,0.21164021164021163,0.08465608465608465,0.8181230702472102,8,2625.765983544362,0.06849354561314003,0.12243971383578198,179.84802216332724,43.118881394028335,0.08904160929708205,0.15917162798651657,229.80242881232545,25.51413100238363,0.11643902754233802,0.20814751352082936,283.74163767765623,14.920028164023645,0.16438450947153604,0.2938553132058767,271.6352531919853,7.485916908685477,digital_ads,283.74163767765623
tariff_16,LOW,tariff_17,unseen_target,0,,,1.0461562589186542,1.1864520843310131,1.1958965458656554,0.09221311475409837,0.0,0.12698924056376656,0.13285058883111103,0.24405186127103443,0.10582010582010581,0.042328042328042326,0.8091554369816812,8,2625.765983544362,0.06642529441555552,0.12202593063551721,174.41727852328495,43.411804693828174,0.08635288274022218,0.1586337098261724,222.74246208027046,25.687458398714885,0.11292300050644437,0.20744408208037926,274.5093734895844,15.021385707206978,0.15942070659733323,0.2928622335252413,258.60146845588383,7.536771648234057,digital_ads,274.5093734895844
tariff_16,LOW,tariff_15,unseen_target,0,,,0.9647221473198077,1.207154473671616,1.2164382118732526,0.09221311475409837,0.0,0.12698924056376656,0.1225093328431885,0.24230029851280455,-0.1587301587301588,-0.06349206349206353,0.786131837742307,8,2625.765983544362,0.06125466642159425,0.12115014925640227,160.84041942317924,44.04171177939054,0.07963106634807253,0.15749519403332296,205.092545250133,26.06018448484647,0.10413293291671022,0.20595525373588386,251.42871301940465,15.239346636467316,0.1470111994118262,0.29076035821536544,226.01700661563012,7.646130517255302,digital_ads,251.42871301940465
tariff_16,LOW,tariff_2,unseen_target,0,,,0.9500640072320153,1.2108954703524337,1.2201507448344413,0.09221311475409837,0.0,0.12698924056376656,0.12064790676536245,0.24203372259880196,-0.2063492063492064,-0.08253968253968257,0.7819055033415337,8,2625.765983544362,0.06032395338268123,0.12101686129940098,158.3965847851602,44.13878027807828,0.0784211393974856,0.15732191968922127,201.9155602207083,26.11762146631851,0.10255072075055807,0.20572866420898167,247.2741941347723,15.272934352276218,0.14477748811843494,0.29044046711856236,220.15180348438446,7.662982687166367,digital_ads,247.2741941347723
tariff_16,LOW,tariff_4,history_sparse,13,1.7455243860080623,0.059907834101382486,1.5344168195013252,0.36625389743866105,0.3957801376888553,0.06372626939136858,0.020645347095850555,0.07221132358054914,0.11080226946044727,0.07937531914225952,0.05291005291005291,0.021164021164021163,0.999947111318825,8,2625.765983544362,0.055401134730223636,0.03968765957112976,145.47041502437938,410.3941107332886,0.07202147514929072,0.05159395744246869,185.11153953169315,242.83675191318855,0.09418192904138017,0.0674690212709206,225.29970554144492,142.00488260667427,0.1329627233525367,0.09525038297071142,189.12899605851044,71.24897755786263,digital_ads,225.29970554144492
tariff_16,LOW,tariff_13,history_sparse,9,2.3373477257382316,0.041474654377880185,1.7364771770064156,0.4104321297925015,0.4369834472448685,0.05099538832963976,0.01859349944210463,0.05778534539927339,0.10034293345127092,0.07420288103165179,-0.2116402116402117,-0.08465608465608469,0.9999646299177928,8,2625.765983544362,0.05017146672563546,0.037101440515825895,131.73853067270142,469.6026655910787,0.06522290674332609,0.04823187267057367,167.26008987451183,277.8713997580346,0.08529149343358028,0.06307244887690402,201.9555021435924,162.49227183082306,0.12041152014152509,0.08904345723798214,156.17247361448335,81.52824055400671,digital_ads,201.9555021435924
tariff_16,LOW,tariff_1,history,27,0.2931742019558168,0.12442396313364056,0.39569060125404903,0.2798885294623569,0.31754934880204155,0.12022696012039871,0.027488293530656287,0.13623499387735682,0.05390690663917301,0.059574737310576074,-0.7354497354497355,-0.2941798941798942,0.8936317403490053,8,2625.765983544362,0.026953453319586505,0.029787368655288037,70.7734608656211,728.5306316451737,0.03503948931546246,0.03872357925187445,88.00549912530745,431.0832139912269,0.045820870643297054,0.05063852671398966,98.31488347155587,252.08672375265525,0.06468828796700761,0.07148968477269128,9.856306077490643,126.48101243839822,digital_ads,98.31488347155587
tariff_16,LOW,tariff_11,history_sparse,4,2.1796047622343737,0.018433179723502304,1.579508340074895,0.49844105990616594,0.5205223244015401,0.020871712721388165,0.012082599078103466,0.023650748983096197,0.03735655526781829,0.035449595991987055,0.8465608465608465,0.3386243386243386,0.9987951984435808,8,2625.765983544362,0.018678277633909144,0.017724797995993528,49.0447860423161,2057.545788563037,0.024281760924081887,0.02304223739479159,59.75822185501093,1217.4827151260572,0.03175307197764554,0.030132156593188995,61.37613627193737,711.9535600564144,0.04482786632138194,0.042539515190384465,-42.292513498441366,357.21281051441616,digital_ads,61.37613627193737
tariff_16,LOW,tariff_10,history_sparse,2,1.0,0.009216589861751152,1.1349704624916628,0.5531413468264431,0.5731189663315737,0.015377570007366283,0.010400165272791667,0.01742506966577393,0.019776939377512882,0.022966156872150395,0.5291005291005291,0.21164021164021163,0.9761673362695081,8,2625.765983544362,0.009888469688756441,0.011483078436075198,25.964807338046167,4902.24977050318,0.012855010595383375,0.014928001966897758,29.75424953946002,2900.7395091734793,0.01681039847088595,0.019521233341327836,22.14017247467848,1696.280197405945,0.023732327253015457,0.027559388246580472,-97.68446238868921,851.0850296012468,sms,29.75424953946002
tariff_17,LOW,tariff_8,history_sparse,15,1.0122740511161843,0.5357142857142857,1.054051644767024,0.3490761576693442,0.379939684493727,0.40589020306916257,0.0935871936010698,0.45993385572280154,0.4847940371086581,0.35226563029992963,0.15873015873015872,0.06349206349206349,0.9972336319053781,8,2914.638061663877,0.24239701855432905,0.17613281514996482,706.4995763122924,20.836825007612386,0.3151161241206278,0.22897265969495426,914.4494492059803,12.329482253025082,0.41207493154235936,0.29942578575494017,1179.049279730897,7.2099740510769506,0.5817528445303898,0.42271875635991557,1535.5989831495021,3.617504341599372,call,1535.5989831495021
tariff_17,LOW,tariff_9,history_sparse,4,2.1690954603883363,0.14285714285714285,1.3929561666845098,0.49844105990616594,0.5205223244015401,0.1776057060405362,0.07283620075500555,0.20125363105567506,0.28033748644665174,0.2361216820144685,-0.10582010582010581,-0.042328042328042326,0.9962754882337277,8,2914.638061663877,0.14016874322332587,0.11806084100723425,408.5411540542962,46.37675443377092,0.18221936619032364,0.15347909330940454,527.1035002705851,27.44186652885853,0.238286863479654,0.20070342971229824,672.5199618923036,16.04731987327714,0.3364049837359821,0.2833460184173622,820.498769730311,8.05151986697412,call,820.498769730311
tariff_17,LOW,tariff_11,no_history_for_cell,0,,,1.2415981267558855,0.6324535239762026,0.6499980461431535,0.09221311475409837,0.0,0.12698924056376656,0.15766960320212509,0.1876367646102346,0.7407407407407407,0.2962962962962963,0.9719434801996727,8,2914.638061663877,0.07883480160106254,0.0938183823051173,229.77491333017724,73.44060012605519,0.10248524208138131,0.1219638969966525,294.7073873292304,43.455976405949805,0.1340191627218063,0.1594912499186994,368.61735266130125,25.41197236195682,0.1892035238425501,0.2251641175322815,391.4597919924254,12.75010418855125,call,391.4597919924254
tariff_17,LOW,tariff_10,no_history_for_cell,0,,,1.14387719283727,0.6324535239762026,0.6499980461431535,0.09221311475409837,0.0,0.12698924056376656,0.14526009601661807,0.17843065064558317,0.42328042328042326,0.1693121693121693,0.9607805255088193,8,2914.638061663877,0.07263004800830904,0.08921532532279158,211.6903023454922,81.21442438475755,0.09441906241080175,0.11597992291962907,271.19739304913986,48.055872417016296,0.12347108161412534,0.1516660530487457,337.87351398733665,28.101876949743097,0.17431211521994167,0.21411678077469978,348.0567256291812,14.099726455687078,call,348.0567256291812
tariff_17,LOW,tariff_14,unseen_target,0,,,1.1389911461413391,1.1630255690862512,1.1726587203224978,0.09221311475409837,0.0,0.12698924056376656,0.1446396206573427,0.24659826908554666,0.4074074074074073,0.16296296296296292,0.8342979413378221,8,2914.638061663877,0.07231981032867135,0.12329913454277333,210.78607179625791,42.519881064433655,0.09401575342727278,0.16028887490560534,270.02189333513536,25.159692937534697,0.12294367755874129,0.20960852872271465,336.3363220536384,14.712761613990883,0.17356754478881126,0.295917922902656,345.886572311019,7.381923795908619,call,345.886572311019
tariff_17,LOW,tariff_19,unseen_target,0,,,1.1129322304297082,1.1695820948228406,1.179161683794968,0.09221311475409837,0.0,0.12698924056376656,0.1413304187412075,0.24582528346864924,0.3227513227513227,0.12910052910052908,0.8273726157700292,8,2914.638061663877,0.07066520937060375,0.12291264173432462,205.96350886700856,42.78770486817904,0.09186477218178489,0.159786434254622,263.7525615271112,25.31816856105269,0.12013085593002637,0.20895149094835186,328.13796507391453,14.805434210442574,0.169596502489449,0.29499034016237907,334.3124212808205,7.428420984058863,call,334.3124212808205
tariff_17,LOW,tariff_20,unseen_target,0,,,1.095016725877962,1.174098553411852,1.1836415898082508,0.09221311475409837,0.0,0.12698924056376656,0.13905534242386453,0.24532006161440675,0.26455026455026454,0.10582010582010581,0.8225496208192957,8,2914.638061663877,0.06952767121193226,0.12266003080720338,202.6479968531496,42.9641237325395,0.09038597257551197,0.1594580400493644,259.44239590909456,25.422558421620998,0.11819704106028485,0.20852205237224575,322.5015946503543,14.866478800186677,0.16686641090863744,0.2943840739372881,326.35519244755903,7.459049259121441,call,326.35519244755903
tariff_17,LOW,tariff_18,unseen_target,0,,,1.0787299035581928,1.178210599772612,1.1877205973698268,0.09221311475409837,0.0,0.12698924056376656,0.13698709122628006,0.24487942767156395,0.21164021164021163,0.08465608465608465,0.8181230702472102,8,2914.638061663877,0.06849354561314003,0.12243971383578198,199.63389502236882,43.118881394028335,0.08904160929708205,0.15917162798651657,255.52406352907946,25.51413100238363,0.11643902754233802,0.20814751352082936,317.3776215380269,14.920028164023645,0.16438450947153604,0.2938553132058767,319.12134805368504,7.485916908685477,call,319.12134805368504
tariff_17,LOW,tariff_21,no_history_for_cell,0,,,1.0787299035581928,0.6324535239762026,0.6499980461431535,0.09221311475409837,0.0,0.12698924056376656,0.13698709122628006,0.17246502616908096,0.21164021164021163,0.08465608465608465,0.9515014644924119,8,2914.638061663877,0.06849354561314003,0.08623251308454048,199.63389502236882,86.93006643607596,0.08904160929708205,0.11210226700990263,255.52406352907946,51.43790913377275,0.11643902754233802,0.14659527224371882,317.3776215380269,30.07960776334808,0.16438450947153604,0.20695803140289715,319.12134805368504,15.092025422929854,call,319.12134805368504
tariff_17,LOW,tariff_4,history_sparse,4,0.776578358179806,0.14285714285714285,0.914676069162291,0.49894583466030856,0.5210057062306247,0.13071638347109907,0.06424281193631141,0.14812106772076597,0.13548279598295174,0.1428299726128436,-0.05291005291005291,-0.021164021164021163,0.9604213799238732,8,2914.638061663877,0.06774139799147587,0.0714149863064218,197.44165693627647,126.7457433946075,0.08806381738891862,0.09283948219834835,252.67415401715942,74.9974812985843,0.11516037658550897,0.12140547672091706,313.65081679167,43.85665861405104,0.16257935517954206,0.17139596713541233,313.8599766470635,22.00446933934158,call,313.8599766470635
tariff_17,LOW,tariff_5,unseen_target,0,,,1.0624430812384233,1.182328463603243,1.1918056032115325,0.09221311475409837,0.0,0.12698924056376656,0.13491884002869553,0.2444566632688488,0.15873015873015872,0.06349206349206349,0.8136578924585842,8,2914.638061663877,0.06745942001434777,0.1222283316344244,196.61979319158792,43.26815031278511,0.0876972460186521,0.15889683112475173,251.60573114906433,25.60245580638172,0.11468101402439118,0.20778816377852147,312.2536484256994,14.971678308922186,0.16190260803443463,0.29334799592261857,311.887503659811,7.511831651525192,digital_ads,312.2536484256994
tariff_17,LOW,tariff_6,unseen_target,0,,,1.0624430812384233,1.182328463603243,1.1918056032115325,0.09221311475409837,0.0,0.12698924056376656,0.13491884002869553,0.2444566632688488,0.15873015873015872,0.06349206349206349,0.8136578924585842,8,2914.638061663877,0.06745942001434777,0.1222283316344244,196.61979319158792,43.26815031278511,0.0876972460186521,0.15889683112475173,251.60573114906433,25.60245580638172,0.11468101402439118,0.20778816377852147,312.2536484256994,14.971678308922186,0.16190260803443463,0.29334799592261857,311.887503659811,7.511831651525192,digital_ads,312.2536484256994
tariff_17,LOW,tariff_7,unseen_target,0,,,1.0624430812384233,1.182328463603243,1.1918056032115325,0.09221311475409837,0.0,0.12698924056376656,0.13491884002869553,0.2444566632688488,0.15873015873015872,0.06349206349206349,0.8136578924585842,8,2914.638061663877,0.06745942001434777,0.1222283316344244,196.61979319158792,43.26815031278511,0.0876972460186521,0.15889683112475173,251.60573114906433,25.60245580638172,0.11468101402439118,0.20778816377852147,312.2536484256994,14.971678308922186,0.16190260803443463,0.29334799592261857,311.887503659811,7.511831651525192,digital_ads,312.2536484256994
tariff_17,LOW,tariff_3,unseen_target,0,,,1.0461562589186542,1.1864520843310131,1.1958965458656554,0.09221311475409837,0.0,0.12698924056376656,0.13285058883111103,0.24405186127103443,0.10582010582010581,0.042328042328042326,0.8091554369816812,8,2914.638061663877,0.06642529441555552,0.12202593063551721,193.6056913608071,43.411804693828174,0.08635288274022218,0.1586337098261724,247.68739876904925,25.687458398714885,0.11292300050644437,0.20744408208037926,307.12967531337205,15.021385707206978,0.15942070659733323,0.2928622335252413,304.653659265937,7.536771648234057,digital_ads,307.12967531337205
tariff_17,LOW,tariff_16,unseen_target,0,,,0.981008969639577,1.203002950974241,1.2123184812798706,0.09221311475409837,0.0,0.12698924056376656,0.124577584040773,0.24261401570895713,-0.10582010582010581,-0.042328042328042326,0.7908001452365828,8,2914.638061663877,0.0622887920203865,0.12130700785447857,181.5492840376837,43.92788728049084,0.08097542962650246,0.15769911021082214,232.01406924898882,25.992832710349603,0.10589094643465705,0.20622191335261356,286.63378286406225,15.199960996709635,0.1494931008489276,0.29113681885074855,275.7182816904409,7.62636931952966,digital_ads,286.63378286406225
tariff_17,LOW,tariff_15,unseen_target,0,,,0.932148502680269,1.215473690468914,1.2246943668614312,0.09221311475409837,0.0,0.12698924056376656,0.1183728304480195,0.24172827038209888,-0.2645502645502646,-0.10582010582010584,0.7767095273973128,8,2914.638061663877,0.05918641522400975,0.12086413519104944,172.50697854534116,44.25039987878865,0.07694233979121268,0.15712337574836427,220.2590721089435,26.183668567330564,0.10061690588081655,0.20546902982478404,271.2618635270799,15.311557051483963,0.14204739653762338,0.29007392445851865,254.01674850881875,7.682361090067473,digital_ads,271.2618635270799
tariff_17,LOW,tariff_2,unseen_target,0,,,0.9174903625924767,1.219224278992018,1.2284168032404987,0.09221311475409837,0.0,0.12698924056376656,0.11651140437019344,0.24149507095159345,-0.3121693121693122,-0.12486772486772489,0.7724345607271227,8,2914.638061663877,0.05825570218509672,0.12074753547579672,169.79428689763841,44.335901834227485,0.07573241284062575,0.15697179611853573,216.73257296692995,26.234261440371295,0.09903469371466442,0.20527081030885444,266.65028772598527,15.341142503192902,0.13981368524423213,0.28979408514191213,247.50628855433217,7.697205179553383,digital_ads,266.65028772598527
tariff_17,LOW,tariff_13,history_sparse,3,0.4980510922296066,0.10714285714285714,0.7840280443890495,0.5232441874380602,0.5443201995955285,0.11620525763027718,0.06107554887397901,0.1316778079219806,0.10323909423450735,0.12339483440109106,-0.3174603174603175,-0.126984126984127,0.9251200704936013,8,2914.638061663877,0.051619547117253674,0.06169741720054553,150.45229675379943,169.81581346733876,0.06710541125242978,0.0802066423607092,191.58798577993926,100.4827298623306,0.08775323009933124,0.1048856092409274,233.768904481459,58.759797047522056,0.12388691308140881,0.14807380128130926,201.08551220911858,29.481912060301866,digital_ads,233.768904481459
tariff_17,LOW,tariff_12,history_sparse,1,3.0,0.03571428571428571,1.6169866050294015,0.5888285051415884,0.6076339428202456,0.03823460127603286,0.03654615062634293,0.04332547928956354,0.070056719667703,0.09409865709347638,1.2698412698412698,0.5079365079365079,0.9961059358070925,8,2914.638061663877,0.0350283598338515,0.04704932854673819,102.09499080940174,292.0150519209096,0.04553686778400695,0.06116412711075965,128.72348805222228,172.7899715508341,0.059548211717547546,0.07998385852945492,151.56148437598296,101.04327056086841,0.08406806360124358,0.11291838851217165,85.02797794256412,50.69705762515793,digital_ads,151.56148437598296
tariff_17,LOW,tariff_1,history_sparse,1,-0.2749888542131075,0.03571428571428571,0.6174810700202494,0.5888285051415884,0.6076339428202456,0.055600644416858164,0.043671341861881104,0.0630037842104815,0.03890364408961301,0.06834938335261076,-0.8412698412698413,-0.33650793650793653,0.8452342762552092,8,2914.638061663877,0.019451822044806506,0.03417469167630538,56.69502090050551,553.4812172330727,0.025287368658248457,0.044427099179196995,69.70352717065715,327.50367883613774,0.03306809747617106,0.058096975849719144,74.38153553085937,191.51599212217053,0.04668437290753562,0.08201926002313291,-23.931949838786778,96.09048910296401,digital_ads,74.38153553085937
tariff_2,HIGH,tariff_12,no_history_for_cell,0,,,0.040203810091283404,0.11045316698496423,0.18627909731638811,0.09221311475409837,0.0,0.12698924056376656,0.005105451311261974,0.0329332644980238,1.5820105820105819,0.6328042328042328,0.5854381790894654,7,5257.175817741207,0.002552725655630987,0.0164666322490119,13.420127586110793,2383.9795439552004,0.0033185433523202834,0.02140662192371547,13.446165861944031,1410.638783405444,0.004339633614572677,0.02799327482332023,0.8142168963883449,824.906416593495,0.006126541573514369,0.03951991739762856,-127.7916937933341,413.88533749222233,sms,13.446165861944031
tariff_2,HIGH,tariff_11,history_sparse,1,-0.2138263904358802,0.03571428571428571,-0.039640710225957054,0.1073858405684939,0.18447687864499981,0.0816962584627135,0.04465079311686836,0.09257398889837141,-0.0036696986683813063,0.022256229785570382,1.0529100529100528,0.42116402116402113,0.4149297660329992,7,5257.175817741207,-0.0018348493341906532,0.011128114892785191,-9.646125548905655,5219.980680978541,-0.0023853041344478495,0.014466549360620749,-16.539963213577355,3088.7459650760597,-0.0031192438681241106,0.018917795317734826,-38.398413433139616,1806.22168891991,-0.0044036384020575674,0.026707475742684457,-183.15070131737357,906.2466460032191,push,-9.646125548905655
tariff_2,HIGH,tariff_10,history_sparse,2,0.04878511203887491,0.07142857142857142,-0.058917599367664227,0.10456063830970955,0.18284673112673877,0.07688258199477832,0.04342875405637545,0.08711937885516649,-0.005132864660548457,0.021167417087976512,0.7354497354497355,0.2941798941798942,0.3736415138249814,7,5257.175817741207,-0.0025664323302742285,0.010583708543988256,-13.492185984586888,5770.804398802522,-0.003336362029356497,0.013758821107184734,-21.539841779962956,3414.677159054746,-0.0043629349614661885,0.017992304524780036,-44.936716173797706,1996.8181310735372,-0.0061594375926581485,0.025400900505571814,-192.38124636300853,1001.8757636809935,push,-13.492185984586888
tariff_2,HIGH,tariff_14,unseen_target,0,,,-0.07349140370991927,0.37782741553821525,0.4065139061979149,0.09221311475409837,0.0,0.12698924056376656,-0.009332617545087825,0.07163837648598326,0.7195767195767194,0.28783068783068777,0.4282683741581314,7,5257.175817741207,-0.004666308772543913,0.03581918824299163,-24.53160563713151,503.82605011627055,-0.006066201404307087,0.046564944715889116,-35.89108732827097,298.12192314572223,-0.00793272491332465,0.06089262001308577,-63.70372958312356,174.33427339663336,-0.01119914105410539,0.08596605178317991,-218.87585352911563,87.46980036740807,push,-24.53160563713151
tariff_2,HIGH,tariff_19,unseen_target,0,,,-0.08465167009531338,0.35617882456685224,0.38647555559158525,0.09221311475409837,0.0,0.12698924056376656,-0.010749851297858356,0.06834910174002047,0.6349206349206349,0.25396825396825395,0.41331139506083103,7,5257.175817741207,-0.005374925648929178,0.034174550870010235,-28.256929143707435,553.4857781591537,-0.006987403343607932,0.04442691613101331,-40.73400788681967,327.5063776089666,-0.0091373736031796,0.0580967364790174,-70.03677954430263,191.51757029728498,-0.012899821557430026,0.08201892208802457,-227.81662994489784,96.0912809304086,push,-28.256929143707435
tariff_2,HIGH,tariff_20,unseen_target,0,,,-0.09232435323527184,0.34137482780629946,0.3728763508990354,0.09221311475409837,0.0,0.12698924056376656,-0.011724199502888095,0.06614688927766992,0.5767195767195767,0.23068783068783072,0.40222178026392724,7,5257.175817741207,-0.005862099751444048,0.03307344463883496,-30.818089054478385,590.9534036872891,-0.007620729676877263,0.042995478030485444,-44.06351577082191,349.67657022916507,-0.009965569577454881,0.05622485588601943,-74.39075139261325,204.4821466045983,-0.014069039403465714,0.07937626713320389,-233.96341373074813,102.59607702904326,push,-30.818089054478385
tariff_2,HIGH,tariff_18,unseen_target,0,,,-0.09929951972614318,0.3279813268862011,0.3606546142586187,0.09221311475409837,0.0,0.12698924056376656,-0.012609970598369678,0.06419155298524591,0.5238095238095238,0.20952380952380956,0.3915308427633722,7,5257.175817741207,-0.006304985299184839,0.032095776492622956,-33.14641624608834,627.503746983248,-0.008196480888940292,0.04172450944040985,-47.090341119914854,371.30399229777964,-0.010718475008614226,0.05456282003745902,-78.34890761835018,217.12932421565677,-0.015131964718043614,0.07702986358229509,-239.55139899061203,108.94162274014721,push,-33.14641624608834
tariff_2,HIGH,tariff_21,no_history_for_cell,0,,,-0.09929951972614318,0.11045316698496423,0.18627909731638811,0.09221311475409837,0.0,0.12698924056376656,-0.012609970598369678,0.03469557913197723,0.5238095238095238,0.20952380952380956,0.29699308030958993,7,5257.175817741207,-0.006304985299184839,0.017347789565988616,-33.14641624608834,2147.9482150283457,-0.008196480888940292,0.022552126435785202,-47.090341119914854,1270.9752751647015,-0.010718475008614226,0.029491242262180646,-78.34890761835018,743.2346764803965,-0.015131964718043614,0.04163469495837268,-239.55139899061203,372.90767622019894,push,-33.14641624608834
tariff_2,HIGH,tariff_5,unseen_target,0,,,-0.1062746862170145,0.3146575530734279,0.34858194977100737,0.09221311475409837,0.0,0.12698924056376656,-0.013495741693851262,0.06228499780338447,0.47089947089947093,0.1883597883597884,0.3802298435158705,7,5257.175817741207,-0.006747870846925631,0.031142498901692236,-35.4747434376983,666.5077165932402,-0.00877223210100332,0.04048524857219991,-50.11716646900779,394.38326425635523,-0.01147138043977357,0.0529422481328768,-82.3070638440871,230.62550747170945,-0.016194890032621513,0.07474199736406137,-245.13938425047593,115.71314524188196,push,-35.4747434376983
tariff_2,HIGH,tariff_6,unseen_target,0,,,-0.1062746862170145,0.3146575530734279,0.34858194977100737,0.09221311475409837,0.0,0.12698924056376656,-0.013495741693851262,0.06228499780338447,0.47089947089947093,0.1883597883597884,0.3802298435158705,7,5257.175817741207,-0.006747870846925631,0.031142498901692236,-35.4747434376983,666.5077165932402,-0.00877223210100332,0.04048524857219991,-50.11716646900779,394.38326425635523,-0.01147138043977357,0.0529422481328768,-82.3070638440871,230.62550747170945,-0.016194890032621513,0.07474199736406137,-245.13938425047593,115.71314524188196,push,-35.4747434376983
tariff_2,HIGH,tariff_7,unseen_target,0,,,-0.1062746862170145,0.3146575530734279,0.34858194977100737,0.09221311475409837,0.0,0.12698924056376656,-0.013495741693851262,0.06228499780338447,0.47089947089947093,0.1883597883597884,0.3802298435158705,7,5257.175817741207,-0.006747870846925631,0.031142498901692236,-35.4747434376983,666.5077165932402,-0.00877223210100332,0.04048524857219991,-50.11716646900779,394.38326425635523,-0.01147138043977357,0.0529422481328768,-82.3070638440871,230.62550747170945,-0.016194890032621513,0.07474199736406137,-245.13938425047593,115.71314524188196,push,-35.4747434376983
tariff_2,HIGH,tariff_1,history_sparse,1,-0.6968949562158235,0.03571428571428571,-0.2632330414231764,0.1073858405684939,0.18447687864499981,0.047414686357540294,0.034645218037655745,0.053727878498695536,-0.014142952866426509,0.01968309211037728,-0.5291005291005291,-0.21164021164021163,0.07680202945918035,7,5257.175817741207,-0.0070714764332132545,0.00984154605518864,-37.17599490041556,6673.9882720753485,-0.009192919363177232,0.012794009871745232,-52.32879337054024,3949.1054864351167,-0.012021509936462534,0.016730628293820687,-85.19919133070647,2309.3385024482172,-0.01697154343971181,0.023619710532452733,-249.22238776099735,1158.6785194575257,push,-37.17599490041556
tariff_2,HIGH,tariff_3,unseen_target,0,,,-0.11324985270788583,0.3014127532473579,0.3366743943636829,0.09221311475409837,0.0,0.12698924056376656,-0.014381512789332845,0.06043184087252554,0.417989417989418,0.16719576719576723,0.36829292620546855,7,5257.175817741207,-0.007190756394666422,0.03021592043626277,-37.80307062930826,708.0117105459838,-0.00934798331306635,0.0392806965671416,-53.14399181810074,418.9418405597537,-0.012224285870932916,0.051367064741646706,-86.26522006982403,244.98675105397365,-0.01725781534719941,0.07251820904703064,-250.72736951033983,122.91869974756666,push,-37.80307062930826
tariff_2,HIGH,tariff_17,unseen_target,0,,,-0.1272001856896285,0.27520562063620413,0.31342963106534505,0.09221311475409837,0.0,0.12698924056376656,-0.016153054980296008,0.05690644217033352,0.3121693121693122,0.12486772486772489,0.3424325397287914,7,5257.175817741207,-0.008076527490148004,0.02845322108516676,-42.45972501252817,798.4527494029821,-0.010499485737192407,0.03698918741071679,-59.19764251628663,472.457248167445,-0.013730096733251606,0.04837047584478349,-94.18153252129788,276.28122816712187,-0.01938366597635521,0.06828773060440022,-261.9033400300676,138.6202689935733,push,-42.45972501252817
tariff_2,HIGH,tariff_9,no_history_for_cell,0,,,-0.14115051867137116,0.11045316698496423,0.18627909731638811,0.09221311475409837,0.0,0.12698924056376656,-0.017924597171259177,0.036732328700287704,0.2063492063492064,0.08253968253968257,0.224304295501895,7,5257.175817741207,-0.008962298585629589,0.018366164350143852,-47.11637939574809,1916.3514732066023,-0.011650988161318465,0.02387601365518701,-65.25129321447253,1133.9357829624864,-0.015235907595570298,0.031222479395244546,-102.09784497277174,663.0973955732189,-0.02150951660551101,0.044078794440345244,-273.0793105497954,332.69990854281303,push,-47.11637939574809
tariff_2,HIGH,tariff_16,unseen_target,0,,,-0.14115051867137116,0.24947386278897052,0.2910965616678598,0.09221311475409837,0.0,0.12698924056376656,-0.017924597171259177,0.05366155777078629,0.2063492063492064,0.08253968253968257,0.313876326817566,7,5257.175817741207,-0.008962298585629589,0.026830778885393144,-47.11637939574809,897.9363172127945,-0.011650988161318465,0.034880012551011086,-65.25129321447253,531.3232646229554,-0.015235907595570298,0.04561232410516834,-102.09784497277174,310.7046080321089,-0.02150951660551101,0.06439386932494354,-273.0793105497954,155.89172173833245,push,-47.11637939574809
tariff_2,HIGH,tariff_15,unseen_target,0,,,-0.16207601814398515,0.21214540779032728,0.25981854061349097,0.09221311475409837,0.0,0.12698924056376656,-0.020581910457703925,0.04943985678554593,0.0476190476190476,0.019047619047619042,0.2663779372334685,7,5257.175817741207,-0.010290955228851963,0.024719928392772966,-54.101360970577964,1057.8343875429484,-0.013378241797507552,0.032135906910604854,-74.33176926175136,625.9375074218631,-0.017494623889048332,0.04202387826771404,-113.97231364998251,366.03266004946306,-0.02469829254924471,0.059327828142655116,-289.8432663293871,183.65180339287298,push,-54.101360970577964
tariff_2,HIGH,tariff_13,history_sparse,3,-0.0778710631067011,0.10714285714285714,-0.1814203008241777,0.10497822658854981,0.1830858488733548,0.10966078936450839,0.050937585024474576,0.12426195383047976,-0.02254364104492572,0.03306263055337442,-0.005291005291005306,-0.0021164021164021226,0.16086649511487888,7,5257.175817741207,-0.01127182052246286,0.01653131527668721,-59.2579422726108,2365.3601742628903,-0.014653366679201718,0.021490709859693372,-81.03532495439404,1399.6214048892843,-0.019162094888186862,0.028103235970368255,-122.73850186343836,818.4637281186473,-0.027052369253910864,0.0396751566640493,-302.2190614542659,410.652808031752,push,-59.2579422726108
tariff_2,HIGH,tariff_4,history_sparse,5,0.013995649193879661,0.17857142857142858,-0.13220495344675304,0.10136018778465442,0.18103559779154046,0.2018737207879869,0.06543507676611274,0.22875289442575178,-0.030242265758366527,0.053071710502353625,0.2592592592592593,0.10370370370370373,0.2326124334316555,7,5257.175817741207,-0.015121132879183263,0.026535855251176813,-79.49445410929371,918.0068428861517,-0.01965747274293824,0.034496611826529855,-107.34279034208183,543.1993153172496,-0.025705925894611546,0.04511095392700058,-157.1405719857993,317.64942660420473,-0.036290718910039835,0.06368605260282435,-350.7866898623049,159.37618800106796,push,-79.49445410929371
tariff_2,HIGH,tariff_8,history_sparse,16,0.017075046275424513,0.5714285714285714,-0.09737676410277481,0.0862963610868733,0.1730521942560568,0.45339755124751724,0.08115406690222134,0.5137667338204113,-0.05002894204308329,0.10624914584889979,0.47089947089947093,0.1883597883597884,0.28681901282402444,7,5257.175817741207,-0.025014471021541643,0.053124572924449893,-131.50547214803692,229.04519956062344,-0.03251881232800414,0.06906194480178486,-174.95711379244798,135.5297038820257,-0.04252460073662079,0.09031177397156481,-245.5593026516627,79.25439431163441,-0.060034730451699936,0.12749897501867974,-475.61313315528855,39.76479159038602,push,-131.50547214803692
tariff_20,MID,tariff_8,history,31,0.40850721588408107,0.4626865671641791,0.32570315855997345,0.134350371363154,0.20137036099043323,0.44984892847770847,0.05473004673530716,0.5097456174182847,0.16602575765523916,0.14860138741607878,-0.10582010582010581,-0.042328042328042326,0.9471076253729067,7,5750.972791130415,0.08301287882761958,0.07430069370803939,477.40480745104634,117.09176713246853,0.10791674247590546,0.09659090182045121,616.6262496863603,69.28506930915299,0.14112189400695327,0.12631117930366698,789.5881726667786,40.516182398778035,0.19923090918628697,0.17832166489929455,985.771537882511,20.328431793831346,call,985.771537882511
tariff_20,MID,tariff_14,unseen_target,0,,,0.27049371041563675,0.3106406398723566,0.3449602979189158,0.09221311475409837,0.0,0.12698924056376656,0.03434979086295711,0.06853530209729958,0.14285714285714274,0.0571428571428571,0.7835180762715162,7,5750.972791130415,0.017174895431478553,0.03426765104864979,98.77235631694323,550.4823843441505,0.02232736406092212,0.044547946363244724,124.40406321202622,325.7292215054145,0.029197322233513536,0.05825500678270464,145.91300573880346,190.47833368309705,0.04121974903554852,0.0822423625167595,77.05365516066374,95.56985839308169,digital_ads,145.91300573880346
tariff_20,MID,tariff_19,unseen_target,0,,,0.23765679624845787,0.3113458685048091,0.3455955003107157,0.09221311475409837,0.0,0.12698924056376656,0.03017985607040947,0.066852626536289,0.058201058201058135,0.023280423280423256,0.7541707295361166,7,5750.972791130415,0.015089928035204736,0.0334263132681445,86.78176555057848,578.5423288305121,0.01961690644576616,0.04345420724858785,108.81629521575205,342.33273895296566,0.02565287765984805,0.05682473255584564,125.52900143598342,200.18765703477928,0.03621582728449137,0.0802231518435468,48.27623732138838,100.44137653307503,digital_ads,125.52900143598342
tariff_20,MID,tariff_12,history_sparse,3,0.35934246359095506,0.04477611940298507,0.567121856353119,0.20819910829038596,0.2566064470992727,0.043812664490949914,0.022517637262767738,0.049646252992655765,0.028155475158171524,0.027522106268619,1.0052910052910051,0.4021164021164021,0.9864503406713334,7,5750.972791130415,0.014077737579085762,0.0137610531343095,80.96068577799637,3413.569535407731,0.01830105885281149,0.01788936907460235,101.24889151139529,2019.8636304187758,0.023932153884445796,0.02339379032832615,115.63316582259384,1181.1659292068277,0.033786570189805826,0.0330265275223428,34.30564586719129,592.6335998971756,digital_ads,115.63316582259384
tariff_20,MID,tariff_18,unseen_target,0,,,0.1945583464040356,0.31227417507256633,0.34643204300014135,0.09221311475409837,0.0,0.12698924056376656,0.024706816655190703,0.06494365627549438,-0.05291005291005291,-0.021164021164021163,0.7128077861569224,7,5750.972791130415,0.012353408327595352,0.03247182813774719,71.04411516972476,613.0538413174914,0.01605943082587396,0.04221337657907135,88.35734972064219,362.7537522588705,0.021000794156912098,0.05520210783417022,98.77499578853208,212.12935685726347,0.029648179986228845,0.07793238753059326,10.505876407339429,106.43295856206446,digital_ads,98.77499578853208
tariff_20,MID,tariff_21,no_history_for_cell,0,,,0.1945583464040356,0.22578534174760773,0.27107013953603226,0.09221311475409837,0.0,0.12698924056376656,0.024706816655190703,0.05286261815667614,-0.05291005291005291,-0.021164021164021163,0.7635417209325244,7,5750.972791130415,0.012353408327595352,0.02643130907833807,71.04411516972476,925.2833579727007,0.01605943082587396,0.03436070180183949,88.35734972064219,547.5049455459767,0.021000794156912098,0.04493322543317472,98.77499578853208,320.16725189366815,0.029648179986228845,0.06343514178801136,10.505876407339429,160.63947187026056,digital_ads,98.77499578853208
tariff_20,MID,tariff_10,history_sparse,5,0.16636241401049884,0.07462686567164178,0.26483114063352636,0.19814894826465615,0.2485216403019853,0.08017228896751356,0.02987561666676663,0.09084710522236458,0.024059142499292804,0.031828067375622486,0.15873015873015872,0.06349206349206349,0.8567036468631197,7,5750.972791130415,0.012029571249646402,0.015914033687811243,69.18173694568117,2552.4165465604565,0.01563844262454032,0.020688243794154616,85.93625802938551,1510.3056488523416,0.02045027112439888,0.027053857269279113,95.60895280765796,883.1891164569055,0.02887097099915136,0.03819368085074698,6.036168669634776,443.12787266674604,digital_ads,95.60895280765796
tariff_20,MID,tariff_5,unseen_target,0,,,0.1740352750495488,0.3127172935012073,0.34683152344433776,0.09221311475409837,0.0,0.12698924056376656,0.022100607409848434,0.06416219058246955,-0.10582010582010581,-0.042328042328042326,0.6920910421938307,7,5750.972791130415,0.011050303704924217,0.032081095291234776,63.5499959407468,628.0782047283952,0.014365394816401483,0.04170542387860521,78.61499472297083,371.6439081233109,0.018785516298371167,0.05453786199509912,86.03499309926954,217.32809852193608,0.02652072889181812,0.07699462869896347,-7.480009742207699,109.04135498756862,digital_ads,86.03499309926954
tariff_20,MID,tariff_6,unseen_target,0,,,0.1740352750495488,0.3127172935012073,0.34683152344433776,0.09221311475409837,0.0,0.12698924056376656,0.022100607409848434,0.06416219058246955,-0.10582010582010581,-0.042328042328042326,0.6920910421938307,7,5750.972791130415,0.011050303704924217,0.032081095291234776,63.5499959407468,628.0782047283952,0.014365394816401483,0.04170542387860521,78.61499472297083,371.6439081233109,0.018785516298371167,0.05453786199509912,86.03499309926954,217.32809852193608,0.02652072889181812,0.07699462869896347,-7.480009742207699,109.04135498756862,digital_ads,86.03499309926954
tariff_20,MID,tariff_7,unseen_target,0,,,0.1740352750495488,0.3127172935012073,0.34683152344433776,0.09221311475409837,0.0,0.12698924056376656,0.022100607409848434,0.06416219058246955,-0.10582010582010581,-0.042328042328042326,0.6920910421938307,7,5750.972791130415,0.011050303704924217,0.032081095291234776,63.5499959407468,628.0782047283952,0.014365394816401483,0.04170542387860521,78.61499472297083,371.6439081233109,0.018785516298371167,0.05453786199509912,86.03499309926954,217.32809852193608,0.02652072889181812,0.07699462869896347,-7.480009742207699,109.04135498756862,digital_ads,86.03499309926954
tariff_20,MID,tariff_3,unseen_target,0,,,0.15351220369506202,0.3131610967625215,0.3472317274177366,0.09221311475409837,0.0,0.12698924056376656,0.019494398164506165,0.06346730197743004,-0.15873015873015872,-0.06349206349206349,0.6707926791477279,7,5750.972791130415,0.009747199082253083,0.03173365098871502,56.05587671176883,641.9068578297275,0.012671358806929009,0.04125374628532953,68.87263972529949,379.8265430945132,0.01657023843983024,0.05394720668081553,73.294990410007,222.11309959506147,0.023393277797407398,0.07616076237291605,-25.465895891754798,111.44216281766101,digital_ads,73.294990410007
tariff_20,MID,tariff_11,history_sparse,2,0.4323352975770276,0.029850746268656716,0.403262115295271,0.21338426372100788,0.2608310641080863,0.03468728522533547,0.020131246250008783,0.039305843594176666,0.01585055763125276,0.018985129332570603,0.47619047619047616,0.19047619047619047,0.9389557203463748,7,5750.972791130415,0.00792527881562638,0.009492564666285301,45.57806283078959,7173.729038497952,0.010302862460314295,0.012340334066170893,55.25148168002648,4244.81008195145,0.013472973986564845,0.016137359932685013,55.4827068123423,2482.259182871264,0.019020669157503313,0.022782155199084723,-50.61264920610496,1245.4390691836725,digital_ads,55.4827068123423
tariff_20,MID,tariff_17,unseen_target,0,,,0.11246606098608841,0.31405074616537,0.3480342959638111,0.09221311475409837,0.0,0.12698924056376656,0.014281979673821622,0.0623484754450764,-0.26455026455026454,-0.10582010582010581,0.6267078481422339,7,5750.972791130415,0.007140989836910811,0.0311742377225382,41.067638253812895,665.1512503626248,0.009283286787984056,0.04052650903929966,49.387929729956774,393.5806215163459,0.012139682722748379,0.05299620412831494,47.814985031481925,230.15614199398777,0.017138375608585946,0.07481817053409168,-61.43766819084905,115.4776476324001,sms,49.387929729956774
tariff_20,MID,tariff_16,unseen_target,0,,,0.0714199182771148,0.314943100165431,0.3488397287319962,0.09221311475409837,0.0,0.12698924056376656,0.00906956118313708,0.06160665873525812,-0.37037037037037035,-0.14814814814814814,0.5811106555962696,7,5750.972791130415,0.00453478059156854,0.03080332936762906,26.079399795856965,681.2660990829801,0.0058952147690391025,0.04004432817791778,29.903219734614055,403.11603496034314,0.007709127005666517,0.0523656599249694,22.334979652956832,235.73221421556408,0.010883473419764495,0.07392799048230975,-97.4094404899433,118.27536442412851,sms,29.903219734614055
tariff_20,MID,tariff_9,history_sparse,1,1.9557062380978945,0.014925373134328358,0.17797116011865724,0.21930867802270476,0.2656996354082301,0.017681997738443977,0.014499172244979819,0.020036328384448916,0.003565888607098755,0.00868617116746387,-0.37037037037037035,-0.14814814814814814,0.7485140051002326,7,5750.972791130415,0.0017829443035493775,0.004343085583731935,10.253664177813437,34270.09611062159,0.002317827594614191,0.005646011258851516,9.32976343115747,20278.163379066027,0.0030310053160339414,0.0073832454923442896,-4.568770897717158,11858.16474415972,0.0042790663285185064,0.010423405400956645,-135.39120597324774,5949.66946364958,push,10.253664177813437
tariff_20,MID,tariff_15,unseen_target,0,,,0.00985070421365436,0.3162866521904906,0.3500532050329898,0.09221311475409837,0.0,0.12698924056376656,0.0012509334471102625,0.06122890445802696,-0.5291005291005292,-0.21164021164021168,0.5112249901900195,7,5750.972791130415,0.0006254667235551313,0.03061445222901348,3.5970421089230493,689.6982294491506,0.0008131067406216707,0.03979878789771752,0.676154741599964,408.1054612125152,0.001063293430043723,0.05204456878932291,-15.885028414830817,238.64990638378916,0.0015011201365323149,0.07347468534963235,-151.3670989385847,119.73927594603312,push,3.5970421089230493
tariff_20,MID,tariff_2,unseen_target,0,,,-0.008620060005383734,0.31669088291890546,0.35041848599061654,0.09221311475409837,0.0,0.12698924056376656,-0.001094654873697778,0.06129009221265239,-0.5767195767195767,-0.23068783068783072,0.4901872768261783,7,5750.972791130415,-0.000547327436848889,0.030645046106326197,-3.1476651971571115,688.3218235996743,-0.0007115256679035557,0.03983855993822406,-8.091964756304243,407.29101988146414,-0.0009304566426431111,0.05209657838075453,-27.351030835167087,238.17364138397045,-0.0013135858484373333,0.07354811065518287,-167.55439647317706,119.5003165971657,push,-3.1476651971571115
tariff_20,MID,tariff_4,history_sparse,8,-0.31593124367616254,0.11940298507462686,-0.03943434742780056,0.18584475158755773,0.23882686551692847,0.1283361511496926,0.036795991915153516,0.14542391114782457,-0.005734697036512913,0.04109738861234503,-0.31746031746031744,-0.12698412698412698,0.43442599264707493,7,5750.972791130415,-0.0028673485182564564,0.020548694306172514,-16.490043311180994,1530.8887610883871,-0.0037275530737333937,0.02671330259802427,-25.437056304535293,905.8513379221224,-0.004874492481035976,0.034932780320493274,-50.03307362900769,529.7192944942515,-0.006881636443815496,0.04931686633481403,-199.5761039468344,265.7792988000672,push,-16.490043311180994
tariff_20,MID,tariff_13,history_sparse,8,-0.14843866744614684,0.11940298507462686,-0.06230678385658128,0.18650061946663682,0.23933758806639477,0.12050069593572361,0.03581492284244689,0.1365451771930412,-0.008507690842025411,0.03900333651135202,-0.5820105820105821,-0.23280423280423285,0.3973045691256032,7,5750.972791130415,-0.004253845421012706,0.01950166825567601,-24.463749273918776,1699.6854973845764,-0.005529999047316517,0.025352168732378815,-35.80287405609441,1005.7310635411692,-0.007231537215721599,0.03315283603464922,-63.58837376566192,588.1264696832443,-0.010209229010430493,0.04680400381362242,-218.71299825740505,295.0842877403778,push,-24.463749273918776
tariff_20,MID,tariff_1,history_sparse,9,-0.14739013537669854,0.13432835820895522,-0.2003616594973037,0.1831133945873227,0.23670765783407294,0.12398444656468183,0.036256928042360095,0.1404927838291158,-0.0281493673153976,0.04305301719317898,-1.1058201058201058,-0.44232804232804235,0.19865033297767237,7,5750.972791130415,-0.0140746836576988,0.02152650859658949,-80.94312275919371,1394.970114970635,-0.018297088755008437,0.027984461175566338,-109.2260595869518,825.4261035329201,-0.023926962218087957,0.03659506461420213,-159.6033086906293,482.68862109710557,-0.03377924077847712,0.051663620631814774,-354.26349462206485,242.18231162684637,push,-80.94312275919371
tariff_20,LOW,tariff_8,history_sparse,4,1.7258594756830763,0.19047619047619047,1.2758858481890873,0.49802217843521274,0.520121226459135,0.2015464241622385,0.0826089895502807,0.228382018760591,0.29138938571749273,0.2521772409938261,-0.10582010582010581,-0.042328042328042326,0.9929175612468858,5,3654.8987591266414,0.14569469285874637,0.12608862049691305,532.4993521407692,40.659338717321724,0.18940310071637026,0.16391520664598697,688.249157783,24.058780306107533,0.2476809778598688,0.2143506548447522,883.2488986393076,14.0689753347134,0.3496672628609912,0.3026126891925913,1117.998445137846,7.058912971757244,call,1117.998445137846
tariff_20,LOW,tariff_13,history_sparse,5,2.1512835765548792,0.23809523809523808,1.412888057786607,0.4767764532231833,0.4998157524009005,0.1798899889290306,0.0790959925944012,0.20384206267713953,0.28800601603111947,0.24506159271643238,-0.5820105820105821,-0.23280423280423285,0.9976493464488612,5,3654.8987591266414,0.14400300801555974,0.12253079635821619,526.316415306573,43.054800903198604,0.18720391042022766,0.15929003526568106,680.211339898545,25.47621355218852,0.24480511362645155,0.20830235380896753,872.7379060211742,14.897854983805745,0.3456072192373434,0.2940739112597188,1103.1593967357755,7.474791823471984,call,1103.1593967357755
tariff_20,LOW,tariff_9,history_sparse,2,1.0183358624178047,0.09523809523809523,0.9589114221997643,0.5534398874088373,0.573407105794048,0.15163527242539124,0.07385949705225993,0.17182527437919887,0.16476521822482232,0.17720758110205828,-0.37037037037037035,-0.14814814814814814,0.9527678774875392,5,3654.8987591266414,0.08238260911241116,0.08860379055102914,301.1000958185667,82.33936130249545,0.10709739184613451,0.11518492771633788,387.4301245641367,48.72151556360676,0.14005043549109897,0.15062644393674954,489.8701628915634,28.49112847837212,0.19771826186978678,0.21264909732246992,562.64022996456,14.29502800390546,call,562.64022996456
tariff_20,LOW,tariff_10,history_sparse,2,1.8936938818124869,0.09523809523809523,1.257854989776668,0.5531413468264431,0.5731189663315737,0.10790275683243775,0.06389064834733778,0.12226984198632275,0.1537977308417008,0.16088032931034096,0.15873015873015872,0.06349206349206349,0.9859093659368976,5,3654.8987591266414,0.0768988654208504,0.08044016465517048,281.05756780491276,99.90016274079866,0.09996852504710553,0.10457221405172162,361.3748381463866,59.11252233183354,0.1307280712154457,0.13674827991378982,455.79786526835164,34.56753036013795,0.18455727701004096,0.19305639517240916,514.5381627317905,17.34377825361088,call,514.5381627317905
tariff_20,LOW,tariff_14,unseen_target,0,,,1.0575570345424925,1.183564948083588,1.193032265419551,0.09221311475409837,0.0,0.12698924056376656,0.13429836466942016,0.2443333324782227,0.14285714285714274,0.0571428571428571,0.8123110082914775,5,3654.8987591266414,0.06714918233471008,0.12216666623911135,245.42346319150047,43.311841788843914,0.08729393703512311,0.15881666611084475,315.0505021489506,25.628308750795227,0.11415360996900713,0.2076833326064893,395.2198874255507,14.986796466727998,0.1611580376033042,0.2931999989738672,429.0163116596011,7.519416977229848,call,429.0163116596011
tariff_20,LOW,tariff_19,unseen_target,0,,,1.0314981188308618,1.1901682156783358,1.1995834200300342,0.09221311475409837,0.0,0.12698924056376656,0.13098916275328498,0.24370297139060437,0.058201058201058135,0.023280423280423256,0.805072478133143,5,3654.8987591266414,0.06549458137664249,0.12185148569530219,239.37606420300946,43.536192023798236,0.08514295578963525,0.15840693140389284,307.18888346391236,25.76106036911138,0.11134078834029222,0.20714752568201372,384.93930914511606,15.064426305812535,0.15718699530394198,0.29244356566872526,414.50255408722273,7.558366670798304,call,414.50255408722273
tariff_20,LOW,tariff_18,unseen_target,0,,,0.9972957919593463,1.1988568934352428,1.208204391209203,0.09221311475409837,0.0,0.12698924056376656,0.1266458352383575,0.24294610766791105,-0.05291005291005291,-0.021164021164021163,0.795438040299286,5,3654.8987591266414,0.06332291761917876,0.12147305383395553,231.43885303061498,43.80787607491104,0.0823197929049324,0.1579149699841422,296.8705089397995,25.921820162669256,0.10764895995260387,0.2065041915177244,371.4460501520454,15.1584346279969,0.151975002286029,0.2915353292014933,395.4532472734759,7.605534040783167,call,395.4532472734759
tariff_20,LOW,tariff_21,no_history_for_cell,0,,,0.9972957919593463,0.6324535239762026,0.6499980461431535,0.09221311475409837,0.0,0.12698924056376656,0.1266458352383575,0.16522745956172585,-0.05291005291005291,-0.021164021164021163,0.9375227839732319,5,3654.8987591266414,0.06332291761917876,0.08261372978086293,231.43885303061498,94.71257363502328,0.0823197929049324,0.10739784871512181,296.8705089397995,56.04294297930371,0.10764895995260387,0.14044334062746697,371.4460501520454,32.77251682872778,0.151975002286029,0.198272951474071,395.4532472734759,16.443155144969325,call,395.4532472734759
tariff_20,LOW,tariff_5,unseen_target,0,,,0.981008969639577,1.203002950974241,1.2123184812798706,0.09221311475409837,0.0,0.12698924056376656,0.124577584040773,0.24261401570895713,-0.10582010582010581,-0.042328042328042326,0.7908001452365828,5,3654.8987591266414,0.0622887920203865,0.12130700785447857,227.65922866280806,43.92788728049084,0.08097542962650246,0.15769911021082214,291.95699726165054,25.992832710349603,0.10589094643465705,0.20622191335261356,365.0206887267737,15.199960996709635,0.1494931008489276,0.29113681885074855,386.3821487907394,7.62636931952966,call,386.3821487907394
tariff_20,LOW,tariff_6,unseen_target,0,,,0.981008969639577,1.203002950974241,1.2123184812798706,0.09221311475409837,0.0,0.12698924056376656,0.124577584040773,0.24261401570895713,-0.10582010582010581,-0.042328042328042326,0.7908001452365828,5,3654.8987591266414,0.0622887920203865,0.12130700785447857,227.65922866280806,43.92788728049084,0.08097542962650246,0.15769911021082214,291.95699726165054,25.992832710349603,0.10589094643465705,0.20622191335261356,365.0206887267737,15.199960996709635,0.1494931008489276,0.29113681885074855,386.3821487907394,7.62636931952966,call,386.3821487907394
tariff_20,LOW,tariff_7,unseen_target,0,,,0.981008969639577,1.203002950974241,1.2123184812798706,0.09221311475409837,0.0,0.12698924056376656,0.124577584040773,0.24261401570895713,-0.10582010582010581,-0.042328042328042326,0.7908001452365828,5,3654.8987591266414,0.0622887920203865,0.12130700785447857,227.65922866280806,43.92788728049084,0.08097542962650246,0.15769911021082214,291.95699726165054,25.992832710349603,0.10589094643465705,0.20622191335261356,365.0206887267737,15.199960996709635,0.1494931008489276,0.29113681885074855,386.3821487907394,7.62636931952966,call,386.3821487907394
tariff_20,LOW,tariff_3,unseen_target,0,,,0.9647221473198077,1.207154473671616,1.2164382118732526,0.09221311475409837,0.0,0.12698924056376656,0.1225093328431885,0.24230029851280455,-0.15873015873015872,-0.06349206349206349,0.786131837742307,5,3654.8987591266414,0.06125466642159425,0.12115014925640227,223.87960429500117,44.04171177939054,0.07963106634807253,0.15749519403332296,287.04348558350154,26.06018448484647,0.10413293291671022,0.20595525373588386,358.595327301502,15.239346636467316,0.1470111994118262,0.29076035821536544,377.3110503080028,7.646130517255302,call,377.3110503080028
tariff_20,LOW,tariff_17,unseen_target,0,,,0.9321485026802692,1.215473690468914,1.2246943668614312,0.09221311475409837,0.0,0.12698924056376656,0.11837283044801951,0.24172827038209888,-0.26455026455026454,-0.10582010582010581,0.7767095273973128,5,3654.8987591266414,0.059186415224009754,0.12086413519104944,216.3203555593874,44.25039987878865,0.07694233979121269,0.15712337574836427,277.2164622272037,26.183668567330564,0.10061690588081657,0.20546902982478404,345.74460445095855,15.311557051483963,0.1420473965376234,0.29007392445851865,359.1688533425298,7.682361090067473,call,359.1688533425298
tariff_20,LOW,tariff_16,unseen_target,0,,,0.8995748580407306,1.2238141025855922,1.2329724075125843,0.09221311475409837,0.0,0.12698924056376656,0.11423632805285049,0.24123054814548048,-0.37037037037037035,-0.14814814814814814,0.7671821899774406,5,3654.8987591266414,0.05711816402642524,0.12061527407274024,208.7611068237736,44.43318874404093,0.07425361323435282,0.1567998562945623,267.3894388709057,26.29182765919582,0.09710087884492291,0.2050459659236584,332.8938816004151,15.374805793785791,0.13708359366342057,0.28947665777457654,341.02665637705655,7.714095268062663,call,341.02665637705655
tariff_20,LOW,tariff_15,unseen_target,0,,,0.8507143910814227,1.236363523367524,1.2454295491571405,0.09221311475409837,0.0,0.12698924056376656,0.10803157446009697,0.24062427817038248,-0.5291005291005292,-0.21164021164021168,0.7527183973770217,5,3654.8987591266414,0.05401578723004848,0.12031213908519124,197.4222337203529,44.65737597221054,0.07022052339906304,0.15640578081074863,252.64890383645877,26.424482823793216,0.09182683829108242,0.2045306364448251,313.6177973245999,15.452379229138595,0.12963788935211637,0.288749133804459,313.813360928847,7.753016661842108,call,313.813360928847
tariff_20,LOW,tariff_2,unseen_target,0,,,0.8360562509936302,1.240137248772224,1.2491758866518121,0.09221311475409837,0.0,0.12698924056376656,0.10617014838227092,0.24047539744825827,-0.5767195767195767,-0.23068783068783072,0.7483435534757854,5,3654.8987591266414,0.05308507419113546,0.12023769872412914,194.02057178932668,44.712688744891416,0.0690105964484761,0.15630900834136788,248.2267433261247,26.457212275083677,0.09024462612493027,0.20440408783101952,307.83497204185534,15.471518596848243,0.1274041780587251,0.28857047693790994,305.64937229438397,7.76261957376587,digital_ads,307.83497204185534
tariff_20,LOW,tariff_1,history_sparse,4,0.5180666842173198,0.19047619047619047,0.6093733098068331,0.49877935540720975,0.5208462780710175,0.14244679081106476,0.07197336356664,0.16141336065189185,0.09836099382748738,0.1315743148203937,-1.1058201058201058,-0.44232804232804235,0.8789930115448883,5,3654.8987591266414,0.04918049691374369,0.06578715741019685,179.74973714327342,149.35846949116626,0.0639346459878668,0.0855233046332559,229.67465828625546,88.37779259832323,0.08360684475336427,0.11183816759733464,283.57455314356486,51.68113131182223,0.11803319259298485,0.15788917778447242,271.39936914385623,25.930289842216368,digital_ads,283.57455314356486
tariff_20,LOW,tariff_4,history_sparse,2,-0.9852047722479302,0.09523809523809523,0.47029041277252914,0.5534398874088373,0.573407105794048,0.10338771085521724,0.0626977173419531,0.11715362462170974,0.055096226481141805,0.10109916654822461,-0.31746031746031744,-0.12698412698412698,0.7939399552829425,5,3654.8987591266414,0.027548113240570903,0.050549583274112304,100.68556489924279,252.97461182236256,0.03581254721274218,0.065714458256346,126.89123436901565,149.68911942151627,0.046831792508970536,0.08593429156599092,149.16546032871275,87.53446775860297,0.06611547177737016,0.12131899985786952,81.64535575818269,43.91920344138239,digital_ads,149.16546032871275
tariff_20,LOW,tariff_12,history_sparse,1,-0.8107022336493652,0.047619047619047616,1.0388252620611302,0.5888285051415884,0.6076339428202456,0.04492415869804143,0.04265538169284559,0.05090574093401425,0.052882169666193364,0.07979784716094435,1.0052910052910051,0.4021164021164021,0.9563322404939585,5,3654.8987591266414,0.026441084833096682,0.03989892358047217,96.63948814644732,406.05955951694114,0.034373410283025686,0.05186860065461383,121.63133459038151,240.2719287082492,0.044949844216264356,0.0678281700868027,142.28712984896043,140.50503789513536,0.06345860359943203,0.09575741659313321,71.93477155147355,70.49645130502454,digital_ads,142.28712984896043
tariff_20,LOW,tariff_11,history_sparse,1,-1.0,0.047619047619047616,0.8724367036751216,0.5888285051415884,0.6076339428202456,0.04791962360050195,0.043985388504460265,0.05430004735445337,0.047373354323322306,0.07510595709059732,0.47619047619047616,0.19047619047619047,0.9244694071226776,5,3654.8987591266414,0.023686677161661153,0.03755297854529866,86.5724069659887,458.3775291433816,0.030792680310159498,0.04881887210888826,108.54412905578532,271.22930718543284,0.04026735117482396,0.06384006352700772,125.17309184218081,158.6081415721044,0.05684802518798676,0.09012714850871678,47.77377671837286,79.57943214294819,digital_ads,125.17309184218081
tariff_21,HIGH,tariff_12,no_history_for_cell,0,,,-0.02885033816834276,0.11045316698496423,0.18627909731638811,0.09221311475409837,0.0,0.12698924056376656,-0.0036636825340056953,0.03276073329336922,1.0582010582010581,0.42328042328042326,0.43845916337590435,5,8012.7656323154615,-0.0018318412670028476,0.01638036664668461,-14.678114748097629,2409.155654828898,-0.002381393647103702,0.021294476640689994,-23.08154917252692,1425.5358904313002,-0.0031141301539048404,0.027846623299363833,-46.95279507176596,833.6178736432176,-0.004396419040806834,0.03931287995204306,-195.2274753954343,418.25619007446164,push,-14.678114748097629
tariff_21,HIGH,tariff_11,no_history_for_cell,0,,,-0.09860200307705605,0.11045316698496423,0.18627909731638811,0.09221311475409837,0.0,0.12698924056376656,-0.012521393488821522,0.034666808157932286,0.5291005291005291,0.21164021164021163,0.2982903432576618,5,8012.7656323154615,-0.006260696744410761,0.017333404078966143,-50.16549570796384,2151.5149816172184,-0.00813890576773399,0.022533425302655986,-69.215144420353,1273.0857879391824,-0.010643184465498293,0.029466786934242442,-107.28134270353853,744.4688517706637,-0.015025672186585825,0.04160016978951874,-280.3971896991132,373.5269065307671,push,-50.16549570796384
tariff_21,HIGH,tariff_10,no_history_for_cell,0,,,-0.14045300202228403,0.11045316698496423,0.18627909731638811,0.09221311475409837,0.0,0.12698924056376656,-0.01783602006171102,0.0366936548181754,0.21164021164021163,0.08465608465608465,0.22542692751652993,5,8012.7656323154615,-0.00891801003085551,0.0183468274090877,-71.45792428388357,1920.3931424001184,-0.011593413040112164,0.02385087563181401,-96.89530156904866,1136.327303195336,-0.015160617052454365,0.03118960659544909,-143.47847128260207,664.4958970242626,-0.02140322407405322,0.04403238578181048,-331.49901828132056,333.40158722224277,push,-71.45792428388357
tariff_21,HIGH,tariff_14,unseen_target,0,,,-0.14254555196954544,0.24693257795603032,0.2889216123034256,0.09221311475409837,0.0,0.12698924056376656,-0.018101751390355494,0.05335450643079599,0.19576719576719565,0.07830687830687827,0.3108752258914923,5,8012.7656323154615,-0.009050875695177747,0.026677253215397996,-72.52254571267956,908.3011737488537,-0.011766138403731072,0.034680429180017396,-98.27930942648344,537.4563158277241,-0.015386488681802169,0.04535133046617659,-145.28832771155524,314.2910635809182,-0.021722101668426592,0.06402540771695518,-334.0541097104309,157.69117599806495,push,-72.52254571267956
tariff_21,HIGH,tariff_19,unseen_target,0,,,-0.15370581835493954,0.22685552394524874,0.27196218256307864,0.09221311475409837,0.0,0.12698924056376656,-0.019518985143126024,0.051025347976494106,0.11111111111111105,0.044444444444444425,0.28597788001373065,5,8012.7656323154615,-0.009759492571563012,0.025512673988247053,-78.20052666625814,993.1163652034944,-0.012687340343031917,0.03316647618472117,-105.66068466613561,587.6428196470381,-0.01659113737165712,0.04337154578001999,-154.94089533263886,343.63888069325066,-0.023422782171751227,0.06123041757179293,-347.6812639990195,172.41603562560667,push,-78.20052666625814
tariff_21,HIGH,tariff_20,unseen_target,0,,,-0.16137850149489802,0.21335809025132002,0.26080965219042496,0.09221311475409837,0.0,0.12698924056376656,-0.020493333348155767,0.04956630586830286,0.05291005291005291,0.021164021164021163,0.2680373380774731,5,8012.7656323154615,-0.010246666674077884,0.02478315293415143,-82.10413857184344,1052.443969004916,-0.01332066667630125,0.032218098814396856,-110.73538014339648,622.7479106537967,-0.0174193333459324,0.04213135998805743,-161.57703557213384,364.16746332350044,-0.02459200001778692,0.05947956704196343,-357.04993257242427,182.71596684113126,push,-82.10413857184344
tariff_21,HIGH,tariff_18,unseen_target,0,,,-0.16835366798576934,0.20135257540262813,0.25108337185339663,0.09221311475409837,0.0,0.12698924056376656,-0.02137910444363735,0.04835080895192587,0.0,0.0,0.2512666761590585,5,8012.7656323154615,-0.010689552221818674,0.024175404475962933,-85.65287666783006,1106.0241238294327,-0.013896417888364277,0.031428025818751815,-115.34873966817908,654.4521442777706,-0.018172238777091745,0.041098187609136985,-167.6098903353111,382.7073092835407,-0.025654925332364818,0.05802097074231104,-365.56690400279217,192.01807705372093,push,-85.65287666783006
tariff_21,HIGH,tariff_5,unseen_target,0,,,-0.17532883447664066,0.18964886438026254,0.24179886633465264,0.09221311475409837,0.0,0.12698924056376656,-0.02226487553911893,0.047249378179461565,-0.05291005291005291,-0.021164021164021163,0.23419473777855127,5,8012.7656323154615,-0.011132437769559465,0.023624689089730783,-89.20161476381668,1158.1902218519479,-0.014472169100427305,0.03071209581665002,-119.96209919296169,685.3196579005607,-0.018925144208251088,0.04016197145254233,-173.64274509848832,400.7578622325079,-0.026717850646942716,0.05669925381535387,-374.08387543316,201.07469129374095,push,-89.20161476381668
tariff_21,HIGH,tariff_6,unseen_target,0,,,-0.17532883447664066,0.18964886438026254,0.24179886633465264,0.09221311475409837,0.0,0.12698924056376656,-0.02226487553911893,0.047249378179461565,-0.05291005291005291,-0.021164021164021163,0.23419473777855127,5,8012.7656323154615,-0.011132437769559465,0.023624689089730783,-89.20161476381668,1158.1902218519479,-0.014472169100427305,0.03071209581665002,-119.96209919296169,685.3196579005607,-0.018925144208251088,0.04016197145254233,-173.64274509848832,400.7578622325079,-0.026717850646942716,0.05669925381535387,-374.08387543316,201.07469129374095,push,-89.20161476381668
tariff_21,HIGH,tariff_7,unseen_target,0,,,-0.17532883447664066,0.18964886438026254,0.24179886633465264,0.09221311475409837,0.0,0.12698924056376656,-0.02226487553911893,0.047249378179461565,-0.05291005291005291,-0.021164021164021163,0.23419473777855127,5,8012.7656323154615,-0.011132437769559465,0.023624689089730783,-89.20161476381668,1158.1902218519479,-0.014472169100427305,0.03071209581665002,-119.96209919296169,685.3196579005607,-0.018925144208251088,0.04016197145254233,-173.64274509848832,400.7578622325079,-0.026717850646942716,0.05669925381535387,-374.08387543316,201.07469129374095,push,-89.20161476381668
tariff_21,HIGH,tariff_8,no_history_for_cell,0,,,-0.17532883447664066,0.11045316698496423,0.18627909731638811,0.09221311475409837,0.0,0.12698924056376656,-0.02226487553911893,0.03880258069160036,-0.05291005291005291,-0.021164021164021163,0.17329713402740587,5,8012.7656323154615,-0.011132437769559465,0.01940129034580018,-89.20161476381668,1717.3185749548848,-0.014472169100427305,0.025221677449540233,-119.96209919296169,1016.1648372514109,-0.018925144208251088,0.0329821935878603,-173.64274509848832,594.2278806072267,-0.026717850646942716,0.04656309682992043,-374.08387543316,298.1455859296675,push,-89.20161476381668
tariff_21,HIGH,tariff_3,unseen_target,0,,,-0.182304000967512,0.17830639667170362,0.23300895067367458,0.09221311475409837,0.0,0.12698924056376656,-0.023150646634600515,0.04627016007699332,-0.10582010582010581,-0.042328042328042326,0.21699254302149024,5,8012.7656323154615,-0.011575323317300257,0.02313508003849666,-92.7503528598033,1207.7306410835554,-0.015047920312490337,0.030075604050045657,-124.57545871774431,714.6335154340564,-0.019678049639410437,0.03932963606544432,-179.6755998616656,417.8998758074588,-0.027780775961520617,0.05552419209239198,-382.6008468635279,209.6754585214506,push,-92.7503528598033
tariff_21,HIGH,tariff_17,unseen_target,0,,,-0.19625433394925465,0.1570161499410456,0.2171498822065278,0.09221311475409837,0.0,0.12698924056376656,-0.024922188825563678,0.044709490641855816,-0.21164021164021163,-0.08465608465608465,0.18305772770860906,5,8012.7656323154615,-0.012461094412781839,0.022354745320927908,-99.84782905177654,1293.5185003720787,-0.016199422736616394,0.02906116891720628,-133.80217776730953,765.3955623503425,-0.021183860501729126,0.038003067045577446,-191.7413093880201,447.5842561841103,-0.029906626590676413,0.05365138877022698,-399.63478972426367,224.5691840923748,push,-99.84782905177654
tariff_21,HIGH,tariff_4,no_history_for_cell,0,,,-0.203229500440126,0.11045316698496423,0.18627909731638811,0.09221311475409837,0.0,0.12698924056376656,-0.025807959921045263,0.040722651822335226,-0.26455026455026454,-0.10582010582010581,0.13763761615770997,5,8012.7656323154615,-0.012903979960522631,0.020361325911167613,-103.39656714776316,1559.1933958106786,-0.016775173948679424,0.026469723684517898,-138.41553729209215,922.5996424915256,-0.021936765932888472,0.03461425404898494,-197.77416415119737,539.5132857476397,-0.030969551905254314,0.04886718218680227,-408.1517611546316,270.6932978837983,push,-103.39656714776316
tariff_21,HIGH,tariff_9,no_history_for_cell,0,,,-0.21020466693099732,0.11045316698496423,0.18627909731638811,0.09221311475409837,0.0,0.12698924056376656,-0.026693731016526844,0.04123135637874271,-0.31746031746031744,-0.12698412698412698,0.12956720472007122,5,8012.7656323154615,-0.013346865508263422,0.020615678189371354,-106.94530524374979,1520.9566812354763,-0.01735092516074245,0.02680038164618276,-143.02889681687472,899.9743675949564,-0.022689671364047818,0.0350466529219313,-203.80701891437462,526.2825886627946,-0.03203247721983221,0.04947762765449125,-416.6687325849995,264.05497938115906,push,-106.94530524374979
tariff_21,HIGH,tariff_16,unseen_target,0,,,-0.21020466693099732,0.1382951928523079,0.2040234309241393,0.09221311475409837,0.0,0.12698924056376656,-0.026693731016526844,0.04372451538915503,-0.31746031746031744,-0.12698412698412698,0.15143537462928913,5,8012.7656323154615,-0.013346865508263422,0.021862257694577517,-106.94530524374979,1352.4526814185053,-0.01735092516074245,0.028420935002950773,-143.02889681687472,800.267858827518,-0.022689671364047818,0.03716583808078178,-203.80701891437462,467.97670637318527,-0.03203247721983221,0.05246941846698604,-416.6687325849995,234.80081274626835,push,-106.94530524374979
tariff_21,HIGH,tariff_15,unseen_target,0,,,-0.2311301664036113,0.117697272082728,0.1906637035613116,0.09221311475409837,0.0,0.12698924056376656,-0.029351044302971592,0.04340601926685773,-0.4761904761904762,-0.1904761904761905,0.11271026355737962,5,8012.7656323154615,-0.014675522151485796,0.021703009633428864,-117.59151953170965,1372.3730188060742,-0.01907817879693154,0.028213912523457525,-156.86897539122256,812.0550407136534,-0.024948387657525852,0.03689511637682907,-221.9055832039064,474.8695566803025,-0.03522125316356591,0.05208722312022927,-442.2196468761032,238.25920465383237,push,-117.59151953170965
tariff_21,HIGH,tariff_2,unseen_target,0,,,-0.2374078162453955,0.1139184793080466,0.18835450599297549,0.09221311475409837,0.0,0.12698924056376656,-0.03014823828890502,0.04358712628428628,-0.5238095238095238,-0.20952380952380956,0.10375700254891829,5,8012.7656323154615,-0.01507411914445251,0.02179356314214314,-120.78538381809761,1360.9921344433587,-0.019596354887788263,0.028331632084786083,-161.0209989635269,805.3207896114548,-0.025626002545569262,0.037049057341643335,-227.33515249076592,470.9315344094666,-0.03617788594668602,0.05230455154114353,-449.8849211634343,236.28335667419424,push,-120.78538381809761
tariff_21,HIGH,tariff_13,no_history_for_cell,0,,,-0.23810533289448266,0.11045316698496423,0.18627909731638811,0.09221311475409837,0.0,0.12698924056376656,-0.030236815398453177,0.04336880981555588,-0.5291005291005292,-0.21164021164021168,0.10058624990997972,5,8012.7656323154615,-0.015118407699226588,0.02168440490777794,-121.14025762769627,1374.7289586457,-0.01965393000899457,0.028189726380111323,-161.4823349160052,813.4490879560356,-0.025701293088685198,0.0368634883432225,-227.93843796708364,475.68476077705895,-0.03628417847814381,0.05204257177866706,-450.73661830647103,238.66822198710076,push,-121.14025762769627
tariff_21,HIGH,tariff_1,no_history_for_cell,0,,,-0.3071594811541088,0.11045316698496423,0.18627909731638811,0.09221311475409837,0.0,0.12698924056376656,-0.03900594924372085,0.049246279269285355,-1.0529100529100528,-0.42116402116402113,0.04958192899785424,5,8012.7656323154615,-0.019502974621860424,0.024623139634642677,-156.27276477796383,1066.167013587597,-0.025353867008418553,0.03201008152503548,-207.15459421135301,630.8680553772763,-0.03315505685716271,0.04185933737889255,-287.66370012253844,368.915921656608,-0.04680713909246501,0.059095535123142424,-535.0546354671133,185.09843985895785,push,-156.27276477796383
tariff_16,HIGH,tariff_12,no_history_for_cell,0,,,0.01300066077688522,0.11045316698496423,0.18627909731638811,0.09221311475409837,0.0,0.12698924056376656,0.0016509440388838015,0.03261404653900318,1.3756613756613756,0.5502645502645502,0.5278201149369682,2,4006.234579175941,0.0008254720194419007,0.01630702326950159,3.307034548430337,2430.87549504455,0.0010731136252744712,0.02119913025035207,0.2991449129594397,1438.3878668902662,0.001403302433051231,0.027721939558152706,-16.37804126766843,841.1333892887717,0.0019811328466605616,0.03913685584680382,-152.0631170837672,422.02699566745673,push,3.307034548430337
tariff_16,HIGH,tariff_11,history_sparse,3,0.029180161011897816,0.2,-0.05043825058790092,0.10422864394749207,0.1826570836817808,0.15680938029221111,0.07071864277977973,0.1776883067044867,-0.008962287340100695,0.04088365242640379,0.8465608465608465,0.3386243386243386,0.3912216917958323,2,4006.234579175941,-0.004481143670050348,0.020441826213201893,-17.952512725211086,1546.9373090314773,-0.005825486771065452,0.026574374077162462,-27.338266542774413,915.3475201369689,-0.007617944239085591,0.034751104562443215,-52.519271632858846,535.2724252704076,-0.010754744808120834,0.04906038291168454,-203.0860305405066,268.56550504018713,push,-17.952512725211086
tariff_16,HIGH,tariff_10,no_history_for_cell,0,,,-0.09860200307705605,0.11045316698496423,0.18627909731638811,0.09221311475409837,0.0,0.12698924056376656,-0.012521393488821522,0.034666808157932286,0.5291005291005291,0.21164021164021163,0.2982903432576618,2,4006.234579175941,-0.006260696744410761,0.017333404078966143,-25.08181978719263,2151.5149816172184,-0.00813890576773399,0.022533425302655986,-36.606365723350414,1273.0857879391824,-0.010643184465498293,0.029466786934242442,-64.63909363822746,744.4688517706637,-0.015025672186585825,0.04160016978951874,-220.1963674892623,373.5269065307671,push,-25.08181978719263
tariff_16,HIGH,tariff_14,unseen_target,0,,,-0.10069455302431747,0.3253107191510113,0.3582276706154176,0.09221311475409837,0.0,0.12698924056376656,-0.012787124817466,0.06380619791953174,0.513227513227513,0.20529100529100522,0.38932032460699867,2,4006.234579175941,-0.006393562408733,0.03190309895976587,-25.614110805985565,635.1062044846806,-0.0083116311313529,0.04147402864769563,-37.298344047781235,375.80248786075765,-0.010869056094846098,0.05423526823160198,-65.54398837017546,219.75993234764033,-0.015344549780959199,0.07656743750343808,-221.47386593436534,110.26149383414591,push,-25.614110805985565
tariff_16,HIGH,tariff_1,history_sparse,1,-0.2660151259317279,0.06666666666666667,-0.2653471847788578,0.1073858405684939,0.18447687864499981,0.044737034473719205,0.04020500137329485,0.0506937014086922,-0.013451430954816494,0.0210244987119934,-0.7354497354497355,-0.2941798941798942,0.07516364545791326,2,4006.234579175941,-0.006725715477408247,0.0105122493559967,-26.94479391529174,5849.527532419658,-0.008743430120630722,0.01366592416279571,-39.02823208987927,3461.258894922875,-0.01143371631159402,0.01787082390519439,-67.80614965599597,2024.057969695384,-0.01614171714577979,0.02522939845439208,-224.66750539670016,1015.542974378413,push,-26.94479391529174
tariff_16,HIGH,tariff_19,unseen_target,0,,,-0.11185481940971158,0.30405489902621824,0.3390418582149463,0.09221311475409837,0.0,0.12698924056376656,-0.014204358570236528,0.060797963997276626,0.4285714285714285,0.1714285714285714,0.37073228984954865,2,4006.234579175941,-0.007102179285118264,0.030398981998638313,-28.452996239547854,699.5101444486629,-0.009232833070653744,0.03951867659822981,-40.98889511141221,413.9113280761319,-0.012073704784701048,0.051678269397685134,-70.37009360723135,242.04503268119822,-0.017045230284283834,0.07295755679673195,-228.28719097491484,121.44273341122623,push,-28.452996239547854
tariff_16,HIGH,tariff_20,unseen_target,0,,,-0.11952750254967004,0.2895689142043889,0.3261137164755704,0.09221311475409837,0.0,0.12698924056376656,-0.01517870677526627,0.05881383009662954,0.37037037037037035,0.14814814814814814,0.3569881989547522,2,4006.234579175941,-0.007589353387633135,0.02940691504831477,-30.40472997512193,747.503384887168,-0.009866159403923077,0.03822898956280921,-43.526148967658514,442.3096951995075,-0.012901900758976329,0.04999175558213511,-73.68804095770729,258.6516902723764,-0.018214448130319524,0.07057659611595545,-232.97135194029264,129.77489320957778,push,-30.40472997512193
tariff_16,HIGH,tariff_18,unseen_target,0,,,-0.12650266904054136,0.27650580076349246,0.31457186437420015,0.09221311475409837,0.0,0.12698924056376656,-0.016064477870747853,0.05707646520697217,0.31746031746031744,0.12698412698412698,0.3437896331075176,2,4006.234579175941,-0.008032238935373926,0.028538232603486084,-32.17903337109837,793.7028700197877,-0.010441910615986105,0.03709970238453191,-45.83274338242788,469.64666865076185,-0.013654806190135673,0.04851499542592634,-76.70435673086722,274.63767128712374,-0.01927737344489742,0.0684917582483666,-237.22968009063607,137.7956371562131,push,-32.17903337109837
tariff_16,HIGH,tariff_21,no_history_for_cell,0,,,-0.12650266904054136,0.11045316698496423,0.18627909731638811,0.09221311475409837,0.0,0.12698924056376656,-0.016064477870747853,0.035952539585619,0.31746031746031744,0.12698412698412698,0.24853634302885141,2,4006.234579175941,-0.008032238935373926,0.0179762697928095,-32.17903337109837,2000.3820210274612,-0.010441910615986105,0.023369150730652353,-45.83274338242788,1183.6580006079653,-0.013654806190135673,0.030559658647776152,-76.70435673086722,692.1737096980835,-0.01927737344489742,0.0431430475027428,-237.22968009063607,347.28854531726756,push,-32.17903337109837
tariff_16,HIGH,tariff_5,unseen_target,0,,,-0.13347783553141268,0.2635591144925236,0.30325468971160724,0.09221311475409837,0.0,0.12698924056376656,-0.016950248966229434,0.05540848412991343,0.26455026455026454,0.10582010582010581,0.32991389627505685,2,4006.234579175941,-0.008475124483114717,0.027704242064956714,-33.9533367670748,842.2083659640715,-0.011017661828049133,0.03601551468444373,-48.13933779719724,498.3481455408707,-0.014407711621295017,0.04709721151042641,-79.72067250402716,291.42157991836393,-0.02034029875947532,0.06649018095589611,-241.48800824097952,146.21673020209576,push,-33.9533367670748
tariff_16,HIGH,tariff_6,unseen_target,0,,,-0.13347783553141268,0.2635591144925236,0.30325468971160724,0.09221311475409837,0.0,0.12698924056376656,-0.016950248966229434,0.05540848412991343,0.26455026455026454,0.10582010582010581,0.32991389627505685,2,4006.234579175941,-0.008475124483114717,0.027704242064956714,-33.9533367670748,842.2083659640715,-0.011017661828049133,0.03601551468444373,-48.13933779719724,498.3481455408707,-0.014407711621295017,0.04709721151042641,-79.72067250402716,291.42157991836393,-0.02034029875947532,0.06649018095589611,-241.48800824097952,146.21673020209576,push,-33.9533367670748
tariff_16,HIGH,tariff_7,unseen_target,0,,,-0.13347783553141268,0.2635591144925236,0.30325468971160724,0.09221311475409837,0.0,0.12698924056376656,-0.016950248966229434,0.05540848412991343,0.26455026455026454,0.10582010582010581,0.32991389627505685,2,4006.234579175941,-0.008475124483114717,0.027704242064956714,-33.9533367670748,842.2083659640715,-0.011017661828049133,0.03601551468444373,-48.13933779719724,498.3481455408707,-0.014407711621295017,0.04709721151042641,-79.72067250402716,291.42157991836393,-0.02034029875947532,0.06649018095589611,-241.48800824097952,146.21673020209576,push,-33.9533367670748
tariff_16,HIGH,tariff_3,unseen_target,0,,,-0.14045300202228403,0.2507468903140729,0.29218830059086504,0.09221311475409837,0.0,0.12698924056376656,-0.01783602006171102,0.053816338688094476,0.21164021164021163,0.08465608465608465,0.31536719382131995,2,4006.234579175941,-0.00891801003085551,0.026908169344047238,-35.72764016305124,892.7786440790967,-0.011593413040112164,0.03498062014726141,-50.44593221196662,528.2713870290513,-0.015160617052454365,0.045743887884880305,-82.7369882771871,308.9199460481303,-0.02140322407405322,0.06457960642571337,-245.74633639132298,154.99629237484316,push,-35.72764016305124
tariff_16,HIGH,tariff_17,unseen_target,0,,,-0.15440333500402667,0.22561723543200618,0.27093013291987533,0.09221311475409837,0.0,0.12698924056376656,-0.019607562252674182,0.05088769587748434,0.10582010582010581,0.042328042328042326,0.2843724466801385,2,4006.234579175941,-0.009803781126337091,0.02544384793874217,-39.276246955004105,998.4964259023292,-0.01274491546423822,0.03307700232036482,-55.05912104150534,590.8262875161711,-0.016666427914773053,0.043254541495861686,-88.76961982350697,345.5004933918094,-0.023529074703209016,0.061065235052981205,-254.26299269200985,173.35007394137656,push,-39.276246955004105
tariff_16,HIGH,tariff_9,no_history_for_cell,0,,,-0.16835366798576934,0.11045316698496423,0.18627909731638811,0.09221311475409837,0.0,0.12698924056376656,-0.02137910444363735,0.0383534039448705,0.0,0.0,0.18305838983725592,2,4006.234579175941,-0.010689552221818674,0.01917670197243525,-42.82485374695698,1757.7789516268076,-0.013896417888364277,0.02492971256416583,-59.67230987104408,1040.1058885365724,-0.018172238777091745,0.032600393353139925,-94.80225136982686,608.2280109435321,-0.025654925332364818,0.0460240847338446,-262.77964899269676,305.1699568796541,push,-42.82485374695698
tariff_16,HIGH,tariff_15,unseen_target,0,,,-0.18927916745838333,0.16739861893469177,0.2247716566234323,0.09221311475409837,0.0,0.12698924056376656,-0.024036417730082096,0.04542105956403987,-0.1587301587301588,-0.06349206349206353,0.1998672911863245,2,4006.234579175941,-0.012018208865041048,0.022710529782019935,-48.147763934886285,1253.3072926896577,-0.015623671524553365,0.029523688716625918,-66.59209311535218,741.6019483370754,-0.02043095507056978,0.03860790062943389,-103.85119868930667,433.6703434912311,-0.028843701276098515,0.05450527147684784,-275.5546334437271,217.58807164751008,push,-48.147763934886285
tariff_16,HIGH,tariff_2,unseen_target,0,,,-0.19555681730016752,0.15802776606178426,0.21788247943898106,0.09221311475409837,0.0,0.12698924056376656,-0.02483361171601552,0.04477426180249508,-0.2063492063492064,-0.08253968253968257,0.1847171615716358,2,4006.234579175941,-0.01241680585800776,0.02238713090124754,-49.744636991265075,1289.7787583633235,-0.016141847615410092,0.029103270171621804,-68.66802808864462,763.1826972564045,-0.02110856995861319,0.03805812253212082,-106.56588288515061,446.29022780737847,-0.029800334059218624,0.05372911416299409,-279.3871287790362,223.91992332696597,push,-49.744636991265075
tariff_16,HIGH,tariff_4,history_sparse,3,0.07431700700493969,0.2,-0.12542017707251285,0.10320347709311752,0.18207404450967093,0.20069157332661947,0.0778944973676508,0.2274133458586064,-0.02852222210623902,0.05405058463323538,0.05291005291005291,0.021164021164021163,0.24546147521567852,2,4006.234579175941,-0.01426111105311951,0.02702529231661769,-57.1333562384756,885.0571138702323,-0.018539444369055365,0.035132880011602995,-78.27336311001828,523.702434242741,-0.02424388879030317,0.045942996938250075,-119.12670560540852,306.24813628727765,-0.03422666652748683,0.06486070155988245,-297.12005497234145,153.65574893580424,push,-57.1333562384756
tariff_16,HIGH,tariff_13,history_sparse,4,-0.1324116196096088,0.26666666666666666,-0.19926786481536124,0.1019699217525356,0.18137768589939127,0.1632738376770983,0.07188445580892658,0.18501349659008803,-0.03686724442753096,0.049502988840259346,-0.2116402116402117,-0.08465608465608469,0.13596366342230498,2,4006.234579175941,-0.01843362221376548,0.024751494420129673,-73.84941473225302,1055.1379574869643,-0.023963708877895125,0.03217694274616858,-100.00423915192893,624.3419866786769,-0.03133715776340131,0.04207754051422044,-147.5440050448301,365.09963926884586,-0.044240693313037156,0.059403586608311215,-337.23859535740723,183.18367317482014,push,-73.84941473225302
tariff_16,HIGH,tariff_8,history_sparse,4,0.053974074604831807,0.26666666666666666,-0.11054939755230414,0.10109814543619926,0.18088901296275264,0.32108566031247043,0.09080357780643758,0.36383771928501635,-0.04022204067376291,0.0814384743012999,0.26455026455026454,0.10582010582010581,0.2705518289050548,2,4006.234579175941,-0.020111020336881454,0.04071923715064995,-80.56946509612506,389.863727839299,-0.02614432643794589,0.05293500829584494,-108.74030462496258,230.6885963546148,-0.03418873457269847,0.06922270315610492,-158.9680906634126,134.9009438890308,-0.04826644880851549,0.09772616916155988,-353.36671623070015,67.68467497210051,push,-80.56946509612506
